"","Pkey","Sousa_ID","SizeClass","PlasticType","Length","Area","Perim.","Size"
"1",1,"SC140507","106","PE",324.209,48069.22,891.474,"XL"
"2",2,"SC140507","106","PE",264.312,24355.071,640.853,"L"
"3",3,"SC140507","106","PE",129.089,3204.615,274.137,"M"
"4",4,"SC140507","106","PE",192.804,8331.998,417.349,"L"
"5",5,"SC140507","106","PE",126.582,7050.152,280.28,"M"
"6",6,"SC140507","106","PE",197.728,16023.073,545.73,"L"
"7",7,"SC140507","106","PE",113.219,6409.229,286.423,"M"
"8",8,"SC140507","106","PE",313.147,35250.761,784.065,"XL"
"9",9,"SC140507","106","PE",35.803,640.923,71.606,"S"
"10",10,"SC140507","106","PE",927.08,285851.626,2457.059,"XL"
"11",11,"SC140507","106","PE",192.804,17304.919,495.097,"L"
"12",12,"SC140507","106","PE",240.173,21150.457,581.533,"L"
"13",13,"SC140507","106","PE",295.238,28200.609,861.813,"L"
"14",14,"SC140507","106","PE",272.667,29482.455,739.575,"L"
"15",15,"SC140507","106","PE",317.214,31405.224,739.575,"XL"
"16",16,"SC140507","106","PE",521.912,153821.503,1553.3,"XL"
"17",17,"SC140507","106","PE",71.606,1922.769,143.211,"S"
"18",18,"SC140507","106","PE",288.652,37814.453,739.575,"L"
"19",19,"SC140507","106","PE",162.104,9613.844,366.716,"L"
"20",20,"SC140507","106","PE",136.333,7050.152,322.226,"M"
"21",21,"SC140507","106","PE",421.35,37173.53,1067.943,"XL"
"22",22,"SC140507","106","PE",113.219,4486.461,244.477,"M"
"23",23,"SC140507","106","PE",91.28,3204.615,193.844,"S"
"24",24,"SC140507","106","PE",305.9,29482.455,724.745,"XL"
"25",25,"SC140507","106","PE",162.104,11536.613,387.689,"L"
"26",1,"SC140507","106","PET",170.337,8330.939,399.26,"L"
"27",2,"SC140507","106","PET",23.97,287.274,47.939,"XL"
"28",3,"SC140507","106","PET",239.697,17810.974,568.752,"L"
"29",4,"SC140507","106","PET",204.095,6320.023,434.862,"L"
"30",5,"SC140507","106","PET",53.598,1149.095,119.849,"S"
"31",6,"SC140507","106","PET",1412.791,98534.904,3108.131,"XL"
"32",7,"SC140507","106","PET",159.898,11490.951,403.373,"L"
"33",8,"SC140507","106","PET",647.626,78713.014,1802.84,"XL"
"34",9,"SC140507","106","PET",176.954,15512.784,457.128,"L"
"35",10,"SC140507","106","PET",267.99,16949.153,629.029,"L"
"36",11,"SC140507","106","PET",1184.017,59752.945,2680.789,"XL"
"37",12,"SC140507","106","PET",994.816,89342.143,2944.455,"XL"
"38",13,"SC140507","106","PET",1622.256,81873.025,4004.234,"XL"
"39",14,"SC140507","106","PET",357.543,20109.164,808.449,"XL"
"40",15,"SC140507","106","PET",456.37,24705.544,1001.91,"XL"
"41",16,"SC140507","106","PET",341.095,18098.248,766.325,"XL"
"42",1,"SC140507","106","PP",541.038,158894.308,1536.142,"XL"
"43",2,"SC140507","106","PP",354.621,39936.003,835.337,"XL"
"44",3,"SC140507","106","PP",322.628,49282.727,854.484,"XL"
"45",4,"SC140507","106","PP",194.452,15294.639,456.392,"L"
"46",5,"SC140507","106","PP",1152.241,440145.731,3291.336,"XL"
"47",6,"SC140507","106","PP",150.057,13170.384,403.094,"L"
"48",7,"SC140507","106","PP",260.722,20817.704,638.363,"L"
"49",8,"SC140507","106","PP",212.213,16569.193,497.616,"L"
"50",9,"SC140507","106","PP",87.449,2973.958,174.898,"S"
"51",10,"SC140507","106","PP",206.119,19543.15,514.691,"L"
"52",11,"SC140507","106","PP",138.269,9346.724,339.793,"M"
"53",12,"SC140507","106","PP",120.187,6372.766,286.495,"M"
"54",13,"SC140507","106","PP",190.032,18693.448,480.54,"L"
"55",14,"SC140507","106","PP",195.542,21667.406,531.767,"L"
"56",15,"SC140507","106","PP",148.635,11046.128,381.017,"M"
"57",16,"SC140507","106","PP",148.635,10621.277,368.943,"M"
"58",17,"SC140507","106","PP",131.981,9346.724,327.719,"M"
"59",18,"SC140507","106","PP",360.561,42485.109,864.487,"XL"
"60",19,"SC140507","106","PP",263.961,18693.448,696.662,"L"
"61",20,"SC140507","106","PP",110.999,5523.064,274.421,"M"
"62",21,"SC140507","106","PP",138.269,8497.022,315.645,"M"
"63",22,"SC140507","106","PP",194.452,19543.15,509.69,"L"
"64",23,"SC140507","106","PP",120.187,8072.171,303.571,"M"
"65",24,"SC140507","106","PP",120.187,5947.915,274.421,"M"
"66",25,"SC140507","106","PP",92.179,4248.511,228.196,"S"
"67",26,"SC140507","106","PP",306.418,41635.407,784.111,"XL"
"68",27,"SC140507","106","PP",176.108,14444.937,427.242,"L"
"69",28,"SC140507","106","PP",148.635,9346.724,344.795,"M"
"70",29,"SC140507","106","PP",145.748,6372.766,339.793,"M"
"71",30,"SC140507","106","PP",120.187,6372.766,286.495,"M"
"72",31,"SC140507","106","PP",131.981,6372.766,291.497,"M"
"73",32,"SC140507","106","PP",166.179,17418.895,456.392,"L"
"74",33,"SC140507","106","PP",148.635,9346.724,361.87,"M"
"75",34,"SC140507","106","PP",241.256,25066.214,585.065,"L"
"76",35,"SC140507","106","PP",203.004,18693.448,490.543,"L"
"77",36,"SC140507","106","PP",120.187,5523.064,257.346,"M"
"78",37,"SC140507","106","PP",177.31,14444.937,432.243,"L"
"79",38,"SC140507","106","PP",110.999,6372.766,274.421,"M"
"80",39,"SC140507","106","PP",138.269,9771.575,356.869,"M"
"81",40,"SC140507","106","PP",177.31,16569.193,451.391,"L"
"82",41,"SC140507","106","PP",120.187,7222.469,286.495,"M"
"83",42,"SC140507","106","PP",148.635,10196.426,356.869,"M"
"84",43,"SC140507","106","PP",195.542,16994.044,485.541,"L"
"85",44,"SC140507","106","PP",184.359,14869.788,444.318,"L"
"86",45,"SC140507","106","PP",116.599,5947.915,274.421,"M"
"87",46,"SC140507","106","PP",103.06,5098.213,257.346,"M"
"88",47,"SC140507","106","PP",203.004,21667.406,519.692,"L"
"89",48,"SC140507","106","PP",148.635,10196.426,344.795,"M"
"90",49,"SC140507","106","PP",74.317,2549.107,157.822,"S"
"91",50,"SC140507","106","PP",148.635,11470.979,373.944,"M"
"92",51,"SC140507","106","PP",235.012,12320.682,521.764,"L"
"93",52,"SC140507","106","PP",1121.409,189058.736,3313.413,"XL"
"94",53,"SC140507","106","PP",424.926,46308.769,1148.053,"XL"
"95",54,"SC140507","106","PP",260.722,32713.534,713.737,"L"
"96",55,"SC140507","106","PP",138.269,11046.128,361.87,"M"
"97",56,"SC140507","106","PP",120.187,6797.617,298.569,"M"
"98",57,"SC140507","106","PP",148.635,12320.682,386.018,"M"
"99",58,"SC140507","106","PP",194.452,18268.597,485.541,"L"
"100",59,"SC140507","106","PP",190.032,17418.895,468.466,"L"
"101",60,"SC140507","106","PP",359.972,28040.172,971.083,"XL"
"102",61,"SC140507","106","PP",131.981,9346.724,327.719,"M"
"103",62,"SC140507","106","PP",131.981,8921.873,327.719,"M"
"104",63,"SC140507","106","PP",156.976,12320.682,398.093,"L"
"105",64,"SC140507","106","PP",166.179,12745.533,432.243,"L"
"106",65,"SC140507","106","PP",204.048,20392.852,550.914,"L"
"107",66,"SC140507","106","PP",184.359,17843.746,485.541,"L"
"108",67,"SC140507","106","PP",393.79,78172.601,1123.904,"XL"
"109",68,"SC140507","106","PP",148.635,11895.831,373.944,"M"
"110",69,"SC140507","106","PP",210.201,15294.639,531.767,"L"
"111",70,"SC140507","106","PP",612.143,56505.195,1313.806,"XL"
"112",71,"SC140507","106","PP",1160.874,463937.393,3187.67,"XL"
"113",72,"SC140507","106","PP",203.004,15294.639,514.691,"L"
"114",73,"SC140507","106","PP",593.466,164417.373,1633.594,"XL"
"115",74,"SC140507","106","PP",138.269,8072.171,315.645,"M"
"116",75,"SC140507","106","PP",184.359,17843.746,468.466,"L"
"117",76,"SC140507","106","PP",295.118,26765.619,679.586,"L"
"118",77,"SC140507","106","PP",156.976,13595.235,415.168,"L"
"119",78,"SC140507","106","PP",194.452,13170.384,427.242,"L"
"120",79,"SC140507","106","PP",120.187,5523.064,274.421,"M"
"121",80,"SC140507","106","PP",120.187,7647.32,303.571,"M"
"122",81,"SC140507","106","PP",206.119,19543.15,497.616,"L"
"123",82,"SC140507","106","PP",92.179,4248.511,233.197,"S"
"124",83,"SC140507","106","PP",103.06,4673.362,228.196,"M"
"125",84,"SC140507","106","PP",138.269,9771.575,361.87,"M"
"126",85,"SC140507","106","PP",190.032,17418.895,468.466,"L"
"127",86,"SC140507","106","PP",156.976,11046.128,386.018,"L"
"128",87,"SC140507","106","PP",87.449,3398.809,186.972,"S"
"129",88,"SC140507","106","PP",380.065,71799.835,1031.454,"XL"
"130",89,"SC140507","106","PP",177.31,15719.49,444.318,"L"
"131",90,"SC140507","106","PP",271.107,17418.895,626.288,"L"
"132",91,"SC140507","106","PP",120.187,7222.469,298.569,"M"
"133",92,"SC140507","106","PP",160.984,13595.235,415.168,"L"
"134",93,"SC140507","106","PP",120.187,6797.617,274.421,"M"
"135",94,"SC140507","106","PP",120.187,6372.766,274.421,"M"
"136",95,"SC140507","106","PP",417.359,31438.981,944.005,"XL"
"137",96,"SC140507","106","PP",92.179,3823.66,216.122,"S"
"138",97,"SC140507","106","PP",92.179,4248.511,216.122,"S"
"139",98,"SC140507","106","PP",260.722,24216.512,638.363,"L"
"140",99,"SC140507","106","PP",263.961,29739.576,679.586,"L"
"141",1,"SC140507","106","PS",309.544,33642.646,772.949,"XL"
"142",2,"SC140507","106","PS",87.552,2980.994,175.105,"S"
"143",3,"SC140507","106","PS",103.181,3832.707,216.377,"M"
"144",4,"SC140507","106","PS",258.572,24273.808,644.125,"L"
"145",5,"SC140507","106","PS",530.557,44714.909,1246.117,"XL"
"146",6,"SC140507","106","PS",360.397,34920.215,838.399,"XL"
"147",7,"SC140507","106","PS",414.784,71543.855,1183.601,"XL"
"148",8,"SC140507","106","PS",264.273,12349.832,597.845,"L"
"149",9,"SC140507","106","PS",132.137,8517.126,316.018,"M"
"150",10,"SC140507","106","PS",58.368,1277.569,116.736,"S"
"151",11,"SC140507","106","PS",166.375,9368.838,369.379,"L"
"152",12,"SC140507","106","PS",120.329,6387.844,333.114,"M"
"153",13,"SC140507","106","PS",145.921,7665.413,345.202,"M"
"154",14,"SC140507","106","PS",85.086,2555.138,199.282,"S"
"155",15,"SC140507","106","PS",350.209,24273.808,831.318,"XL"
"156",16,"SC140507","106","PS",827.77,149049.697,2834.148,"XL"
"157",17,"SC140507","106","PS",555.649,94965.95,1774.365,"XL"
"158",18,"SC140507","106","PS",190.257,11072.263,439.836,"L"
"159",19,"SC140507","106","PS",29.184,425.856,58.368,"XL"
"160",20,"SC140507","106","PS",264.273,22570.383,627.029,"L"
"161",21,"SC140507","106","PS",1028.093,261049.898,4749.426,"XL"
"162",22,"SC140507","106","PS",92.288,3832.707,216.377,"S"
"163",23,"SC140507","106","PS",132.137,7665.413,316.018,"M"
"164",24,"SC140507","106","PS",215.449,17034.251,544.484,"L"
"165",25,"SC140507","106","PS",255.257,28106.514,661.22,"L"
"166",26,"SC140507","106","PS",351.423,28106.514,872.59,"XL"
"167",27,"SC140507","106","PS",1032.021,244015.647,3030.497,"XL"
"168",28,"SC140507","106","PS",280.684,28106.514,843.406,"L"
"169",29,"SC140507","106","PS",116.736,6813.7,286.834,"M"
"170",30,"SC140507","106","PS",29.184,425.856,58.368,"XL"
"171",31,"SC140507","106","PS",46.144,851.713,87.552,"S"
"172",32,"SC140507","106","PS",103.181,5961.988,257.65,"M"
"173",33,"SC140507","106","PS",132.137,6387.844,286.834,"M"
"174",34,"SC140507","106","PS",132.137,6813.7,286.834,"M"
"175",35,"SC140507","106","PS",74.405,2129.281,158.009,"S"
"176",36,"SC140507","106","PS",103.181,5110.275,257.65,"M"
"177",37,"SC140507","106","PS",261.031,18311.82,673.309,"L"
"178",38,"SC140507","106","PS",74.405,2129.281,145.921,"S"
"179",39,"SC140507","106","PS",150.234,8091.269,357.291,"L"
"180",40,"SC140507","106","PS",161.175,10220.551,391.482,"L"
"181",41,"SC140507","106","PS",74.405,2555.138,175.105,"S"
"182",42,"SC140507","106","PS",87.552,2980.994,175.105,"S"
"183",43,"SC140507","106","PS",300.469,30235.796,908.856,"XL"
"184",44,"SC140507","106","PS",255.257,17460.107,597.845,"L"
"185",45,"SC140507","106","PS",46.144,851.713,87.552,"S"
"186",46,"SC140507","106","PS",138.432,9368.838,362.298,"M"
"187",47,"SC140507","106","PS",92.288,3406.85,216.377,"S"
"188",48,"SC140507","106","PS",58.368,1703.425,116.736,"S"
"189",49,"SC140507","106","PS",157.161,10220.551,386.475,"L"
"190",50,"SC140507","106","PS",145.921,7239.557,328.107,"M"
"191",51,"SC140507","106","PS",150.234,7665.413,340.195,"L"
"192",52,"SC140507","106","PS",396.947,37049.496,1018.511,"XL"
"193",53,"SC140507","106","PS",132.137,6813.7,333.114,"M"
"194",54,"SC140507","106","PS",222.26,15330.826,614.94,"L"
"195",55,"SC140507","106","PS",398.553,25551.377,908.856,"XL"
"196",56,"SC140507","106","PS",258.572,26403.089,709.574,"L"
"197",57,"SC140507","106","PS",103.181,4258.563,216.377,"M"
"198",58,"SC140507","106","PS",111.13,3832.707,240.554,"M"
"199",59,"SC140507","106","PS",240.658,16608.395,614.94,"L"
"200",60,"SC140507","106","PS",103.181,3406.85,233.473,"M"
"201",61,"SC140507","106","PS",186.87,10646.407,456.931,"L"
"202",62,"SC140507","106","PS",132.137,6387.844,291.841,"M"
"203",63,"SC140507","106","PS",46.144,851.713,87.552,"S"
"204",64,"SC140507","106","PS",223.216,26828.946,627.029,"L"
"205",65,"SC140507","106","PS",295.467,24699.664,726.67,"L"
"206",66,"SC140507","106","PS",46.144,851.713,99.641,"S"
"207",67,"SC140507","106","PS",58.368,1703.425,116.736,"S"
"208",68,"SC140507","106","PS",532.56,79635.124,1997.823,"XL"
"209",69,"SC140507","106","PS",132.137,8091.269,311.011,"M"
"210",70,"SC140507","106","PS",120.329,6813.7,286.834,"M"
"211",71,"SC140507","106","PS",194.682,12775.688,456.931,"L"
"212",72,"SC140507","106","PS",29.184,425.856,58.368,"XL"
"213",73,"SC140507","106","PS",235.29,15330.826,551.565,"L"
"214",74,"SC140507","106","PS",206.363,13201.545,498.204,"L"
"215",75,"SC140507","106","PS",46.144,851.713,87.552,"S"
"216",76,"SC140507","106","PS",177.52,11498.12,427.747,"L"
"217",77,"SC140507","106","PS",130.515,5536.132,298.922,"M"
"218",78,"SC140507","106","PS",206.363,18737.676,520.307,"L"
"219",79,"SC140507","106","PS",206.363,10646.407,544.484,"L"
"220",80,"SC140507","106","PS",322.349,35346.071,831.318,"XL"
"221",81,"SC140507","106","PS",29.184,425.856,58.368,"XL"
"222",82,"SC140507","106","PS",58.368,1703.425,116.736,"S"
"223",83,"SC140507","106","PS",176.317,12349.832,415.659,"L"
"224",84,"SC140507","106","PS",204.289,11072.263,444.843,"L"
"225",85,"SC140507","106","PS",251.898,20866.958,561.579,"L"
"226",86,"SC140507","106","PS",111.13,4258.563,257.65,"M"
"227",87,"SC140507","106","PS",230.721,14479.113,539.477,"L"
"228",88,"SC140507","106","PS",29.184,425.856,58.368,"XL"
"229",89,"SC140507","106","PS",29.184,425.856,58.368,"XL"
"230",90,"SC140507","106","PS",46.144,851.713,87.552,"S"
"231",91,"SC140507","106","PS",85.086,1703.425,182.186,"S"
"232",92,"SC140507","106","PS",74.405,1703.425,158.009,"S"
"233",93,"SC140507","106","PS",444.519,54509.604,1118.152,"XL"
"234",94,"SC140507","106","PS",111.13,5536.132,269.738,"M"
"235",95,"SC140507","106","PS",103.181,3832.707,245.561,"M"
"236",96,"SC140507","106","PS",255.257,16182.539,632.036,"L"
"237",97,"SC140507","106","PS",29.184,425.856,58.368,"XL"
"238",98,"SC140507","106","PS",120.329,7239.557,286.834,"M"
"239",99,"SC140507","106","PS",161.175,8091.269,345.202,"L"
"240",100,"SC140507","106","PS",103.181,3832.707,216.377,"M"
"241",101,"SC140507","106","PS",65.258,1703.425,158.009,"S"
"242",102,"SC140507","106","PS",555.649,144791.135,1723.078,"XL"
"243",103,"SC140507","106","PS",29.184,425.856,58.368,"XL"
"244",104,"SC140507","106","PS",111.13,5536.132,262.657,"M"
"245",105,"SC140507","106","PS",206.363,19163.533,515.3,"L"
"246",106,"SC140507","106","PS",103.181,3832.707,233.473,"M"
"247",107,"SC140507","106","PS",103.181,4258.563,257.65,"M"
"248",108,"SC140507","106","PS",103.181,4258.563,216.377,"M"
"249",109,"SC140507","106","PS",145.921,9368.838,340.195,"M"
"250",110,"SC140507","106","PS",170.171,14053.257,449.85,"L"
"251",111,"SC140507","106","PS",92.288,2980.994,199.282,"S"
"252",112,"SC140507","106","PS",74.405,2129.281,158.009,"S"
"253",113,"SC140507","106","PS",235.29,23422.095,602.852,"L"
"254",114,"SC140507","106","PS",87.552,2980.994,187.193,"S"
"255",115,"SC140507","106","PS",74.405,2129.281,158.009,"S"
"256",116,"SC140507","106","PS",132.137,6387.844,286.834,"M"
"257",117,"SC140507","106","PS",335.934,27254.802,860.502,"XL"
"258",118,"SC140507","106","PS",29.184,425.856,58.368,"XL"
"259",119,"SC140507","106","PS",176.317,14053.257,432.755,"L"
"260",120,"SC140507","106","PS",92.288,3406.85,216.377,"S"
"261",121,"SC140507","106","PS",92.288,3832.707,216.377,"S"
"262",122,"SC140507","106","PS",138.432,7239.557,316.018,"M"
"263",123,"SC140507","106","PS",92.288,3406.85,216.377,"S"
"264",124,"SC140507","106","PS",46.144,851.713,87.552,"S"
"265",125,"SC140507","106","PS",613.561,114555.339,1570.076,"XL"
"266",126,"SC140507","106","PS",120.329,4258.563,257.65,"M"
"267",127,"SC140507","106","PS",241.542,26403.089,678.316,"L"
"268",128,"SC140507","106","PS",458.2,51102.753,1528.803,"XL"
"269",129,"SC140507","106","PS",111.13,2980.994,240.554,"M"
"270",130,"SC140507","106","PS",46.144,851.713,99.641,"S"
"271",131,"SC140507","106","PS",74.405,2555.138,175.105,"S"
"272",132,"SC140507","106","PS",219.367,17885.964,549.491,"L"
"273",133,"SC140507","106","PS",458.2,68562.861,1329.522,"XL"
"274",134,"SC140507","106","PS",58.368,1277.569,116.736,"S"
"275",135,"SC140507","106","PS",58.368,1277.569,116.736,"S"
"276",136,"SC140507","106","PS",177.52,10646.407,403.57,"L"
"277",137,"SC140507","106","PS",46.144,851.713,99.641,"S"
"278",138,"SC140507","106","PS",241.542,20015.245,580.749,"L"
"279",139,"SC140507","106","PS",46.144,851.713,87.552,"S"
"280",140,"SC140507","106","PS",314.999,20441.101,702.493,"XL"
"281",141,"SC140507","106","PS",120.329,5961.988,286.834,"M"
"282",142,"SC140507","106","PS",58.368,1703.425,116.736,"S"
"283",143,"SC140507","106","PS",204.289,17460.107,510.292,"L"
"284",144,"SC140507","106","PS",203.244,17460.107,498.204,"L"
"285",145,"SC140507","106","PS",195.773,11072.263,434.829,"L"
"286",146,"SC140507","106","PS",203.244,14904.97,486.116,"L"
"287",147,"SC140507","106","PS",443.08,51528.61,1307.419,"XL"
"288",148,"SC140507","106","PS",58.368,1277.569,116.736,"S"
"289",149,"SC140507","106","PS",190.257,14053.257,456.931,"L"
"290",150,"SC140507","106","PS",46.144,851.713,99.641,"S"
"291",151,"SC140507","106","PS",206.363,10646.407,444.843,"L"
"292",152,"SC140507","106","PS",184.577,9368.838,479.034,"L"
"293",153,"SC140507","106","PS",92.288,2555.138,204.289,"S"
"294",154,"SC140507","106","PS",92.288,4258.563,233.473,"S"
"295",155,"SC140507","106","PS",148.81,12775.688,386.475,"M"
"296",156,"SC140507","106","PS",74.405,2129.281,158.009,"S"
"297",157,"SC140507","106","PS",116.736,5961.988,286.834,"M"
"298",158,"SC140507","106","PS",166.375,9794.694,369.379,"L"
"299",159,"SC140507","106","PS",130.515,7239.557,316.018,"M"
"300",160,"SC140507","106","PS",271.428,22144.526,731.677,"L"
"301",161,"SC140507","106","PS",175.105,10646.407,386.475,"L"
"302",162,"SC140507","106","PS",176.317,14053.257,432.755,"L"
"303",163,"SC140507","106","PS",332.75,30235.796,792.119,"XL"
"304",164,"SC140507","106","PS",74.405,2555.138,158.009,"S"
"305",165,"SC140507","106","PS",111.13,4258.563,240.554,"M"
"306",166,"SC140507","106","PS",103.181,4258.563,216.377,"M"
"307",167,"SC140507","106","PS",111.13,4684.419,245.561,"M"
"308",168,"SC140507","106","PS",360.988,43437.34,896.767,"XL"
"309",169,"SC140507","106","PS",241.542,25125.52,644.125,"L"
"310",170,"SC140507","106","PS",46.144,851.713,87.552,"S"
"311",171,"SC140507","106","PS",166.375,9368.838,415.659,"L"
"312",172,"SC140507","106","PS",176.317,14053.257,432.755,"L"
"313",173,"SC140507","106","PS",291.841,27254.802,862.576,"L"
"314",174,"SC140507","106","PS",148.81,9794.694,362.298,"M"
"315",175,"SC140507","106","PS",306.78,33642.646,750.847,"XL"
"316",176,"SC140507","106","PS",148.81,9794.694,345.202,"M"
"317",177,"SC140507","106","PS",157.161,6387.844,345.202,"L"
"318",178,"SC140507","106","PS",65.258,1703.425,145.921,"S"
"319",179,"SC140507","106","PS",396.41,50676.897,1176.52,"XL"
"320",180,"SC140507","106","PS",352.633,66433.579,984.32,"XL"
"321",181,"SC140507","106","PS",240.658,19163.533,580.749,"L"
"322",182,"SC140507","106","PS",29.184,425.856,58.368,"XL"
"323",183,"SC140507","106","PS",46.144,851.713,87.552,"S"
"324",184,"SC140507","106","PS",280.684,25125.52,673.309,"L"
"325",185,"SC140507","106","PS",130.515,7239.557,316.018,"M"
"326",186,"SC140507","106","PS",132.137,8517.126,316.018,"M"
"327",187,"SC140507","106","PS",461.441,60045.735,1317.433,"XL"
"328",188,"SC140507","106","PS",92.288,3406.85,216.377,"S"
"329",189,"SC140507","106","PS",92.288,4258.563,228.466,"S"
"330",190,"SC140507","106","PS",58.368,1703.425,116.736,"S"
"331",191,"SC140507","106","PS",387.721,43437.34,1135.247,"XL"
"332",192,"SC140507","106","PS",322.349,16182.539,690.404,"XL"
"333",193,"SC140507","106","PS",74.405,2555.138,175.105,"S"
"334",194,"SC140507","106","PS",85.086,2555.138,216.377,"S"
"335",195,"SC140507","106","PS",190.257,15330.826,456.931,"L"
"336",196,"SC140507","106","PS",184.577,14479.113,486.116,"L"
"337",197,"SC140507","106","PS",74.405,2129.281,158.009,"S"
"338",198,"SC140507","106","PS",125.526,6813.7,303.93,"M"
"339",199,"SC140507","106","PS",120.329,7239.557,286.834,"M"
"340",200,"SC140507","106","PS",130.515,8942.982,333.114,"M"
"341",201,"SC140507","106","PS",161.175,9368.838,374.386,"L"
"342",202,"SC140507","106","PS",503.796,61749.16,1234.888,"XL"
"343",203,"SC140507","106","PS",704.36,62600.873,1757.269,"XL"
"344",204,"SC140507","106","PS",46.144,851.713,99.641,"S"
"345",205,"SC140507","106","PS",203.244,14904.97,498.204,"L"
"346",206,"SC140507","106","PS",261.031,27254.802,702.493,"L"
"347",207,"SC140507","106","PS",87.552,3406.85,187.193,"S"
"348",208,"SC140507","106","PS",29.184,425.856,58.368,"XL"
"349",209,"SC140507","106","PS",103.181,5110.275,245.561,"M"
"350",210,"SC140507","106","PS",138.432,7665.413,328.107,"M"
"351",211,"SC140507","106","PS",206.363,14904.97,481.108,"L"
"352",212,"SC140507","106","PS",420.899,52380.322,1200.697,"XL"
"353",213,"SC140507","106","PS",74.405,2129.281,158.009,"S"
"354",214,"SC140507","106","PS",29.184,425.856,58.368,"XL"
"355",215,"SC140507","106","PS",74.405,2129.281,158.009,"S"
"356",216,"SC140507","106","PS",420.899,55361.316,1341.61,"XL"
"357",217,"SC140507","106","PS",92.288,3406.85,216.377,"S"
"358",218,"SC140507","106","PS",444.519,41308.059,1562.995,"XL"
"359",219,"SC140507","106","PS",74.405,2555.138,158.009,"S"
"360",220,"SC140507","106","PS",74.405,2980.994,187.193,"S"
"361",221,"SC140507","106","PS",206.363,14479.113,498.204,"L"
"362",222,"SC140507","106","PS",235.29,22570.383,661.22,"L"
"363",223,"SC140507","106","PS",212.464,17885.964,520.307,"L"
"364",224,"SC140507","106","PS",29.184,425.856,58.368,"XL"
"365",225,"SC140507","106","PS",170.171,15330.826,444.843,"L"
"366",226,"SC140507","106","PS",476.426,43011.484,1115.219,"XL"
"367",227,"SC140507","106","PS",65.258,1703.425,158.009,"S"
"368",228,"SC140507","106","PS",103.181,2980.994,216.377,"M"
"369",229,"SC140507","106","PS",249.349,23422.095,702.493,"L"
"370",230,"SC140507","106","PS",116.736,4684.419,233.473,"M"
"371",231,"SC140507","106","PS",29.184,425.856,58.368,"XL"
"372",232,"SC140507","106","PS",130.515,6813.7,328.107,"M"
"373",233,"SC140507","106","PS",132.137,7665.413,303.93,"M"
"374",234,"SC140507","106","PS",120.329,7665.413,303.93,"M"
"375",235,"SC140507","106","PS",306.78,19163.533,748.773,"XL"
"376",236,"SC140507","106","PS",132.137,9794.694,345.202,"M"
"377",237,"SC140507","106","PS",516.32,85597.112,1530.877,"XL"
"378",238,"SC140507","106","PS",148.81,10646.407,357.291,"M"
"379",239,"SC140507","106","PS",481.317,43437.34,1293.256,"XL"
"380",240,"SC140507","106","PS",103.181,4684.419,228.466,"M"
"381",241,"SC140507","106","PS",441.636,28532.371,1006.422,"XL"
"382",242,"SC140507","106","PS",175.105,13627.401,410.652,"L"
"383",243,"SC140507","106","PS",138.432,9368.838,333.114,"M"
"384",244,"SC140507","106","PS",396.947,51102.753,1044.762,"XL"
"385",245,"SC140507","106","PS",379.393,58768.166,1159.424,"XL"
"386",246,"SC140507","106","PS",190.257,21292.814,532.395,"L"
"387",247,"SC140507","106","PS",206.363,18311.82,532.395,"L"
"388",248,"SC140507","106","PS",340.342,37901.209,855.495,"XL"
"389",249,"SC140507","106","PS",46.144,851.713,87.552,"S"
"390",250,"SC140507","106","PS",138.432,7665.413,328.107,"M"
"391",251,"SC140507","106","PS",206.363,16182.539,481.108,"L"
"392",252,"SC140507","106","PS",92.288,4684.419,245.561,"S"
"393",253,"SC140507","106","PS",150.234,8517.126,357.291,"L"
"394",254,"SC140507","106","PS",219.367,12349.832,461.939,"L"
"395",255,"SC140507","106","PS",92.288,3406.85,199.282,"S"
"396",256,"SC140507","106","PS",306.78,21718.67,755.854,"XL"
"397",257,"SC140507","106","PS",46.144,851.713,99.641,"S"
"398",258,"SC140507","106","PS",132.137,6813.7,316.018,"M"
"399",259,"SC140507","106","PS",138.432,7239.557,328.107,"M"
"400",260,"SC140507","106","PS",441.636,71969.711,1582.164,"XL"
"401",261,"SC140507","106","PS",338.46,35771.927,867.583,"XL"
"402",262,"SC140507","106","PS",148.81,4684.419,316.018,"M"
"403",263,"SC140507","106","PS",261.031,34494.359,697.486,"L"
"404",264,"SC140507","106","PS",166.375,11072.263,398.563,"L"
"405",265,"SC140507","106","PS",306.78,30661.652,802.134,"XL"
"406",266,"SC140507","106","PS",367.419,54935.46,1427.088,"XL"
"407",267,"SC140507","106","PS",74.405,2129.281,158.009,"S"
"408",268,"SC140507","106","PS",132.137,6813.7,286.834,"M"
"409",269,"SC140507","106","PS",161.175,11923.976,374.386,"L"
"410",270,"SC140507","106","PS",367.419,43437.34,1113.144,"XL"
"411",271,"SC140507","106","PS",177.52,12349.832,410.652,"L"
"412",272,"SC140507","106","PS",111.13,5536.132,257.65,"M"
"413",273,"SC140507","106","PS",46.144,851.713,99.641,"S"
"414",274,"SC140507","106","PS",249.349,21718.67,614.94,"L"
"415",275,"SC140507","106","PS",29.184,425.856,58.368,"XL"
"416",276,"SC140507","106","PS",177.52,12349.832,432.755,"L"
"417",277,"SC140507","106","PS",515.907,61749.16,1295.33,"XL"
"418",278,"SC140507","106","PS",116.736,7239.557,303.93,"M"
"419",279,"SC140507","106","PS",251.898,14904.97,597.845,"L"
"420",280,"SC140507","106","PS",87.552,3406.85,187.193,"S"
"421",281,"SC140507","106","PS",92.288,4684.419,233.473,"S"
"422",282,"SC140507","106","PS",58.368,1277.569,116.736,"S"
"423",283,"SC140507","106","PS",120.329,5536.132,257.65,"M"
"424",284,"SC140507","106","PS",406.488,32790.933,984.32,"XL"
"425",285,"SC140507","106","PS",111.13,4684.419,257.65,"M"
"426",286,"SC140507","106","PS",219.367,21292.814,580.749,"L"
"427",287,"SC140507","106","PS",105.225,4684.419,257.65,"M"
"428",288,"SC140507","106","PS",120.329,4684.419,257.65,"M"
"429",289,"SC140507","106","PS",138.432,10220.551,345.202,"M"
"430",290,"SC140507","106","PS",261.031,22996.239,639.117,"L"
"431",291,"SC140507","106","PS",206.363,22144.526,551.565,"L"
"432",292,"SC140507","106","PS",230.721,17034.251,527.388,"L"
"433",293,"SC140507","106","PS",116.736,5536.132,245.561,"M"
"434",294,"SC140507","106","PS",190.257,15330.826,444.843,"L"
"435",295,"SC140507","106","PS",87.552,3832.707,199.282,"S"
"436",296,"SC140507","106","PS",203.244,13201.545,486.116,"L"
"437",297,"SC140507","106","PS",235.29,20866.958,573.668,"L"
"438",298,"SC140507","106","PS",177.52,9794.694,420.666,"L"
"439",299,"SC140507","106","PS",212.464,14904.97,537.403,"L"
"440",300,"SC140507","106","PS",148.81,5110.275,362.298,"M"
"441",301,"SC140507","106","PS",138.432,6813.7,298.922,"M"
"442",302,"SC140507","106","PS",240.658,21718.67,719.588,"L"
"443",303,"SC140507","106","PS",92.288,3406.85,199.282,"S"
"444",304,"SC140507","106","PS",219.367,18737.676,510.292,"L"
"445",305,"SC140507","106","PS",85.086,2555.138,187.193,"S"
"446",306,"SC140507","106","PS",105.225,3406.85,240.554,"M"
"447",307,"SC140507","106","PS",120.329,5110.275,274.745,"M"
"448",308,"SC140507","106","PS",206.363,17034.251,520.307,"L"
"449",309,"SC140507","106","PS",148.81,11072.263,374.386,"M"
"450",310,"SC140507","106","PS",235.29,20866.958,561.579,"L"
"451",311,"SC140507","106","PS",148.81,7239.557,345.202,"M"
"452",312,"SC140507","106","PS",138.432,6813.7,311.011,"M"
"453",313,"SC140507","106","PS",85.086,1703.425,182.186,"S"
"454",314,"SC140507","106","PS",177.52,16182.539,456.931,"L"
"455",315,"SC140507","106","PS",271.428,20866.958,831.318,"L"
"456",316,"SC140507","106","PS",276.865,23847.952,743.765,"L"
"457",317,"SC140507","106","PS",628.645,109019.207,2002.83,"XL"
"458",318,"SC140507","106","PS",203.244,18737.676,532.395,"L"
"459",319,"SC140507","106","PS",248.494,22144.526,573.668,"L"
"460",320,"SC140507","106","PS",222.26,14053.257,551.565,"L"
"461",321,"SC140507","106","PS",166.375,14053.257,427.747,"L"
"462",322,"SC140507","106","PS",372.026,46418.334,928.025,"XL"
"463",323,"SC140507","106","PS",148.81,8942.982,345.202,"M"
"464",324,"SC140507","106","PS",74.405,2555.138,158.009,"S"
"465",325,"SC140507","106","PS",204.289,13201.545,444.843,"L"
"466",326,"SC140507","106","PS",219.367,14053.257,486.116,"L"
"467",327,"SC140507","106","PS",661.65,118388.045,2255.473,"XL"
"468",328,"SC140507","106","PS",130.515,8091.269,350.209,"M"
"469",329,"SC140507","106","PS",175.105,12349.832,398.563,"L"
"470",330,"SC140507","106","PS",132.137,3832.707,274.745,"M"
"471",331,"SC140507","106","PS",111.13,4258.563,240.554,"M"
"472",332,"SC140507","106","PS",111.13,5536.132,262.657,"M"
"473",333,"SC140507","106","PS",184.577,13627.401,439.836,"L"
"474",334,"SC140507","106","PS",184.577,9794.694,432.755,"L"
"475",335,"SC140507","106","PS",145.921,5536.132,291.841,"M"
"476",336,"SC140507","106","PS",65.258,1277.569,140.913,"S"
"477",337,"SC140507","106","PS",433.853,38327.065,1037.681,"XL"
"478",338,"SC140507","106","PS",176.317,14479.113,439.836,"L"
"479",339,"SC140507","106","PS",372.026,45566.622,1078.953,"XL"
"480",340,"SC140507","106","PS",407.011,36623.64,977.238,"XL"
"481",341,"SC140507","106","PS",125.526,6387.844,316.018,"M"
"482",342,"SC140507","106","PS",194.682,13201.545,469.02,"L"
"483",343,"SC140507","106","PS",387.721,41308.059,896.767,"XL"
"484",344,"SC140507","106","PS",423.421,69414.573,1281.168,"XL"
"485",345,"SC140507","106","PS",190.257,14479.113,444.843,"L"
"486",346,"SC140507","106","PS",312.284,39604.634,930.959,"XL"
"487",347,"SC140507","106","PS",177.52,14053.257,415.659,"L"
"488",348,"SC140507","106","PS",161.175,11072.263,369.379,"L"
"489",349,"SC140507","106","PS",732.806,202707.588,2712.404,"XL"
"490",350,"SC140507","106","PS",304.691,28958.227,731.677,"XL"
"491",351,"SC140507","106","PS",195.773,11498.12,474.027,"L"
"492",352,"SC140507","106","PS",1209.293,292563.263,4977.892,"XL"
"493",353,"SC140507","106","PS",441.636,40882.203,987.253,"XL"
"494",354,"SC140507","106","PS",417.343,44289.053,1118.152,"XL"
"495",355,"SC140507","106","PS",258.572,14479.113,649.132,"L"
"496",356,"SC140507","106","PS",92.288,3406.85,199.282,"S"
"497",357,"SC140507","106","PS",203.244,17885.964,515.3,"L"
"498",358,"SC140507","106","PS",116.736,5110.275,245.561,"M"
"499",359,"SC140507","106","PS",176.317,15330.826,432.755,"L"
"500",360,"SC140507","106","PS",157.161,14053.257,432.755,"L"
"501",361,"SC140507","106","PS",280.684,37049.496,797.126,"L"
"502",362,"SC140507","106","PS",87.552,3406.85,187.193,"S"
"503",363,"SC140507","106","PS",177.52,12349.832,415.659,"L"
"504",364,"SC140507","106","PS",255.257,22144.526,707.5,"L"
"505",365,"SC140507","106","PS",190.257,7239.557,403.57,"L"
"506",366,"SC140507","106","PS",103.181,4684.419,228.466,"M"
"507",367,"SC140507","106","PS",130.515,7239.557,316.018,"M"
"508",368,"SC140507","106","PS",561.368,41308.059,1259.065,"XL"
"509",369,"SC140507","106","PS",326.288,26828.946,797.126,"XL"
"510",370,"SC140507","106","PS",145.921,8942.982,328.107,"M"
"511",371,"SC140507","106","PS",204.289,11498.12,444.843,"L"
"512",372,"SC140507","106","PS",215.449,10220.551,539.477,"L"
"513",373,"SC140507","106","PS",258.572,18311.82,831.318,"L"
"514",374,"SC140507","106","PS",476.426,61749.16,1726.011,"XL"
"515",375,"SC140507","106","PS",92.288,3406.85,199.282,"S"
"516",376,"SC140507","106","PS",120.329,6813.7,303.93,"M"
"517",377,"SC140507","106","PS",120.329,5536.132,274.745,"M"
"518",378,"SC140507","106","PS",203.244,19589.389,520.307,"L"
"519",379,"SC140507","106","PS",206.363,13627.401,486.116,"L"
"520",380,"SC140507","106","PS",103.181,2980.994,216.377,"M"
"521",381,"SC140507","106","PS",92.288,4258.563,233.473,"S"
"522",382,"SC140507","106","PS",157.161,13201.545,415.659,"L"
"523",383,"SC140507","106","PS",387.721,37475.352,913.863,"XL"
"524",384,"SC140507","106","PS",176.317,11923.976,410.652,"L"
"525",385,"SC140507","106","PS",111.13,3406.85,240.554,"M"
"526",386,"SC140507","106","PS",120.329,7239.557,303.93,"M"
"527",387,"SC140507","106","PS",46.144,851.713,99.641,"S"
"528",388,"SC140507","106","PS",103.181,3832.707,233.473,"M"
"529",389,"SC140507","106","PS",132.137,7665.413,316.018,"M"
"530",390,"SC140507","106","PS",255.257,22570.383,592.838,"L"
"531",391,"SC140507","106","PS",138.432,9794.694,345.202,"M"
"532",392,"SC140507","106","PS",166.375,13201.545,415.659,"L"
"533",393,"SC140507","106","PS",264.273,22144.526,590.764,"L"
"534",394,"SC140507","106","PS",138.432,7239.557,311.011,"M"
"535",395,"SC140507","106","PS",175.105,15756.682,456.931,"L"
"536",396,"SC140507","106","PS",92.288,3832.707,216.377,"S"
"537",397,"SC140507","106","PS",130.515,6387.844,298.922,"M"
"538",398,"SC140507","106","PS",148.81,11923.976,386.475,"M"
"539",399,"SC140507","106","PS",206.363,17034.251,515.3,"L"
"540",400,"SC140507","106","PS",87.552,3406.85,187.193,"S"
"541",401,"SC140507","106","PS",138.432,6387.844,362.298,"M"
"542",402,"SC140507","106","PS",120.329,7239.557,286.834,"M"
"543",403,"SC140507","106","PS",111.13,5110.275,274.745,"M"
"544",404,"SC140507","106","PS",74.405,2129.281,158.009,"S"
"545",405,"SC140507","106","PS",148.81,8091.269,386.475,"M"
"546",406,"SC140507","106","PS",132.137,8517.126,328.107,"M"
"547",407,"SC140507","106","PS",184.577,8091.269,427.747,"L"
"548",408,"SC140507","106","PS",222.26,16182.539,527.388,"L"
"549",409,"SC140507","106","PS",111.13,4258.563,245.561,"M"
"550",410,"SC140507","106","PS",138.432,7239.557,328.107,"M"
"551",411,"SC140507","106","PS",148.81,9794.694,362.298,"M"
"552",412,"SC140507","106","PS",581.489,97521.088,2136.663,"XL"
"553",413,"SC140507","106","PS",206.363,17885.964,486.116,"L"
"554",414,"SC140507","106","PS",204.289,8942.982,474.027,"L"
"555",415,"SC140507","106","PS",161.175,11923.976,410.652,"L"
"556",1,"SC140507","31","PE",161.182,12470.226,425.275,"L"
"557",2,"SC140507","31","PE",113.973,4156.742,246.829,"M"
"558",3,"SC140507","31","PE",173.598,13769.208,457.512,"L"
"559",4,"SC140507","31","PE",183.776,15327.986,466.953,"L"
"560",5,"SC140507","31","PE",86.799,3637.149,214.593,"S"
"561",6,"SC140507","31","PE",45.589,779.389,91.178,"S"
"562",7,"SC140507","31","PE",93.984,3896.946,220.124,"S"
"563",8,"SC140507","31","PE",174.345,14808.393,470.864,"L"
"564",9,"SC140507","31","PE",465.199,70145.021,1294.709,"XL"
"565",10,"SC140507","31","PE",148.602,6235.113,324.655,"M"
"566",11,"SC140507","31","PE",145.957,9092.873,366.333,"M"
"567",12,"SC140507","31","PE",426.752,51959.275,1305.771,"XL"
"568",1,"SC140507","31","PET",1154.212,46305.931,2700.623,"XL"
"569",2,"SC140507","31","PET",94.048,3902.185,224.185,"S"
"570",3,"SC140507","31","PET",130.036,5463.059,298.15,"M"
"571",4,"SC140507","31","PET",418.423,52029.136,1559.85,"XL"
"572",5,"SC140507","31","PET",780.885,34079.084,1681.726,"XL"
"573",1,"SC140507","31","PP",346.666,62911.68,912.837,"XL"
"574",2,"SC140507","31","PP",221.811,14518.08,491.709,"L"
"575",3,"SC140507","31","PP",292.396,48393.6,799.237,"L"
"576",4,"SC140507","31","PP",200.818,20164,491.709,"L"
"577",5,"SC140507","31","PP",321.309,48393.6,815.873,"XL"
"578",6,"SC140507","31","PP",607.787,103239.68,1408.583,"XL"
"579",7,"SC140507","31","PP",244.306,29842.72,605.309,"L"
"580",8,"SC140507","31","PP",165.599,10485.28,371.218,"L"
"581",9,"SC140507","31","PP",394.545,66137.92,1049.964,"XL"
"582",10,"SC140507","31","PP",267.925,36295.2,685.637,"L"
"583",11,"SC140507","31","PP",355.851,57265.76,903.091,"XL"
"584",12,"SC140507","31","PP",200.818,17744.32,468.182,"L"
"585",13,"SC140507","31","PP",165.599,13711.52,418.273,"L"
"586",14,"SC140507","31","PP",144.812,8872.16,354.582,"M"
"587",15,"SC140507","31","PP",172.75,10485.28,411.382,"L"
"588",16,"SC140507","31","PP",228.968,25809.92,588.673,"L"
"589",17,"SC140507","31","PP",181.849,17744.32,468.182,"L"
"590",18,"SC140507","31","PP",181.849,13711.52,418.273,"L"
"591",19,"SC140507","31","PP",200.818,14518.08,491.709,"L"
"592",20,"SC140507","31","PP",386.282,58072.32,919.728,"XL"
"593",21,"SC140507","31","PP",301.896,43554.24,765.964,"XL"
"594",22,"SC140507","31","PP",102.398,4032.8,200.818,"M"
"595",23,"SC140507","31","PP",200.818,20164,508.346,"L"
"596",1,"SC140507","31","PS",284,37101.76,718.909,"L"
"597",2,"SC140507","31","PS",343.159,39521.44,799.237,"XL"
"598",3,"SC140507","31","PS",269.426,23390.24,628.837,"L"
"599",4,"SC140507","31","PS",216.288,14518.08,508.346,"L"
"600",5,"SC140507","31","PS",267.925,17744.32,628.837,"L"
"601",6,"SC140507","31","PS",152.939,12098.4,418.273,"L"
"602",7,"SC140507","31","PS",142,5645.92,297.782,"M"
"603",8,"SC140507","31","PS",80.327,2419.68,160.655,"S"
"604",9,"SC140507","31","PS",296.505,35488.64,735.546,"L"
"605",10,"SC140507","31","PS",142,9678.72,354.582,"M"
"606",11,"SC140507","31","PS",301.896,33068.96,742.437,"XL"
"607",12,"SC140507","31","PS",317.522,27423.04,725.8,"XL"
"608",13,"SC140507","31","PS",216.288,25003.36,572.037,"L"
"609",14,"SC140507","31","PS",206.755,14518.08,515.237,"L"
"610",15,"SC140507","31","PS",200.818,18550.88,468.182,"L"
"611",16,"SC140507","31","PS",165.599,11291.84,371.218,"L"
"612",17,"SC140507","31","PS",165.599,10485.28,371.218,"L"
"613",18,"SC140507","31","PS",142,8872.16,337.946,"M"
"614",19,"SC140507","31","PS",221.811,21777.12,531.873,"L"
"615",20,"SC140507","31","PS",165.599,12098.4,387.855,"L"
"616",21,"SC140507","31","PS",228.968,23390.24,555.4,"L"
"617",22,"SC140507","31","PS",102.398,4839.36,217.455,"M"
"618",23,"SC140507","31","PS",165.599,8065.6,354.582,"L"
"619",24,"SC140507","31","PS",160.655,12098.4,371.218,"L"
"620",25,"SC140507","31","PS",307.193,20970.56,692.528,"XL"
"621",26,"SC140507","31","PS",152.939,8872.16,354.582,"L"
"622",27,"SC140507","31","PS",181.849,14518.08,428.018,"L"
"623",28,"SC140507","31","PS",200.818,16937.76,484.818,"L"
"624",29,"SC140507","31","PS",160.655,8065.6,321.309,"L"
"625",30,"SC140507","31","PS",307.193,39521.44,759.073,"XL"
"626",31,"SC140507","31","PS",292.396,45973.92,782.6,"L"
"627",32,"SC140507","31","PS",323.81,27423.04,709.164,"XL"
"628",33,"SC140507","31","PS",165.599,10485.28,354.582,"L"
"629",34,"SC140507","31","PS",120.491,5645.92,257.618,"M"
"630",35,"SC140507","31","PS",244.306,27423.04,628.837,"L"
"631",36,"SC140507","31","PS",206.755,15324.64,491.709,"L"
"632",37,"SC140507","31","PS",406.626,53232.96,953,"XL"
"633",38,"SC140507","31","PS",378.903,45973.92,879.564,"XL"
"634",39,"SC140507","31","PS",488.612,67751.04,1120.546,"XL"
"635",40,"SC140507","31","PS",468.385,99206.88,1250.782,"XL"
"636",41,"SC140507","31","PS",40.164,806.56,80.327,"S"
"637",42,"SC140507","31","PS",142,8872.16,314.418,"M"
"638",43,"SC140507","31","PS",102.398,5645.92,257.618,"M"
"639",44,"SC140507","31","PS",127.009,6452.48,274.255,"M"
"640",45,"SC140507","31","PS",40.164,806.56,80.327,"S"
"641",46,"SC140507","31","PS",206.755,21777.12,572.037,"L"
"642",47,"SC140507","31","PS",244.306,28229.6,612.2,"L"
"643",48,"SC140507","31","PS",254.017,27423.04,605.309,"L"
"644",49,"SC140507","31","PS",152.939,7259.04,331.055,"L"
"645",50,"SC140507","31","PS",321.309,26616.48,692.528,"XL"
"646",51,"SC140507","31","PS",267.925,26616.48,645.473,"L"
"647",52,"SC140507","31","PS",331.198,37908.32,789.491,"XL"
"648",1,"SC142408","106","PE",458.717,34298.612,1190.691,"XL"
"649",2,"SC142408","106","PE",334.895,32404.824,905.551,"XL"
"650",3,"SC142408","106","PE",266.293,22304.619,671.395,"L"
"651",4,"SC142408","106","PE",201.522,16833.675,510.799,"L"
"652",5,"SC142408","106","PE",221.897,20200.409,575.862,"L"
"653",6,"SC142408","106","PE",277.135,27354.721,674.914,"L"
"654",1,"SC142408","106","PET",525.15,24154.589,1222.115,"XL"
"655",2,"SC142408","106","PET",565.217,49149.338,1506.996,"XL"
"656",1,"SC142408","106","PP",661.13,246796.891,2246.304,"XL"
"657",2,"SC142408","106","PP",408.377,69943.289,1061.664,"XL"
"658",3,"SC142408","106","PP",478.041,84436.043,1309.071,"XL"
"659",4,"SC142408","106","PP",339.576,30245.747,839.726,"XL"
"660",5,"SC142408","106","PP",162.034,12812.434,414.89,"L"
"661",6,"SC142408","106","PP",104.509,4620.878,242.434,"M"
"662",2,"SC142408","31","PP",184.001,15425.699,471.52,"L"
"663",1,"SC142408","31","PET",876.015,63062.884,2466.42,"XL"
"664",2,"SC142408","31","PET",339.219,19655.964,815.196,"XL"
"665",1,"SC142408","31","PP",520.751,31707.379,1152.539,"XL"
"666",2,"SC142408","31","PP",137.019,6258.035,312.791,"M"
"667",3,"SC142408","31","PP",73.645,2920.416,185.281,"S"
"668",4,"SC142408","31","PP",119.1,7926.845,300.826,"M"
"669",5,"SC142408","31","PP",130.787,7926.845,307.835,"M"
"670",1,"SC143004","106","PET",320.596,13425.791,716.569,"XL"
"671",2,"SC143004","106","PET",180.334,19989.511,509.294,"L"
"672",3,"SC143004","106","PET",450.42,28194.161,1042.508,"XL"
"673",4,"SC143004","106","PET",716.563,23718.898,1662.594,"XL"
"674",1,"SC143004","106","PP",258.607,20852.715,635.138,"L"
"675",2,"SC143004","106","PP",557.81,94581.959,1478.619,"XL"
"676",3,"SC143004","106","PP",354.769,43790.703,867.89,"XL"
"677",1,"SC143004","106","PS",711.634,119605.218,2194.641,"XL"
"678",2,"SC143004","106","PS",115.781,4468.439,267.271,"M"
"679",3,"SC143004","106","PS",243.171,9979.514,561.912,"L"
"680",4,"SC143004","106","PS",552.983,99050.399,1647.028,"XL"
"681",1,"SC143004","31","PE",134.804,8722.669,355.157,"M"
"682",2,"SC143004","31","PE",130.419,7705.024,332.254,"M"
"683",3,"SC143004","31","PE",130.419,7995.78,318.128,"M"
"684",4,"SC143004","31","PE",91.825,2907.556,225.808,"S"
"685",5,"SC143004","31","PE",97.209,4361.334,242.859,"S"
"686",6,"SC143004","31","PE",124.137,6978.135,322.266,"M"
"687",7,"SC143004","31","PE",99.427,5088.223,259.911,"S"
"688",8,"SC143004","31","PE",151.077,10176.447,390.472,"L"
"689",9,"SC143004","31","PE",163.997,8722.669,383.409,"L"
"690",10,"SC143004","31","PE",147.178,10757.958,414.587,"M"
"691",11,"SC143004","31","PE",134.804,5960.49,325.191,"M"
"692",12,"SC143004","31","PE",248.567,22678.938,654.52,"L"
"693",13,"SC143004","31","PE",85.258,2616.801,191.705,"S"
"694",14,"SC143004","31","PE",200.673,12066.358,488.644,"L"
"695",15,"SC143004","31","PE",205.328,18172.226,515.182,"L"
"696",16,"SC143004","31","PE",172.634,18608.36,502.77,"L"
"697",17,"SC143004","31","PE",70.305,2471.423,177.579,"S"
"698",18,"SC143004","31","PE",264.711,29366.317,691.549,"L"
"699",19,"SC143004","31","PE",43.473,872.267,92.321,"S"
"700",20,"SC143004","31","PE",162.214,8431.913,376.346,"L"
"701",21,"SC143004","31","PE",141.127,6978.135,332.254,"M"
"702",22,"SC143004","31","PE",172.634,10757.958,407.524,"L"
"703",23,"SC143004","31","PE",103.017,4070.579,246.997,"M"
"704",24,"SC143004","31","PE",137.474,7123.513,373.421,"M"
"705",25,"SC143004","31","PE",258.037,14101.647,570.976,"L"
"706",26,"SC143004","31","PE",145.189,7123.513,335.18,"M"
"707",27,"SC143004","31","PE",85.258,3634.445,215.819,"S"
"708",28,"SC143004","31","PE",70.305,2471.423,184.642,"S"
"709",29,"SC143004","31","PE",147.178,8431.913,359.295,"M"
"710",1,"SC143004","31","PET",555.158,63966.236,1320.743,"XL"
"711",2,"SC143004","31","PET",237.807,27767.162,698.612,"L"
"712",3,"SC143004","31","PET",97.209,4070.579,235.796,"S"
"713",4,"SC143004","31","PET",446.282,35326.808,1018.454,"XL"
"714",5,"SC143004","31","PET",137.474,8722.669,362.22,"M"
"715",6,"SC143004","31","PET",301.432,32710.007,760.967,"XL"
"716",7,"SC143004","31","PET",653.878,46957.032,1831.788,"XL"
"717",8,"SC143004","31","PET",225.248,14247.025,552.211,"L"
"718",9,"SC143004","31","PET",171.366,12793.247,421.65,"L"
"719",1,"SC143004","31","PP",801.423,189136.53,2137.002,"XL"
"720",2,"SC143004","31","PP",145.689,11048.713,387.546,"M"
"721",3,"SC143004","31","PP",188.726,16573.07,482.793,"L"
"722",4,"SC143004","31","PP",161.765,11630.225,403.386,"L"
"723",5,"SC143004","31","PP",94.17,4652.09,239.934,"S"
"724",6,"SC143004","31","PP",145.189,9740.313,373.421,"M"
"725",7,"SC143004","31","PP",173.892,11194.091,427.501,"L"
"726",8,"SC143004","31","PP",77.204,2907.556,191.705,"S"
"727",9,"SC143004","31","PP",130.419,7705.024,322.266,"M"
"728",10,"SC143004","31","PP",222.325,25441.117,613.354,"L"
"729",11,"SC143004","31","PP",113.748,5088.223,259.911,"M"
"730",12,"SC143004","31","PP",167.938,14101.647,437.489,"L"
"731",13,"SC143004","31","PP",140.611,7995.78,349.306,"M"
"732",14,"SC143004","31","PP",130.419,8286.535,332.254,"M"
"733",15,"SC143004","31","PP",130.419,8577.291,332.254,"M"
"734",16,"SC143004","31","PP",163.997,13665.514,431.638,"L"
"735",17,"SC143004","31","PP",163.997,12502.492,431.638,"L"
"736",18,"SC143004","31","PP",172.634,13956.27,434.564,"L"
"737",19,"SC143004","31","PP",64.93,1163.022,140.55,"S"
"738",20,"SC143004","31","PP",163.997,11920.98,417.512,"L"
"739",21,"SC143004","31","PP",188.726,15410.048,482.793,"L"
"740",22,"SC143004","31","PP",241.145,21370.538,582.177,"L"
"741",1,"SC143004","31","PS",324.652,45503.254,846.225,"XL"
"742",2,"SC143004","31","PS",86.946,3634.445,208.756,"S"
"743",3,"SC143004","31","PS",210.571,15700.803,509.833,"L"
"744",4,"SC143004","31","PS",125.882,5378.979,295.226,"M"
"745",5,"SC143004","31","PS",184.046,14247.025,455.753,"L"
"746",6,"SC143004","31","PS",114.385,6978.135,304.002,"M"
"747",7,"SC143004","31","PS",739.043,26458.761,1580.861,"XL"
"748",8,"SC143004","31","PS",184.441,14537.781,458.678,"L"
"749",9,"SC143004","31","PS",152.514,9304.18,373.421,"L"
"750",10,"SC143004","31","PS",145.189,8431.913,359.295,"M"
"751",11,"SC143004","31","PS",436.899,68472.948,1289.063,"XL"
"752",12,"SC143004","31","PS",524.041,49719.211,1277.863,"XL"
"753",13,"SC143004","31","PS",99.427,4506.712,242.859,"S"
"754",14,"SC143004","31","PS",204.974,19335.249,545.148,"L"
"755",15,"SC143004","31","PS",130.419,8577.291,332.254,"M"
"756",1,"SC150909","106","PE",117.096,5645.92,297.782,"M"
"757",2,"SC150909","106","PE",261.835,25809.92,692.528,"L"
"758",3,"SC150909","106","PE",381.026,47587.04,1177.346,"XL"
"759",4,"SC150909","106","PE",204.795,16937.76,628.837,"L"
"760",5,"SC150909","106","PE",165.599,13711.52,394.746,"L"
"761",1,"SC150909","106","PET",750.328,62911.68,2290.9996,"XL"
"762",2,"SC150909","106","PET",528.2684,109692.16,1548.5668,"XL"
"763",3,"SC150909","106","PET",1892.6044,83075.68,4813.232,"XL"
"764",4,"SC150909","106","PET",789.094,26616.48,1883.6584,"XL"
"765",5,"SC150909","106","PET",1451.4672,74203.52,3381.1336,"XL"
"766",6,"SC150909","106","PET",727.3808,37908.32,1879.6256,"XL"
"767",7,"SC150909","106","PET",345.5144,16937.76,775.7176,"XL"
"768",8,"SC150909","106","PET",432.5888,37908.32,1040.2068,"XL"
"769",9,"SC150909","106","PET",363.6904,15324.64,756.2068,"XL"
"770",10,"SC150909","106","PET",628.6624,30649.28,1484.8656,"XL"
"771",1,"SC150909","106","PP",117.0932,3226.24,250.7152,"M"
"772",2,"SC150909","106","PP",160.6588,6452.48,394.7316,"L"
"773",3,"SC150909","106","PP",127.0048,4032.8,274.2588,"M"
"774",4,"SC150909","106","PP",568,98400.32,1659.2984,"XL"
"775",5,"SC150909","106","PP",80.3152,2419.68,160.6588,"S"
"776",6,"SC150909","106","PP",370.2792,36295.2,933.508,"XL"
"777",7,"SC150909","106","PP",102.4104,3226.24,217.4588,"M"
"778",8,"SC150909","106","PP",206.752,17744.32,595.5764,"L"
"779",9,"SC150909","106","PP",284,22583.68,782.5904,"L"
"780",10,"SC150909","106","PP",63.5024,1613.12,137.1152,"S"
"781",11,"SC150909","106","PP",281.1316,40328,759.0752,"L"
"782",12,"SC150909","106","PP",127.0048,5645.92,274.2588,"M"
"783",13,"SC150909","106","PP",80.3152,2419.68,160.6588,"S"
"784",14,"SC150909","106","PP",267.9256,20164,862.934,"L"
"785",15,"SC150909","106","PP",102.4104,2419.68,200.8164,"M"
"786",16,"SC150909","106","PP",102.4104,4032.8,217.4588,"M"
"787",17,"SC150909","106","PP",482.8,56459.2,1314.4656,"XL"
"788",18,"SC150909","106","PP",221.804,12098.4,572.0328,"L"
"789",19,"SC150909","106","PP",89.8008,2419.68,193.9152,"S"
"790",20,"SC150909","106","PP",495.9776,33068.96,1144.0656,"XL"
"791",1,"SC150909","31","PE",127.009,4032.8,274.255,"M"
"792",2,"SC150909","31","PE",179.617,12904.96,418.273,"L"
"793",1,"SC150909","31","PMMA",190.513,12904.96,418.273,"L"
"794",1,"SC150909","31","PP",190.513,19357.44,491.709,"L"
"795",2,"SC150909","31","PP",200.818,15324.64,434.909,"L"
"796",3,"SC150909","31","PP",190.513,17744.32,475.073,"L"
"797",4,"SC150909","31","PP",117.096,3226.24,250.727,"M"
"798",5,"SC150909","31","PP",120.491,5645.92,257.618,"M"
"799",6,"SC150909","31","PP",102.398,4032.8,217.455,"M"
"800",7,"SC150909","31","PP",80.327,3226.24,160.655,"S"
"801",8,"SC150909","31","PP",127.009,6452.48,297.782,"M"
"802",9,"SC150909","31","PP",204.795,21777.12,531.873,"L"
"803",10,"SC150909","31","PP",204.795,18550.88,491.709,"L"
"804",11,"SC150909","31","PP",142,9678.72,337.946,"M"
"805",12,"SC150909","31","PP",120.491,5645.92,257.618,"M"
"806",13,"SC150909","31","PP",142,8872.16,354.582,"M"
"807",14,"SC150909","31","PP",80.327,3226.24,160.655,"S"
"808",15,"SC150909","31","PP",120.491,5645.92,257.618,"M"
"809",16,"SC150909","31","PP",206.755,12904.96,588.673,"L"
"810",17,"SC150909","31","PP",102.398,4032.8,217.455,"M"
"811",18,"SC150909","31","PP",102.398,4032.8,200.818,"M"
"812",19,"SC150909","31","PP",102.398,4839.36,217.455,"M"
"813",20,"SC150909","31","PP",160.655,10485.28,354.582,"L"
"814",21,"SC150909","31","PP",117.096,4839.36,274.255,"M"
"815",22,"SC150909","31","PP",165.599,11291.84,394.746,"L"
"816",23,"SC150909","31","PP",120.491,6452.48,257.618,"M"
"817",24,"SC150909","31","PP",80.327,2419.68,160.655,"S"
"818",25,"SC150909","31","PP",120.491,7259.04,274.255,"M"
"819",26,"SC150909","31","PP",117.096,4032.8,274.255,"M"
"820",1,"SC150909","31","PS",120.5012,5645.92,257.6164,"M"
"821",2,"SC150909","31","PS",80.3152,3226.24,160.6588,"S"
"822",3,"SC150909","31","PS",317.512,35488.64,909.9928,"XL"
"823",4,"SC150909","31","PS",102.4104,4032.8,240.974,"M"
"824",5,"SC150909","31","PS",165.6004,8065.6,354.574,"L"
"825",1,"SC151010","106","PE",332.413,9678.72,718.909,"XL"
"826",1,"SC151010","106","PET",323.81,9678.72,702.273,"XL"
"827",2,"SC151010","106","PET",234.192,10485.28,555.4,"L"
"828",3,"SC151010","106","PET",426.946,15324.64,929.473,"XL"
"829",4,"SC151010","106","PET",179.617,8872.16,387.855,"L"
"830",5,"SC151010","106","PET",152.939,8872.16,361.473,"L"
"831",6,"SC151010","106","PET",160.655,8065.6,508.346,"L"
"832",1,"SC151010","106","PP",80.3152,1613.12,160.6588,"S"
"833",2,"SC151010","106","PP",144.8116,4032.8,290.9012,"M"
"834",3,"SC151010","106","PP",190.5072,8065.6,434.9176,"L"
"835",4,"SC151010","106","PP",261.848,18550.88,668.9904,"L"
"836",5,"SC151010","106","PP",102.4104,3226.24,217.4588,"M"
"837",6,"SC151010","106","PP",127.0048,4032.8,274.2588,"M"
"838",7,"SC151010","106","PP",165.6004,10485.28,411.374,"L"
"839",8,"SC151010","106","PP",190.5072,14518.08,508.3316,"L"
"840",9,"SC151010","106","PP",261.848,27423.04,772.8492,"L"
"841",10,"SC151010","106","PP",206.752,16131.2,555.3904,"L"
"842",11,"SC151010","106","PP",181.8452,13711.52,498.5904,"L"
"843",12,"SC151010","106","PP",120.5012,3226.24,240.974,"M"
"844",13,"SC151010","106","PP",323.8168,25809.92,789.4916,"XL"
"845",14,"SC151010","106","PP",142,6452.48,314.4164,"M"
"846",15,"SC151010","106","PP",607.7884,43554.24,1535.9572,"XL"
"847",16,"SC151010","106","PP",89.8008,2419.68,177.3012,"S"
"848",17,"SC151010","106","PP",102.4104,3226.24,240.974,"M"
"849",18,"SC151010","106","PP",63.5024,1613.12,120.5012,"S"
"850",19,"SC151010","106","PP",40.1576,806.56,80.3152,"S"
"851",20,"SC151010","106","PP",221.804,24196.8,581.774,"L"
"852",21,"SC151010","106","PP",228.9608,16937.76,508.3316,"L"
"853",22,"SC151010","106","PP",221.804,20164,531.8752,"L"
"854",23,"SC151010","106","PP",261.848,28229.6,652.3764,"L"
"855",24,"SC151010","106","PP",221.804,17744.32,508.3316,"L"
"856",25,"SC151010","106","PP",296.496,27423.04,732.6916,"L"
"857",26,"SC151010","106","PP",281.1316,20164,909.9928,"L"
"858",27,"SC151010","106","PP",152.934,11291.84,401.6328,"L"
"859",28,"SC151010","106","PP",102.4104,4032.8,217.4588,"M"
"860",29,"SC151010","106","PP",284,29036.16,652.3764,"L"
"861",30,"SC151010","106","PP",228.9608,23390.24,565.1316,"L"
"862",31,"SC151010","106","PP",269.4308,24196.8,628.8328,"L"
"863",32,"SC151010","106","PP",63.5024,1613.12,137.1152,"S"
"864",33,"SC151010","106","PP",40.1576,806.56,80.3152,"S"
"865",34,"SC151010","106","PP",754.6164,141148,2609.4488,"XL"
"866",35,"SC151010","106","PP",102.4104,3226.24,200.8164,"M"
"867",36,"SC151010","106","PP",269.4308,18550.88,605.3176,"L"
"868",37,"SC151010","106","PP",228.9608,22583.68,565.1316,"L"
"869",38,"SC151010","106","PP",165.6004,10485.28,378.1176,"L"
"870",39,"SC151010","106","PP",216.2944,15324.64,555.3904,"L"
"871",40,"SC151010","106","PP",89.8008,2419.68,193.9152,"S"
"872",41,"SC151010","106","PP",745.4716,129856.16,2538.8748,"XL"
"873",42,"SC151010","106","PP",234.1864,12098.4,524.974,"L"
"874",43,"SC151010","106","PP",206.752,16131.2,508.3316,"L"
"875",44,"SC151010","106","PP",613.0708,88721.6,1588.7244,"XL"
"876",45,"SC151010","106","PP",160.6588,8065.6,337.9316,"L"
"877",46,"SC151010","106","PP",181.8452,14518.08,451.5316,"L"
"878",47,"SC151010","106","PP",204.7924,17744.32,538.7764,"L"
"879",48,"SC151010","106","PP",620.256,59685.44,1900.3008,"XL"
"880",49,"SC151010","106","PP",190.5072,16131.2,491.7176,"L"
"881",50,"SC151010","106","PP",102.4104,4839.36,240.974,"M"
"882",51,"SC151010","106","PP",343.1572,37908.32,815.8752,"XL"
"883",52,"SC151010","106","PP",281.1316,20970.56,765.9764,"L"
"884",53,"SC151010","106","PP",89.8008,4032.8,240.974,"S"
"885",54,"SC151010","106","PP",234.1864,12904.96,619.0916,"L"
"886",55,"SC151010","106","PP",422.1944,39521.44,1103.908,"XL"
"887",56,"SC151010","106","PP",120.5012,5645.92,257.6164,"M"
"888",57,"SC151010","106","PP",89.8008,3226.24,217.4588,"S"
"889",58,"SC151010","106","PP",242.6496,23390.24,605.3176,"L"
"890",59,"SC151010","106","PP",206.752,22583.68,555.3904,"L"
"891",60,"SC151010","106","PP",40.1576,806.56,80.3152,"S"
"892",61,"SC151010","106","PP",144.8116,8872.16,418.2752,"M"
"893",62,"SC151010","106","PP",409.5848,38714.88,1144.0656,"XL"
"894",63,"SC151010","106","PP",228.9608,25003.36,572.0328,"L"
"895",64,"SC151010","106","PP",254.0096,24196.8,635.734,"L"
"896",65,"SC151010","106","PP",142,9678.72,331.0588,"M"
"897",66,"SC151010","106","PP",102.4104,4032.8,240.974,"M"
"898",67,"SC151010","106","PP",242.6496,25003.36,628.8328,"L"
"899",68,"SC151010","106","PP",142,4839.36,378.1176,"M"
"900",69,"SC151010","106","PP",305.868,34682.08,772.8492,"XL"
"901",70,"SC151010","106","PP",40.1576,806.56,80.3152,"S"
"902",71,"SC151010","106","PP",80.3152,1613.12,160.6588,"S"
"903",72,"SC151010","106","PP",736.7528,154052.96,2666.2488,"XL"
"904",73,"SC151010","106","PP",142,5645.92,378.1176,"M"
"905",74,"SC151010","106","PP",40.1576,806.56,80.3152,"S"
"906",75,"SC151010","106","PP",152.934,9678.72,378.1176,"L"
"907",76,"SC151010","106","PP",228.9608,18550.88,531.8752,"L"
"908",77,"SC151010","106","PP",228.9608,28229.6,628.8328,"L"
"909",78,"SC151010","106","PP",127.0048,4839.36,274.2588,"M"
"910",79,"SC151010","106","PP",142,8872.16,337.9316,"M"
"911",80,"SC151010","106","PP",221.804,26616.48,588.6752,"L"
"912",81,"SC151010","106","PP",244.2968,25003.36,588.6752,"L"
"913",82,"SC151010","106","PP",63.5024,1613.12,137.1152,"S"
"914",83,"SC151010","106","PP",228.9608,26616.48,628.8328,"L"
"915",84,"SC151010","106","PP",244.2968,26616.48,645.4752,"L"
"916",85,"SC151010","106","PP",355.852,42747.68,1047.108,"XL"
"917",86,"SC151010","106","PP",254.0096,23390.24,621.9316,"L"
"918",87,"SC151010","106","PP",261.848,29036.16,692.534,"L"
"919",88,"SC151010","106","PP",269.4308,33068.96,709.1764,"L"
"920",89,"SC151010","106","PP",244.2968,22583.68,619.0916,"L"
"921",90,"SC151010","106","PP",40.1576,806.56,80.3152,"S"
"922",91,"SC151010","106","PP",152.934,7259.04,337.9316,"L"
"923",92,"SC151010","106","PP",63.5024,1613.12,137.1152,"S"
"924",93,"SC151010","106","PP",190.5072,9678.72,411.374,"L"
"925",94,"SC151010","106","PP",127.0048,4032.8,274.2588,"M"
"926",95,"SC151010","106","PP",63.5024,1613.12,137.1152,"S"
"927",96,"SC151010","106","PP",160.6588,9678.72,354.574,"L"
"928",97,"SC151010","106","PP",216.2944,20164,524.974,"L"
"929",1,"SC151010","31","PE",63.504,1613.12,120.491,"S"
"930",2,"SC151010","31","PE",142,7259.04,297.782,"M"
"931",3,"SC151010","31","PE",63.504,1613.12,120.491,"S"
"932",4,"SC151010","31","PE",117.096,3226.24,250.727,"M"
"933",5,"SC151010","31","PE",40.164,806.56,80.327,"S"
"934",6,"SC151010","31","PE",40.164,806.56,80.327,"S"
"935",7,"SC151010","31","PE",102.398,2419.68,217.455,"M"
"936",8,"SC151010","31","PE",89.809,2419.68,177.291,"S"
"937",9,"SC151010","31","PE",127.009,4032.8,257.618,"M"
"938",10,"SC151010","31","PE",40.164,806.56,80.327,"S"
"939",11,"SC151010","31","PE",63.504,1613.12,137.127,"S"
"940",12,"SC151010","31","PE",40.164,806.56,80.327,"S"
"941",13,"SC151010","31","PE",80.327,2419.68,160.655,"S"
"942",14,"SC151010","31","PE",63.504,1613.12,137.127,"S"
"943",15,"SC151010","31","PE",80.327,2419.68,160.655,"S"
"944",16,"SC151010","31","PE",102.398,2419.68,217.455,"M"
"945",17,"SC151010","31","PE",63.504,1613.12,137.127,"S"
"946",18,"SC151010","31","PE",102.398,4032.8,217.455,"M"
"947",19,"SC151010","31","PE",206.755,8872.16,444.655,"L"
"948",20,"SC151010","31","PE",63.504,1613.12,137.127,"S"
"949",21,"SC151010","31","PE",63.504,1613.12,120.491,"S"
"950",22,"SC151010","31","PE",102.398,3226.24,217.455,"M"
"951",23,"SC151010","31","PE",204.795,16131.2,475.073,"L"
"952",24,"SC151010","31","PE",89.809,2419.68,177.291,"S"
"953",25,"SC151010","31","PE",63.504,1613.12,120.491,"S"
"954",26,"SC151010","31","PE",40.164,806.56,80.327,"S"
"955",27,"SC151010","31","PE",127.009,5645.92,274.255,"M"
"956",1,"SC151010","31","PS",102.398,3226.24,217.455,"M"
"957",1,"SC152403","106","PE",198.967,22854.811,544.86,"L"
"958",2,"SC152403","106","PE",166.59,8978.676,406.912,"L"
"959",3,"SC152403","106","PE",244.102,33057.851,659.14,"L"
"960",4,"SC152403","106","PE",377.405,65299.459,1056.248,"XL"
"961",5,"SC152403","106","PE",210.915,21222.324,549.762,"L"
"962",6,"SC152403","106","PE",162.874,11835.527,423.648,"L"
"963",7,"SC152403","106","PE",186.253,16324.865,492.622,"L"
"964",8,"SC152403","106","PE",236.459,31833.486,682.808,"L"
"965",9,"SC152403","106","PE",230.338,26527.905,642.404,"L"
"966",10,"SC152403","106","PE",218.518,19997.959,568.528,"L"
"967",11,"SC152403","106","PE",235.594,28568.513,630.57,"L"
"968",12,"SC152403","106","PE",57.14,1224.365,114.28,"S"
"969",13,"SC152403","106","PE",217.582,21630.446,573.43,"L"
"970",14,"SC152403","106","PE",244.102,33874.094,670.974,"L"
"971",15,"SC152403","106","PE",294.146,25711.662,728.114,"L"
"972",16,"SC152403","106","PE",300.325,37955.311,763.616,"XL"
"973",17,"SC152403","106","PE",480.197,97132.946,1410.922,"XL"
"974",18,"SC152403","106","PE",255.538,36730.946,699.544,"L"
"975",19,"SC152403","106","PE",162.874,12243.649,423.648,"L"
"976",20,"SC152403","106","PE",664.521,221201.918,2100.662,"XL"
"977",21,"SC152403","106","PE",225.865,24487.297,602,"L"
"978",22,"SC152403","106","PE",191.653,15916.743,561.596,"L"
"979",23,"SC152403","106","PE",246.597,24487.297,682.808,"L"
"980",24,"SC152403","106","PE",191.653,17141.108,487.72,"L"
"981",25,"SC152403","106","PE",357.981,72645.648,1077.886,"XL"
"982",26,"SC152403","106","PE",236.459,24079.176,585.264,"L"
"983",27,"SC152403","106","PE",225.865,26527.905,585.264,"L"
"984",28,"SC152403","106","PE",274.777,28568.513,711.378,"L"
"985",29,"SC152403","106","PE",388.594,72237.527,1056.248,"XL"
"986",30,"SC152403","106","PE",517.818,132639.527,1570.507,"XL"
"987",31,"SC152403","106","PE",153.854,10203.041,366.508,"L"
"988",32,"SC152403","106","PE",262.626,31833.486,706.476,"L"
"989",33,"SC152403","106","PE",287.125,42852.77,832.59,"L"
"990",34,"SC152403","106","PE",280.655,23262.932,813.824,"L"
"991",35,"SC152403","106","PE",274.777,36322.824,735.046,"L"
"992",36,"SC152403","106","PE",280.655,38363.432,744.85,"L"
"993",37,"SC152403","106","PE",236.459,35914.703,704.446,"L"
"994",38,"SC152403","106","PE",162.874,11427.405,390.176,"L"
"995",39,"SC152403","106","PE",274.777,31833.486,739.948,"L"
"996",40,"SC152403","106","PE",338.648,56320.784,987.274,"XL"
"997",41,"SC152403","106","PE",117.797,7346.189,285.7,"M"
"998",42,"SC152403","106","PE",57.14,1632.486,114.28,"S"
"999",43,"SC152403","106","PE",117.797,3673.095,240.394,"M"
"1000",44,"SC152403","106","PE",303.03,33874.094,711.378,"XL"
"1001",45,"SC152403","106","PE",147.073,6938.068,349.772,"M"
"1002",46,"SC152403","106","PE",72.839,1632.486,142.85,"S"
"1003",47,"SC152403","106","PE",471.188,69380.675,1175.43,"XL"
"1004",48,"SC152403","106","PE",214.75,17957.351,516.29,"L"
"1005",49,"SC152403","106","PE",230.338,24079.176,590.166,"L"
"1006",50,"SC152403","106","PE",460.677,64483.216,1199.098,"XL"
"1007",51,"SC152403","106","PE",336.229,35914.703,968.508,"XL"
"1008",52,"SC152403","106","PE",236.459,22854.811,585.264,"L"
"1009",53,"SC152403","106","PE",28.57,408.122,57.14,"XL"
"1010",54,"SC152403","106","PE",258.712,26936.027,654.238,"L"
"1011",55,"SC152403","106","PE",225.865,21222.324,573.43,"L"
"1012",56,"SC152403","106","PE",190.585,20406.081,544.86,"L"
"1013",1,"SC152403","106","PET",1614.646,220385.675,5476.327,"XL"
"1014",2,"SC152403","106","PET",186.253,13876.135,435.482,"L"
"1015",3,"SC152403","106","PET",804.284,75502.5,2507.574,"XL"
"1016",4,"SC152403","106","PET",515.052,70605.04,1589.274,"XL"
"1017",5,"SC152403","106","PET",249.885,17141.108,551.792,"L"
"1018",6,"SC152403","106","PET",190.585,6529.946,406.912,"L"
"1019",7,"SC152403","106","PET",207.993,9794.919,435.482,"L"
"1020",8,"SC152403","106","PET",182.937,3673.095,380.372,"L"
"1021",9,"SC152403","106","PET",258.712,8162.432,537.928,"L"
"1022",10,"SC152403","106","PET",191.653,13468.013,470.984,"L"
"1023",11,"SC152403","106","PET",1031.886,85297.419,2416.962,"XL"
"1024",1,"SC152403","106","PMMA",533.349,33465.973,1170.528,"XL"
"1025",1,"SC152403","106","PP",117.797,6121.824,268.964,"M"
"1026",2,"SC152403","106","PP",697.774,119171.513,2014.952,"XL"
"1027",1,"SC152403","106","PS",316.212,62442.608,946.87,"XL"
"1028",2,"SC152403","106","PS",388.594,58769.513,1094.622,"XL"
"1029",1,"SC152403","31","PE",230.194,25006.189,642.068,"L"
"1030",2,"SC152403","31","PE",92.914,2679.235,219.605,"S"
"1031",3,"SC152403","31","PE",195.204,6549.24,400.515,"L"
"1032",4,"SC152403","31","PE",24.401,297.693,48.801,"XL"
"1033",5,"SC152403","31","PE",154.322,11014.631,406.436,"L"
"1034",6,"SC152403","31","PE",86.269,2381.542,191.018,"S"
"1035",7,"SC152403","31","PE",125.609,5060.776,284.433,"M"
"1036",8,"SC152403","31","PE",209.901,19350.027,532.625,"L"
"1037",9,"SC152403","31","PE",245.222,19945.413,613.481,"L"
"1038",10,"SC152403","31","PE",192.903,13098.48,489.745,"L"
"1039",11,"SC152403","31","PE",139.104,8335.396,333.234,"M"
"1040",12,"SC152403","31","PE",73.202,1786.156,156.51,"S"
"1041",13,"SC152403","31","PE",115.742,5656.162,274.326,"M"
"1042",14,"SC152403","31","PE",122.003,5060.776,298.727,"M"
"1043",15,"SC152403","31","PE",38.581,595.385,73.202,"S"
"1044",16,"SC152403","31","PE",48.801,1190.771,97.602,"S"
"1045",17,"SC152403","31","PE",71.139,1190.771,152.324,"S"
"1046",18,"SC152403","31","PE",263.367,29471.58,847.379,"L"
"1047",19,"SC152403","31","PE",139.104,7144.625,323.127,"M"
"1048",20,"SC152403","31","PE",73.202,2083.849,156.51,"S"
"1049",21,"SC152403","31","PE",77.161,2976.927,180.911,"S"
"1050",22,"SC152403","31","PE",100.606,3274.62,229.712,"M"
"1051",23,"SC152403","31","PE",100.606,4763.084,239.819,"M"
"1052",24,"SC152403","31","PE",73.202,2083.849,146.403,"S"
"1053",25,"SC152403","31","PE",77.161,2679.235,191.018,"S"
"1054",26,"SC152403","31","PE",73.202,2381.542,156.51,"S"
"1055",27,"SC152403","31","PE",100.606,3870.005,215.418,"M"
"1056",28,"SC152403","31","PE",124.419,8037.704,323.127,"M"
"1057",29,"SC152403","31","PE",77.161,2083.849,166.617,"S"
"1058",30,"SC152403","31","PE",24.401,297.693,48.801,"XL"
"1059",31,"SC152403","31","PE",100.606,4465.391,239.819,"M"
"1060",32,"SC152403","31","PE",147.416,10121.553,386.222,"M"
"1061",33,"SC152403","31","PE",62.209,1190.771,122.003,"S"
"1062",34,"SC152403","31","PE",239.697,10716.938,591.533,"L"
"1063",35,"SC152403","31","PE",231.484,21731.569,613.481,"L"
"1064",36,"SC152403","31","PE",244.005,17266.178,924.767,"L"
"1065",37,"SC152403","31","PE",172.538,11610.016,402.249,"L"
"1066",38,"SC152403","31","PE",86.269,3274.62,191.018,"S"
"1067",39,"SC152403","31","PE",177.638,11014.631,416.543,"L"
"1068",40,"SC152403","31","PE",131.401,5656.162,298.727,"M"
"1069",41,"SC152403","31","PE",139.104,7144.625,337.421,"M"
"1070",42,"SC152403","31","PE",92.914,3572.313,215.418,"S"
"1071",43,"SC152403","31","PE",159.072,6846.933,357.635,"L"
"1072",44,"SC152403","31","PE",109.122,3274.62,249.926,"M"
"1073",45,"SC152403","31","PE",38.581,595.385,83.309,"S"
"1074",46,"SC152403","31","PE",62.209,1488.464,132.11,"S"
"1075",47,"SC152403","31","PE",115.742,5953.855,284.433,"M"
"1076",48,"SC152403","31","PE",73.202,2381.542,156.51,"S"
"1077",49,"SC152403","31","PE",77.161,2976.927,180.911,"S"
"1078",50,"SC152403","31","PE",100.606,5060.776,239.819,"M"
"1079",51,"SC152403","31","PE",110.478,5953.855,264.219,"M"
"1080",52,"SC152403","31","PE",163.684,7144.625,353.448,"L"
"1081",53,"SC152403","31","PE",125.609,8335.396,337.421,"M"
"1082",54,"SC152403","31","PE",100.606,4763.084,313.02,"M"
"1083",55,"SC152403","31","PE",86.269,3274.62,191.018,"S"
"1084",56,"SC152403","31","PE",73.202,2083.849,146.403,"S"
"1085",57,"SC152403","31","PE",162.772,7740.011,361.821,"L"
"1086",58,"SC152403","31","PE",115.742,3274.62,249.926,"M"
"1087",59,"SC152403","31","PE",86.269,2381.542,191.018,"S"
"1088",60,"SC152403","31","PE",258.807,19945.413,646.255,"L"
"1089",61,"SC152403","31","PE",100.606,3870.005,215.418,"M"
"1090",62,"SC152403","31","PE",115.742,7144.625,298.727,"M"
"1091",63,"SC152403","31","PE",115.742,6549.24,288.62,"M"
"1092",64,"SC152403","31","PE",38.581,595.385,73.202,"S"
"1093",65,"SC152403","31","PE",86.269,2381.542,170.804,"S"
"1094",66,"SC152403","31","PE",48.801,1190.771,97.602,"S"
"1095",67,"SC152403","31","PE",146.403,8930.782,386.222,"M"
"1096",68,"SC152403","31","PE",436.831,40783.904,1229.415,"XL"
"1097",69,"SC152403","31","PE",115.742,6251.547,313.02,"M"
"1098",70,"SC152403","31","PE",73.202,2083.849,146.403,"S"
"1099",71,"SC152403","31","PE",100.606,4167.698,229.712,"M"
"1100",72,"SC152403","31","PE",100.606,4465.391,229.712,"M"
"1101",73,"SC152403","31","PE",156.24,8335.396,382.035,"L"
"1102",74,"SC152403","31","PE",62.209,1786.156,146.403,"S"
"1103",75,"SC152403","31","PE",230.194,15777.714,587.347,"L"
"1104",76,"SC152403","31","PE",73.202,2083.849,146.403,"S"
"1105",77,"SC152403","31","PE",224.962,13991.558,562.946,"L"
"1106",78,"SC152403","31","PE",77.161,3274.62,205.311,"S"
"1107",79,"SC152403","31","PE",110.478,5953.855,264.219,"M"
"1108",80,"SC152403","31","PE",148.423,10716.938,382.035,"M"
"1109",81,"SC152403","31","PE",77.161,2976.927,180.911,"S"
"1110",82,"SC152403","31","PE",92.914,3870.005,225.525,"S"
"1111",83,"SC152403","31","PE",125.609,6251.547,308.834,"M"
"1112",84,"SC152403","31","PE",154.322,9526.167,392.142,"L"
"1113",85,"SC152403","31","PE",213.417,22029.262,587.347,"L"
"1114",86,"SC152403","31","PE",73.202,2679.235,166.617,"S"
"1115",87,"SC152403","31","PE",73.202,1786.156,156.51,"S"
"1116",88,"SC152403","31","PE",159.072,12205.402,489.745,"L"
"1117",89,"SC152403","31","PE",256.496,19945.413,778.364,"L"
"1118",90,"SC152403","31","PE",201.95,9526.167,514.145,"L"
"1119",91,"SC152403","31","PE",100.606,2976.927,239.819,"M"
"1120",92,"SC152403","31","PE",115.742,5656.162,274.326,"M"
"1121",93,"SC152403","31","PE",71.139,2381.542,180.911,"S"
"1122",94,"SC152403","31","PE",97.602,4167.698,225.525,"S"
"1123",95,"SC152403","31","PE",100.606,4167.698,249.926,"M"
"1124",96,"SC152403","31","PE",100.606,2976.927,219.605,"M"
"1125",97,"SC152403","31","PE",185.829,14289.251,469.53,"L"
"1126",98,"SC152403","31","PE",139.104,9228.475,361.821,"M"
"1127",99,"SC152403","31","PE",192.903,14289.251,538.546,"L"
"1128",100,"SC152403","31","PE",62.209,1786.156,146.403,"S"
"1129",101,"SC152403","31","PE",139.104,9228.475,357.635,"M"
"1130",102,"SC152403","31","PE",162.772,8930.782,420.729,"L"
"1131",103,"SC152403","31","PE",92.914,2976.927,215.418,"S"
"1132",104,"SC152403","31","PE",185.829,13991.558,475.451,"L"
"1133",105,"SC152403","31","PE",234.677,19647.72,656.362,"L"
"1134",106,"SC152403","31","PE",154.322,6251.547,347.528,"L"
"1135",107,"SC152403","31","PE",92.914,3870.005,229.712,"S"
"1136",108,"SC152403","31","PE",139.104,11014.631,367.742,"M"
"1137",109,"SC152403","31","PE",73.202,2083.849,146.403,"S"
"1138",110,"SC152403","31","PE",124.419,3572.313,298.727,"M"
"1139",111,"SC152403","31","PE",154.322,10716.938,440.943,"L"
"1140",112,"SC152403","31","PE",73.202,2381.542,156.51,"S"
"1141",113,"SC152403","31","PE",196.723,11610.016,544.466,"L"
"1142",114,"SC152403","31","PE",192.903,6846.933,440.943,"L"
"1143",115,"SC152403","31","PE",62.209,1786.156,146.403,"S"
"1144",116,"SC152403","31","PE",115.742,5060.776,260.033,"M"
"1145",117,"SC152403","31","PE",115.742,5060.776,274.326,"M"
"1146",1,"SC152403","31","PET",148.476,6256.044,313.133,"M"
"1147",2,"SC152403","31","PET",124.463,6256.044,284.536,"M"
"1148",3,"SC152403","31","PET",248.927,20555.573,745.859,"L"
"1149",1,"SC152403","31","PP",110.399,4161.712,249.746,"M"
"1150",2,"SC152403","31","PP",134.659,8323.424,322.895,"M"
"1151",3,"SC152403","31","PP",77.106,2972.652,190.88,"S"
"1152",4,"SC152403","31","PP",92.848,3567.182,253.93,"S"
"1153",5,"SC152403","31","PP",86.207,3269.917,190.88,"S"
"1154",6,"SC152403","31","PP",100.534,4458.977,229.547,"M"
"1155",1,"SC152403","31","PS",147.469,5660.23,333.354,"M"
"1156",2,"SC152403","31","PS",92.948,4468.603,244.093,"S"
"1157",3,"SC152403","31","PS",86.3,2681.162,180.976,"S"
"1158",4,"SC152403","31","PS",109.162,5362.323,264.314,"M"
"1159",1,"SC152403","31","PET",249.177,24835.646,598.436,"L"
"1160",1,"SC152403","31","PS",132.263,8410.369,328.306,"M"
"1161",1,"SC160712","106","PE",127.009,7259.04,314.418,"M"
"1162",2,"SC160712","106","PE",216.288,20164,531.873,"L"
"1163",3,"SC160712","106","PE",585.481,84688.8,1555.455,"XL"
"1164",4,"SC160712","106","PE",409.591,79042.88,1137.182,"XL"
"1165",5,"SC160712","106","PE",190.513,13711.52,475.073,"L"
"1166",1,"SC160712","106","PET",63.504,1613.12,137.127,"S"
"1167",2,"SC160712","106","PET",1113.41,40328,2662.219,"XL"
"1168",3,"SC160712","106","PET",1007.3,33068.96,2246.801,"XL"
"1169",4,"SC160712","106","PET",441.8,16131.2,1016.691,"XL"
"1170",5,"SC160712","106","PET",1505.468,74203.52,4256.656,"XL"
"1171",6,"SC160712","106","PET",677.446,37101.76,2237.055,"XL"
"1172",7,"SC160712","106","PET",254.017,7259.04,531.873,"L"
"1173",8,"SC160712","106","PET",852.473,38714.88,2123.455,"XL"
"1174",9,"SC160712","106","PET",457.936,18550.88,1210.619,"XL"
"1175",10,"SC160712","106","PET",433.507,22583.68,950.146,"XL"
"1176",11,"SC160712","106","PET",89.809,2419.68,193.927,"S"
"1177",12,"SC160712","106","PET",80.327,2419.68,160.655,"S"
"1178",1,"SC160712","106","PP",102.398,4032.8,217.455,"M"
"1179",1,"SC160712","106","PS",242.65,25003.36,612.2,"L"
"1180",2,"SC160712","106","PS",181.849,12904.96,394.746,"L"
"1181",1,"SC160712","31","PE",40.164,806.56,80.327,"S"
"1182",2,"SC160712","31","PE",204.795,16937.76,491.709,"L"
"1183",3,"SC160712","31","PE",228.968,26616.48,588.673,"L"
"1184",4,"SC160712","31","PE",102.398,5645.92,257.618,"M"
"1185",1,"SC160712","31","PET",406.626,36295.2,936.364,"XL"
"1186",2,"SC160712","31","PET",289.624,15324.64,669,"L"
"1187",1,"SC160712","31","PP",102.398,3226.24,217.455,"M"
"1188",2,"SC160712","31","PP",80.327,1613.12,160.655,"S"
"1189",3,"SC160712","31","PP",102.398,4032.8,240.982,"M"
"1190",4,"SC160712","31","PP",102.398,4032.8,217.455,"M"
"1191",5,"SC160712","31","PP",127.009,8065.6,314.418,"M"
"1192",6,"SC160712","31","PP",292.396,32262.4,709.164,"L"
"1193",7,"SC160712","31","PP",40.164,806.56,80.327,"S"
"1194",8,"SC160712","31","PP",102.398,4032.8,217.455,"M"
"1195",9,"SC160712","31","PP",63.504,1613.12,137.127,"S"
"1196",10,"SC160712","31","PP",160.655,7259.04,337.946,"L"
"1197",11,"SC160712","31","PP",117.096,4839.36,274.255,"M"
"1198",12,"SC160712","31","PP",120.491,7259.04,274.255,"M"
"1199",13,"SC160712","31","PP",102.398,4032.8,217.455,"M"
"1200",14,"SC160712","31","PP",117.096,3226.24,234.091,"M"
"1201",15,"SC160712","31","PP",102.398,4839.36,257.618,"M"
"1202",16,"SC160712","31","PP",127.009,5645.92,274.255,"M"
"1203",17,"SC160712","31","PP",80.327,3226.24,160.655,"S"
"1204",18,"SC160712","31","PP",395.566,26616.48,903.091,"XL"
"1205",19,"SC160712","31","PP",40.164,806.56,80.327,"S"
"1206",20,"SC160712","31","PP",40.164,806.56,80.327,"S"
"1207",21,"SC160712","31","PP",120.491,7259.04,274.255,"M"
"1208",22,"SC160712","31","PP",80.327,2419.68,160.655,"S"
"1209",23,"SC160712","31","PP",127.009,3226.24,257.618,"M"
"1210",24,"SC160712","31","PP",63.504,1613.12,137.127,"S"
"1211",25,"SC160712","31","PP",40.164,806.56,80.327,"S"
"1212",26,"SC160712","31","PP",102.398,4839.36,240.982,"M"
"1213",27,"SC160712","31","PP",120.491,4839.36,240.982,"M"
"1214",28,"SC160712","31","PP",120.491,4839.36,240.982,"M"
"1215",29,"SC160712","31","PP",142,8872.16,314.418,"M"
"1216",30,"SC160712","31","PP",89.809,3226.24,200.818,"S"
"1217",31,"SC160712","31","PP",332.413,28229.6,862.928,"XL"
"1218",32,"SC160712","31","PP",63.504,1613.12,137.127,"S"
"1219",33,"SC160712","31","PP",63.504,1613.12,137.127,"S"
"1220",34,"SC160712","31","PP",142,8872.16,314.418,"M"
"1221",35,"SC160712","31","PP",89.809,4032.8,240.982,"S"
"1222",36,"SC160712","31","PP",120.491,4839.36,257.618,"M"
"1223",37,"SC160712","31","PP",152.939,12098.4,378.109,"L"
"1224",38,"SC160712","31","PP",165.599,12098.4,394.746,"L"
"1225",39,"SC160712","31","PP",228.968,19357.44,652.364,"L"
"1226",40,"SC160712","31","PP",152.939,10485.28,361.473,"L"
"1227",41,"SC160712","31","PP",142,8872.16,314.418,"M"
"1228",42,"SC160712","31","PP",127.009,8065.6,297.782,"M"
"1229",43,"SC160712","31","PP",269.426,25809.92,645.473,"L"
"1230",44,"SC160712","31","PP",165.599,15324.64,418.273,"L"
"1231",45,"SC160712","31","PP",120.491,7259.04,274.255,"M"
"1232",46,"SC160712","31","PP",152.939,9678.72,378.109,"L"
"1233",1,"SC160712","31","PS",172.75,13711.52,418.273,"L"
"1234",2,"SC160712","31","PS",142,7259.04,354.582,"M"
"1235",3,"SC160712","31","PS",181.849,16131.2,444.655,"L"
"1236",4,"SC160712","31","PS",179.617,14518.08,475.073,"L"
"1237",5,"SC160712","31","PS",127.009,7259.04,321.309,"M"
"1238",6,"SC160712","31","PS",221.811,25809.92,595.564,"L"
"1239",7,"SC160712","31","PS",40.164,806.56,80.327,"S"
"1240",8,"SC160712","31","PS",296.505,28229.6,709.164,"L"
"1241",9,"SC160712","31","PS",40.164,806.56,80.327,"S"
"1242",10,"SC160712","31","PS",181.849,15324.64,441.8,"L"
"1243",11,"SC160712","31","PS",254.017,30649.28,652.364,"L"
"1244",12,"SC160712","31","PS",152.939,10485.28,371.218,"L"
"1245",13,"SC160712","31","PS",127.009,7259.04,281.146,"M"
"1246",14,"SC160712","31","PS",152.939,10485.28,394.746,"L"
"1247",15,"SC160712","31","PS",165.599,12098.4,394.746,"L"
"1248",16,"SC160712","31","PS",144.812,8872.16,354.582,"M"
"1249",17,"SC160712","31","PS",63.504,1613.12,137.127,"S"
"1250",1,"SC160712","31","PTFE",200.818,19357.44,491.709,"L"
"1251",2,"SC160712","31","PTFE",181.849,8872.16,418.273,"L"
"1252",1,"SC170601","106","PE",40.164,806.56,80.327,"S"
"1253",2,"SC170601","106","PE",165.599,13711.52,434.909,"L"
"1254",3,"SC170601","106","PE",206.755,10485.28,491.709,"L"
"1255",1,"SC170601","106","PET",434.436,16937.76,1049.964,"XL"
"1256",2,"SC170601","106","PET",917.632,54846.08,2340.91,"XL"
"1257",3,"SC170601","106","PET",521.355,117757.76,1491.764,"XL"
"1258",1,"SC170601","106","PP",190.513,13711.52,428.018,"L"
"1259",2,"SC170601","106","PP",228.968,21777.12,555.4,"L"
"1260",3,"SC170601","106","PP",743.299,125823.36,1782.655,"XL"
"1261",4,"SC170601","106","PP",346.666,42747.68,862.928,"XL"
"1262",5,"SC170601","106","PP",522.128,79042.88,1290.946,"XL"
"1263",6,"SC170601","106","PP",40.164,806.56,80.327,"S"
"1264",7,"SC170601","106","PP",1109.055,344401.12,3314.583,"XL"
"1265",8,"SC170601","106","PP",242.65,30649.28,628.837,"L"
"1266",9,"SC170601","106","PP",575.056,87915.04,1548.564,"XL"
"1267",10,"SC170601","106","PP",468.385,67751.04,1160.71,"XL"
"1268",11,"SC170601","106","PP",307.193,52426.4,903.091,"XL"
"1269",12,"SC170601","106","PP",635.043,140341.44,1879.619,"XL"
"1270",13,"SC170601","106","PP",204.795,12098.4,605.309,"L"
"1271",14,"SC170601","106","PP",321.309,41941.12,876.71,"XL"
"1272",15,"SC170601","106","PP",409.591,45973.92,1054.001,"XL"
"1273",16,"SC170601","106","PP",281.146,29842.72,692.528,"L"
"1274",1,"SC170601","106","PS",102.398,4839.36,217.455,"M"
"1275",2,"SC170601","106","PS",127.009,4032.8,274.255,"M"
"1276",3,"SC170601","106","PS",127.009,4839.36,274.255,"M"
"1277",4,"SC170601","106","PS",102.398,4839.36,217.455,"M"
"1278",5,"SC170601","106","PS",89.809,3226.24,200.818,"S"
"1279",1,"SC170601","31","PE",152.939,8872.16,354.582,"L"
"1280",2,"SC170601","31","PE",206.755,12904.96,491.709,"L"
"1281",3,"SC170601","31","PE",152.939,8065.6,354.582,"L"
"1282",4,"SC170601","31","PE",165.599,10485.28,371.218,"L"
"1283",5,"SC170601","31","PE",206.755,20970.56,749.328,"L"
"1284",6,"SC170601","31","PE",40.164,806.56,80.327,"S"
"1285",7,"SC170601","31","PE",181.849,13711.52,434.909,"L"
"1286",8,"SC170601","31","PE",204.795,10485.28,458.437,"L"
"1287",9,"SC170601","31","PE",40.164,806.56,80.327,"S"
"1288",1,"SC170601","31","PET",675.06,25003.36,1558.31,"XL"
"1289",2,"SC170601","31","PET",317.522,19357.44,709.164,"XL"
"1290",1,"SC170601","31","PP",40.164,806.56,80.327,"S"
"1291",2,"SC170601","31","PP",289.624,22583.68,678.746,"L"
"1292",3,"SC170601","31","PP",172.75,6452.48,387.855,"L"
"1293",4,"SC170601","31","PP",127.009,8065.6,337.946,"M"
"1294",5,"SC170601","31","PP",216.288,17744.32,508.346,"L"
"1295",6,"SC170601","31","PP",127.009,6452.48,274.255,"M"
"1296",7,"SC170601","31","PP",152.939,7259.04,331.055,"L"
"1297",8,"SC170601","31","PP",179.617,13711.52,434.909,"L"
"1298",9,"SC170601","31","PP",206.755,15324.64,468.182,"L"
"1299",10,"SC170601","31","PP",179.617,7259.04,387.855,"L"
"1300",11,"SC170601","31","PP",244.306,23390.24,628.837,"L"
"1301",12,"SC170601","31","PP",242.65,22583.68,565.146,"L"
"1302",13,"SC170601","31","PP",142,8065.6,314.418,"M"
"1303",14,"SC170601","31","PP",179.617,11291.84,428.018,"L"
"1304",15,"SC170601","31","PP",331.198,33068.96,789.491,"XL"
"1305",16,"SC170601","31","PP",152.939,6452.48,331.055,"L"
"1306",17,"SC170601","31","PP",165.599,12098.4,387.855,"L"
"1307",18,"SC170601","31","PP",216.288,17744.32,491.709,"L"
"1308",19,"SC170601","31","PP",172.75,8872.16,411.382,"L"
"1309",20,"SC170601","31","PP",434.436,45167.36,993.164,"XL"
"1310",21,"SC170601","31","PP",254.017,23390.24,628.837,"L"
"1311",22,"SC170601","31","PP",172.75,4839.36,364.327,"L"
"1312",23,"SC170601","31","PP",221.811,22583.68,572.037,"L"
"1313",24,"SC170601","31","PP",179.617,12098.4,411.382,"L"
"1314",25,"SC170601","31","PP",370.291,65331.36,1030.473,"XL"
"1315",26,"SC170601","31","PP",599.099,75816.64,1484.873,"XL"
"1316",27,"SC170601","31","PP",165.599,9678.72,371.218,"L"
"1317",28,"SC170601","31","PP",432.576,45167.36,1016.691,"XL"
"1318",29,"SC170601","31","PP",179.617,12904.96,411.382,"L"
"1319",30,"SC170601","31","PP",292.396,28229.6,662.109,"L"
"1320",31,"SC170601","31","PP",369.2,45973.92,869.819,"XL"
"1321",32,"SC170601","31","PP",289.624,22583.68,685.637,"L"
"1322",33,"SC170601","31","PP",206.755,9678.72,491.709,"L"
"1323",34,"SC170601","31","PP",216.288,18550.88,491.709,"L"
"1324",35,"SC170601","31","PP",144.812,6452.48,354.582,"M"
"1325",36,"SC170601","31","PP",179.617,13711.52,458.437,"L"
"1326",37,"SC170601","31","PP",152.939,10485.28,354.582,"L"
"1327",38,"SC170601","31","PP",172.75,12904.96,458.437,"L"
"1328",39,"SC170601","31","PP",281.146,29036.16,822.764,"L"
"1329",40,"SC170601","31","PP",127.009,7259.04,297.782,"M"
"1330",41,"SC170601","31","PP",378.903,37101.76,896.2,"XL"
"1331",42,"SC170601","31","PP",242.65,16937.76,572.037,"L"
"1332",43,"SC170601","31","PP",200.818,12904.96,468.182,"L"
"1333",44,"SC170601","31","PP",144.812,7259.04,354.582,"M"
"1334",45,"SC170601","31","PP",296.505,24196.8,702.273,"L"
"1335",46,"SC170601","31","PP",89.809,2419.68,193.927,"S"
"1336",47,"SC170601","31","PP",179.617,12904.96,451.546,"L"
"1337",48,"SC170601","31","PP",289.624,26616.48,662.109,"L"
"1338",49,"SC170601","31","PP",152.939,8065.6,331.055,"L"
"1339",50,"SC170601","31","PP",152.939,8065.6,354.582,"L"
"1340",51,"SC170601","31","PP",200.818,14518.08,491.709,"L"
"1341",52,"SC170601","31","PP",179.617,8872.16,387.855,"L"
"1342",53,"SC170601","31","PP",144.812,8872.16,354.582,"M"
"1343",54,"SC170601","31","PP",190.513,12098.4,475.073,"L"
"1344",55,"SC170601","31","PP",152.939,9678.72,354.582,"L"
"1345",56,"SC170601","31","PP",279.708,31455.84,678.746,"L"
"1346",57,"SC170601","31","PP",216.288,17744.32,508.346,"L"
"1347",58,"SC170601","31","PP",345.501,26616.48,822.764,"XL"
"1348",59,"SC170601","31","PP",216.288,17744.32,508.346,"L"
"1349",60,"SC170601","31","PP",206.755,16131.2,531.873,"L"
"1350",61,"SC170601","31","PP",206.755,15324.64,491.709,"L"
"1351",62,"SC170601","31","PP",127.009,5645.92,274.255,"M"
"1352",63,"SC170601","31","PP",234.192,18550.88,548.509,"L"
"1353",1,"SC170809","106","PE",160.655,6452.48,378.109,"L"
"1354",2,"SC170809","106","PE",386.282,58072.32,983.419,"XL"
"1355",1,"SC170809","106","PET",127.009,7259.04,297.782,"M"
"1356",1,"SC170809","106","PP",244.306,8065.6,515.237,"L"
"1357",2,"SC170809","106","PP",242.65,20164,652.364,"L"
"1358",3,"SC170809","106","PP",419.321,15324.64,1023.582,"XL"
"1359",4,"SC170809","106","PP",269.426,8872.16,581.782,"L"
"1360",5,"SC170809","106","PP",351.289,21777.12,799.237,"XL"
"1361",1,"SC170809","106","PS",607.123,154052.96,1822.819,"XL"
"1362",2,"SC170809","106","PS",165.599,8065.6,378.109,"L"
"1363",1,"SC170809","31","PE",102.398,4032.8,217.455,"M"
"1364",2,"SC170809","31","PE",152.939,7259.04,354.582,"L"
"1365",3,"SC170809","31","PE",102.398,4839.36,217.455,"M"
"1366",4,"SC170809","31","PE",142,4839.36,337.946,"M"
"1367",5,"SC170809","31","PE",144.812,8872.16,378.109,"M"
"1368",6,"SC170809","31","PE",142,8872.16,314.418,"M"
"1369",7,"SC170809","31","PE",244.306,26616.48,628.837,"L"
"1370",8,"SC170809","31","PE",102.398,4032.8,240.982,"M"
"1371",1,"SC170809","31","PP",165.599,9678.72,354.582,"L"
"1372",2,"SC170809","31","PP",40.164,806.56,80.327,"S"
"1373",3,"SC170809","31","PP",165.599,10485.28,371.218,"L"
"1374",4,"SC170809","31","PP",40.164,806.56,80.327,"S"
"1375",5,"SC170809","31","PP",63.504,1613.12,137.127,"S"
"1376",6,"SC170809","31","PP",179.617,12098.4,411.382,"L"
"1377",7,"SC170809","31","PP",142,9678.72,337.946,"M"
"1378",8,"SC170809","31","PP",206.755,16937.76,508.346,"L"
"1379",9,"SC170809","31","PP",102.398,4839.36,217.455,"M"
"1380",10,"SC170809","31","PP",127.009,4032.8,297.782,"M"
"1381",11,"SC170809","31","PP",102.398,4032.8,240.982,"M"
"1382",12,"SC170809","31","PP",40.164,806.56,80.327,"S"
"1383",13,"SC170809","31","PP",63.504,1613.12,120.491,"S"
"1384",14,"SC170809","31","PP",63.504,1613.12,137.127,"S"
"1385",15,"SC170809","31","PP",142,8872.16,314.418,"M"
"1386",16,"SC170809","31","PP",89.809,2419.68,193.927,"S"
"1387",17,"SC170809","31","PP",80.327,2419.68,160.655,"S"
"1388",18,"SC170809","31","PP",80.327,2419.68,160.655,"S"
"1389",19,"SC170809","31","PP",63.504,1613.12,120.491,"S"
"1390",1,"SC170809","31","PS",63.504,1613.12,137.127,"S"
"1391",2,"SC170809","31","PS",80.327,3226.24,160.655,"S"
"1392",3,"SC170809","31","PS",40.164,806.56,80.327,"S"
"1393",4,"SC170809","31","PS",102.398,3226.24,217.455,"M"
"1394",5,"SC170809","31","PS",181.849,8872.16,394.746,"L"
"1395",1,"SC171902","106","PE",261.835,26616.48,669,"L"
"1396",2,"SC171902","106","PE",406.626,70977.28,1271.455,"XL"
"1397",3,"SC171902","106","PE",323.81,41941.12,940.401,"XL"
"1398",4,"SC171902","106","PE",254.017,17744.32,605.309,"L"
"1399",5,"SC171902","106","PE",165.599,7259.04,394.746,"L"
"1400",6,"SC171902","106","PE",545.546,98400.32,1394.801,"XL"
"1401",7,"SC171902","106","PE",343.159,62105.12,959.891,"XL"
"1402",8,"SC171902","106","PE",490.26,92754.4,1418.328,"XL"
"1403",9,"SC171902","106","PE",406.626,54039.52,1049.964,"XL"
"1404",10,"SC171902","106","PE",764.693,147600.48,2278.401,"XL"
"1405",11,"SC171902","106","PE",359.235,64524.8,1006.946,"XL"
"1406",12,"SC171902","106","PE",426,92754.4,1177.346,"XL"
"1407",13,"SC171902","106","PE",279.708,35488.64,749.328,"L"
"1408",14,"SC171902","106","PE",369.2,54039.52,976.528,"XL"
"1409",15,"SC171902","106","PE",281.146,35488.64,782.6,"L"
"1410",16,"SC171902","106","PE",190.513,15324.64,555.4,"L"
"1411",17,"SC171902","106","PE",127.009,6452.48,274.255,"M"
"1412",18,"SC171902","106","PE",165.599,9678.72,434.909,"L"
"1413",19,"SC171902","106","PE",267.925,21777.12,926.619,"L"
"1414",20,"SC171902","106","PE",102.398,3226.24,217.455,"M"
"1415",21,"SC171902","106","PE",179.617,11291.84,458.437,"L"
"1416",22,"SC171902","106","PE",221.811,12098.4,595.564,"L"
"1417",23,"SC171902","106","PE",242.65,21777.12,588.673,"L"
"1418",24,"SC171902","106","PE",254.017,18550.88,548.509,"L"
"1419",25,"SC171902","106","PE",261.835,20164,749.328,"L"
"1420",1,"SC171902","106","PET",2430.648,145987.36,6027.894,"XL"
"1421",2,"SC171902","106","PET",244.306,11291.84,498.6,"L"
"1422",3,"SC171902","106","PET",351.289,12904.96,806.128,"XL"
"1423",4,"SC171902","106","PET",1164.4,67751.04,2719.019,"XL"
"1424",5,"SC171902","106","PET",1165.785,114531.52,3954.348,"XL"
"1425",6,"SC171902","106","PET",482.8,18550.88,1177.346,"XL"
"1426",7,"SC171902","106","PET",394.545,25809.92,1207.764,"XL"
"1427",8,"SC171902","106","PET",725.73,62105.12,2628.947,"XL"
"1428",9,"SC171902","106","PET",160.655,3226.24,321.309,"L"
"1429",10,"SC171902","106","PET",1619.796,70977.28,3661.092,"XL"
"1430",11,"SC171902","106","PET",2384.247,288748.48,9532.368,"XL"
"1431",12,"SC171902","106","PET",40.164,806.56,80.327,"S"
"1432",13,"SC171902","106","PET",346.666,16131.2,765.964,"XL"
"1433",1,"SC171902","106","PP",165.599,9678.72,481.964,"L"
"1434",2,"SC171902","106","PP",190.513,13711.52,451.546,"L"
"1435",3,"SC171902","106","PP",165.599,8872.16,378.109,"L"
"1436",4,"SC171902","106","PP",301.896,25003.36,909.982,"XL"
"1437",1,"SC171902","31","PE",267.925,16937.76,572.037,"L"
"1438",2,"SC171902","31","PE",40.164,806.56,80.327,"S"
"1439",3,"SC171902","31","PE",179.617,12098.4,411.382,"L"
"1440",4,"SC171902","31","PE",89.809,2419.68,193.927,"S"
"1441",5,"SC171902","31","PE",152.939,6452.48,354.582,"L"
"1442",6,"SC171902","31","PE",200.818,11291.84,515.237,"L"
"1443",7,"SC171902","31","PE",279.708,24196.8,652.364,"L"
"1444",8,"SC171902","31","PE",206.755,12904.96,468.182,"L"
"1445",9,"SC171902","31","PE",179.617,12098.4,411.382,"L"
"1446",10,"SC171902","31","PE",152.939,6452.48,354.582,"L"
"1447",11,"SC171902","31","PE",289.624,28229.6,772.855,"L"
"1448",12,"SC171902","31","PE",179.617,12098.4,411.382,"L"
"1449",13,"SC171902","31","PE",190.513,13711.52,434.909,"L"
"1450",14,"SC171902","31","PE",102.398,4032.8,240.982,"M"
"1451",15,"SC171902","31","PE",228.968,20164,565.146,"L"
"1452",16,"SC171902","31","PE",89.809,2419.68,193.927,"S"
"1453",17,"SC171902","31","PE",261.835,19357.44,605.309,"L"
"1454",18,"SC171902","31","PE",190.513,16937.76,491.709,"L"
"1455",19,"SC171902","31","PE",152.939,7259.04,331.055,"L"
"1456",20,"SC171902","31","PE",281.146,27423.04,742.437,"L"
"1457",21,"SC171902","31","PE",40.164,806.56,80.327,"S"
"1458",22,"SC171902","31","PE",234.192,25809.92,669,"L"
"1459",23,"SC171902","31","PE",127.009,5645.92,274.255,"M"
"1460",24,"SC171902","31","PE",142,7259.04,314.418,"M"
"1461",25,"SC171902","31","PE",181.849,10485.28,378.109,"L"
"1462",26,"SC171902","31","PE",152.939,5645.92,354.582,"L"
"1463",27,"SC171902","31","PE",242.65,24196.8,669,"L"
"1464",28,"SC171902","31","PE",63.504,1613.12,137.127,"S"
"1465",29,"SC171902","31","PE",179.617,10485.28,434.909,"L"
"1466",30,"SC171902","31","PE",102.398,4032.8,217.455,"M"
"1467",31,"SC171902","31","PE",80.327,2419.68,160.655,"S"
"1468",32,"SC171902","31","PE",144.812,5645.92,331.055,"M"
"1469",33,"SC171902","31","PE",279.708,36295.2,772.855,"L"
"1470",34,"SC171902","31","PE",120.491,5645.92,257.618,"M"
"1471",35,"SC171902","31","PE",142,6452.48,354.582,"M"
"1472",36,"SC171902","31","PE",228.968,15324.64,548.509,"L"
"1473",37,"SC171902","31","PE",331.198,35488.64,846.291,"XL"
"1474",38,"SC171902","31","PE",152.939,9678.72,371.218,"L"
"1475",39,"SC171902","31","PE",102.398,4032.8,217.455,"M"
"1476",40,"SC171902","31","PE",142,8065.6,314.418,"M"
"1477",41,"SC171902","31","PE",144.812,5645.92,354.582,"M"
"1478",42,"SC171902","31","PE",152.939,6452.48,378.109,"L"
"1479",43,"SC171902","31","PE",152.939,6452.48,354.582,"L"
"1480",44,"SC171902","31","PE",152.939,8872.16,354.582,"L"
"1481",45,"SC171902","31","PE",254.017,16131.2,572.037,"L"
"1482",46,"SC171902","31","PE",152.939,7259.04,354.582,"L"
"1483",47,"SC171902","31","PE",40.164,806.56,80.327,"S"
"1484",48,"SC171902","31","PE",152.939,8065.6,354.582,"L"
"1485",49,"SC171902","31","PE",242.65,23390.24,628.837,"L"
"1486",50,"SC171902","31","PE",305.877,30649.28,862.928,"XL"
"1487",51,"SC171902","31","PE",40.164,806.56,80.327,"S"
"1488",52,"SC171902","31","PE",179.617,13711.52,458.437,"L"
"1489",53,"SC171902","31","PE",228.968,22583.68,565.146,"L"
"1490",54,"SC171902","31","PE",234.192,16131.2,524.982,"L"
"1491",55,"SC171902","31","PE",190.513,14518.08,451.546,"L"
"1492",56,"SC171902","31","PE",331.198,42747.68,822.764,"XL"
"1493",57,"SC171902","31","PE",228.968,8065.6,501.455,"L"
"1494",58,"SC171902","31","PE",89.809,2419.68,193.927,"S"
"1495",59,"SC171902","31","PE",261.835,22583.68,635.728,"L"
"1496",60,"SC171902","31","PE",228.968,17744.32,508.346,"L"
"1497",61,"SC171902","31","PE",200.818,13711.52,491.709,"L"
"1498",62,"SC171902","31","PE",165.599,8065.6,354.582,"L"
"1499",63,"SC171902","31","PE",181.849,12904.96,411.382,"L"
"1500",64,"SC171902","31","PE",269.426,22583.68,605.309,"L"
"1501",65,"SC171902","31","PE",102.398,4032.8,217.455,"M"
"1502",66,"SC171902","31","PE",179.617,13711.52,434.909,"L"
"1503",67,"SC171902","31","PE",234.192,25003.36,619.091,"L"
"1504",68,"SC171902","31","PE",63.504,1613.12,137.127,"S"
"1505",69,"SC171902","31","PE",63.504,1613.12,120.491,"S"
"1506",70,"SC171902","31","PE",179.617,8872.16,411.382,"L"
"1507",71,"SC171902","31","PE",127.009,5645.92,297.782,"M"
"1508",72,"SC171902","31","PE",152.939,9678.72,354.582,"L"
"1509",73,"SC171902","31","PE",206.755,16131.2,491.709,"L"
"1510",74,"SC171902","31","PE",261.835,24196.8,652.364,"L"
"1511",75,"SC171902","31","PE",261.835,20970.56,605.309,"L"
"1512",76,"SC171902","31","PE",160.655,11291.84,371.218,"L"
"1513",77,"SC171902","31","PE",373.544,33875.52,966.782,"XL"
"1514",78,"SC171902","31","PE",152.939,8872.16,354.582,"L"
"1515",79,"SC171902","31","PE",127.009,6452.48,297.782,"M"
"1516",80,"SC171902","31","PE",179.617,12904.96,434.909,"L"
"1517",81,"SC171902","31","PE",228.968,18550.88,531.873,"L"
"1518",82,"SC171902","31","PE",206.755,15324.64,491.709,"L"
"1519",83,"SC171902","31","PE",296.505,17744.32,685.637,"L"
"1520",84,"SC171902","31","PE",165.599,7259.04,354.582,"L"
"1521",85,"SC171902","31","PE",296.505,19357.44,709.164,"L"
"1522",86,"SC171902","31","PE",179.617,12904.96,411.382,"L"
"1523",87,"SC171902","31","PE",216.288,16131.2,484.818,"L"
"1524",88,"SC171902","31","PE",190.513,11291.84,451.546,"L"
"1525",89,"SC171902","31","PE",267.925,33875.52,669,"L"
"1526",90,"SC171902","31","PE",204.795,16937.76,468.182,"L"
"1527",91,"SC171902","31","PE",317.522,20164,765.964,"XL"
"1528",92,"SC171902","31","PE",346.666,23390.24,886.455,"XL"
"1529",93,"SC171902","31","PE",179.617,12904.96,411.382,"L"
"1530",94,"SC171902","31","PE",279.708,20164,652.364,"L"
"1531",95,"SC171902","31","PE",117.096,3226.24,250.727,"M"
"1532",96,"SC171902","31","PE",346.666,39521.44,933.51,"XL"
"1533",97,"SC171902","31","PE",179.617,12098.4,434.909,"L"
"1534",98,"SC171902","31","PE",152.939,8065.6,418.273,"L"
"1535",99,"SC171902","31","PE",102.398,4839.36,217.455,"M"
"1536",100,"SC171902","31","PE",179.617,8872.16,387.855,"L"
"1537",101,"SC171902","31","PE",179.617,8872.16,411.382,"L"
"1538",102,"SC171902","31","PE",422.196,75010.08,1200.873,"XL"
"1539",103,"SC171902","31","PE",165.599,11291.84,394.746,"L"
"1540",104,"SC171902","31","PE",142,8872.16,314.418,"M"
"1541",105,"SC171902","31","PE",228.968,18550.88,515.237,"L"
"1542",106,"SC171902","31","PE",292.396,29036.16,692.528,"L"
"1543",107,"SC171902","31","PE",144.812,10485.28,378.109,"M"
"1544",108,"SC171902","31","PE",204.795,14518.08,491.709,"L"
"1545",1,"SC171902","31","PET",495.985,24196.8,1106.764,"XL"
"1546",2,"SC171902","31","PET",200.818,7259.04,418.273,"L"
"1547",3,"SC171902","31","PET",144.812,8872.16,354.582,"M"
"1548",1,"SC171902","31","PP",127.009,4839.36,274.255,"M"
"1549",2,"SC171902","31","PP",206.755,13711.52,468.182,"L"
"1550",3,"SC171902","31","PP",127.009,4032.8,257.618,"M"
"1551",4,"SC171902","31","PP",216.288,15324.64,468.182,"L"
"1552",5,"SC171902","31","PP",216.288,15324.64,508.346,"L"
"1553",6,"SC171902","31","PP",181.849,13711.52,428.018,"L"
"1554",7,"SC171902","31","PP",89.809,3226.24,217.455,"S"
"1555",8,"SC171902","31","PP",102.398,4032.8,217.455,"M"
"1556",9,"SC171902","31","PP",102.398,3226.24,217.455,"M"
"1557",10,"SC171902","31","PP",144.812,8872.16,354.582,"M"
"1558",11,"SC171902","31","PP",165.599,6452.48,354.582,"L"
"1559",12,"SC171902","31","PP",228.968,18550.88,508.346,"L"
"1560",13,"SC171902","31","PP",40.164,806.56,80.327,"S"
"1561",14,"SC171902","31","PP",142,6452.48,297.782,"M"
"1562",15,"SC171902","31","PP",216.288,14518.08,508.346,"L"
"1563",16,"SC171902","31","PP",228.968,21777.12,541.618,"L"
"1564",17,"SC171902","31","PP",144.812,4032.8,307.527,"M"
"1565",18,"SC171902","31","PP",142,9678.72,337.946,"M"
"1566",19,"SC171902","31","PP",127.009,8065.6,297.782,"M"
"1567",20,"SC171902","31","PP",120.491,4839.36,257.618,"M"
"1568",21,"SC171902","31","PP",127.009,5645.92,274.255,"M"
"1569",22,"SC171902","31","PP",296.505,29036.16,772.855,"L"
"1570",23,"SC171902","31","PP",127.009,6452.48,297.782,"M"
"1571",24,"SC171902","31","PP",179.617,12904.96,411.382,"L"
"1572",1,"SC171902","31","PS",40.164,806.56,80.327,"S"
"1573",2,"SC171902","31","PS",80.327,2419.68,160.655,"S"
"1574",3,"SC171902","31","PS",63.504,1613.12,137.127,"S"
"1575",4,"SC171902","31","PS",89.809,3226.24,217.455,"S"
"1576",5,"SC171902","31","PS",179.617,12098.4,411.382,"L"
"1577",6,"SC171902","31","PS",80.327,2419.68,160.655,"S"
"1578",7,"SC171902","31","PS",204.795,12904.96,475.073,"L"
"1579",8,"SC171902","31","PS",152.939,7259.04,331.055,"L"
"1580",9,"SC171902","31","PS",206.755,17744.32,491.709,"L"
"1581",10,"SC171902","31","PS",127.009,6452.48,274.255,"M"
"1582",11,"SC171902","31","PS",152.939,8065.6,331.055,"L"
"1583",12,"SC171902","31","PS",117.096,5645.92,297.782,"M"
"1584",13,"SC171902","31","PS",102.398,4032.8,217.455,"M"
"1585",14,"SC171902","31","PS",80.327,3226.24,160.655,"S"
