Pkey,Label,PlasticType,PlasticID,PlasticShape,Area,Perim.,Length,FeretX,FeretY,FeretAngle,MinFeret,Location
1,MC_S02,PE,PE_1,Fragment,806.56,80.327,40.164,10678.4,4260,135,28.4,MC
2,MC_S02,PE,PE_2,Fragment,15324.64,595.564,261.835,6588.8,9996.8,40.601,136.41,MC
3,MC_S02,PE,PE_3,Fragment,4032.8,217.455,102.398,6106,10309.2,56.31,56.8,MC
4,MC_S02,PET,PET_1,Fragment,10485.28,562.291,281.146,4089.6,6816,45,76.521,MC
5,MC_S02,PET,PET_2,Fragment,10485.28,669,296.505,766.8,7526,16.699,107.04,MC
6,MC_S02,PET,PET_3,Fragment,9678.72,538.764,261.835,8037.2,8406.4,130.601,75.689,MC
7,MC_S02,PP,PP_1,Fragment,9678.72,321.309,127.009,7242,1050.8,116.565,113.6,MC
8,MC_S02,PP,PP_2,Fragment,200026.88,3210.729,1008.5,1476.8,2499.2,32.347,524.578,MC
9,MC_S02,PP,PP_3,Fragment,5645.92,257.618,102.398,8576.8,2101.6,123.69,85.2,MC
10,MC_S02,PP,PP_4,Fragment,1613.12,120.491,63.504,1988,2641.2,153.435,28.4,MC
11,MC_S02,PP,PP_5,Fragment,17744.32,491.709,221.811,9173.2,3237.6,39.806,139.753,MC
12,MC_S02,PP,PP_6,Fragment,80656,1525.037,602.455,9996.8,3834,98.13,271.5,MC
13,MC_S02,PP,PP_7,Fragment,72590.4,1725.855,602.455,7696.4,5651.6,81.87,240.066,MC
14,MC_S02,PP,PP_8,Fragment,7259.04,274.255,120.491,284,6475.2,135,85.2,MC
15,MC_S02,PP,PP_9,Fragment,12904.96,418.273,181.849,8917.6,9116.4,38.66,114.409,MC
16,MC_S03,PET,PET_1,Fibre,79042.88,3220.474,1189.414,2783.2,1760.8,146.689,432.501,MC
17,MC_S03,PET,PET_2,Fibre,154859.52,5420.22,1392.759,5651.6,4941.6,73.413,1093.376,MC
18,MC_S03,PET,PET_3,Fibre,95980.64,2983.529,1092.57,6901.2,4061.2,152.103,421.516,MC
19,MC_S03,PET,PET_4,Fibre,15324.64,936.364,401.637,255.6,4544,98.13,109.361,MC
20,MC_S03,PET,PET_5,Fibre,25003.36,1163.564,433.507,5964,5964,31.608,216.073,MC
21,MC_S03,PP,PP_1,Fragment,2419.68,193.927,89.809,8037.2,3862.4,108.435,28.4,MC
22,MC_S05,PET,PET_1,Fragment,21777.12,588.673,216.288,3834,1448.4,113.199,170.4,MC
23,MC_S05,PET,PET_2,Fibre,58878.88,3350.71,980.931,8179.2,9627.6,67.891,660.962,MC
24,MC_S05,PET,PET_3,Fragment,18550.88,645.473,254.017,6759.2,9144.8,153.435,136.696,MC
25,MC_S05,PP,PP_1,Fragment,8872.16,401.637,181.849,4430.4,2925.2,128.66,100.409,MC
26,MC_S05,PP,PP_2,Fragment,3226.24,160.655,80.327,8662,3152.4,135,56.8,MC
27,MC_S05,PP,PP_3,Fragment,4032.8,217.455,102.398,8576.8,3180.8,123.69,56.8,MC
28,MC_S05,PP,PP_4,Fragment,8872.16,354.582,152.939,3237.6,3322.8,21.801,85.2,MC
29,MC_S05,PP,PP_5,Fragment,4839.36,217.455,102.398,6361.6,4032.8,146.31,56.8,MC
30,MC_S05,PP,PP_6,Fragment,4032.8,257.618,102.398,9883.2,4742.8,146.31,85.2,MC
31,MC_S05,PP,PP_7,Fragment,14518.08,418.273,179.617,9116.4,6020.8,18.435,113.6,MC
32,MC_S05,PS,PS_1,Fragment,6452.48,297.782,142,7355.6,7128.4,53.13,85.2,MC
33,MC_S05,PS,PS_2,Fragment,15324.64,428.018,181.849,8605.2,7810,141.34,113.6,MC
34,MC_S07,PET,PET_1,Fibre,60492,2103.965,863.752,8264.4,6276.4,43.668,252.552,MC
35,MC_S07,PP,PP_1,Fragment,4032.8,217.455,102.398,5367.6,2215.2,123.69,56.8,MC
36,MC_S07,PP,PP_2,Fragment,2419.68,193.927,89.809,7810,3493.2,108.435,28.4,MC
37,MC_S07,PP,PP_3,Fragment,2419.68,160.655,80.327,8860.8,5310.8,135,56.8,MC
38,MC_S07,PP,PP_4,Fragment,3226.24,240.982,102.398,5509.6,5367.6,146.31,56.8,MC
39,MC_S07,PP,PP_5,Fragment,7259.04,297.782,127.009,7014.8,6191.2,26.565,85.2,MC
40,MC_S07,PP,PP_6,Fragment,8872.16,387.855,179.617,2499.2,6645.6,71.565,56.8,MC
41,MC_S07,PP,PP_7,Fragment,2419.68,193.927,89.809,7923.6,6872.8,108.435,28.4,MC
42,MC_S07,PP,PP_8,Fragment,6452.48,297.782,127.009,4572.4,8207.6,116.565,85.2,MC
43,SZ_S01,PET,PET_1,Fragment,45973.92,1056.855,465.795,1107.6,5168.8,52.431,207.8,SZ
44,SZ_S02,PS,PS_1,Fragment,5645.92,257.618,102.398,7952,198.8,123.69,85.2,SZ
45,SZ_S02,PS,PS_2,Fragment,2419.68,193.927,89.809,7866.8,738.4,108.435,28.4,SZ
46,SZ_S06,PET,PET_1,Fibre,25809.92,1130.291,373.544,5310.8,1874.4,98.746,170.4,SZ
47,SZ_S06,PET,PET_2,Fragment,29842.72,669,269.426,1107.6,3180.8,18.435,168.177,SZ
48,SZ_S06,PET,PET_3,Fibre,50813.28,1836.601,775.169,5339.2,3578.4,28.443,171.929,SZ
49,SZ_S06,PET,PET_4,Fibre,29036.16,1531.928,625.445,5282.4,3834,39.472,207.755,SZ
50,SZ_S06,PET,PET_5,Fibre,73396.96,2635.838,984.215,1476.8,6390,133.831,248.259,SZ
51,SZ_S06,PP,PP_1,Fragment,12098.4,451.546,204.795,2669.6,2556,33.69,106.094,SZ
52,SZ_S06,PP,PP_2,Fibre,22583.68,1421.182,623.508,3976,4544,149.931,165.457,SZ
53,SZ_S06,PP,PP_3,Fragment,29842.72,893.346,351.289,2186.8,6617.2,14.036,167.812,SZ
54,SZ_S06,PP,PP_4,Fragment,37908.32,1040.219,434.436,1732.4,6702.4,11.31,142,SZ
55,SZ_S06,PP,PP_5,Fragment,4839.36,217.455,102.398,4970,7781.6,123.69,56.8,SZ
56,SZ_S07,PET,PET_1,Fibre,1006586.88,35473.184,35473.184,2470.8,2073.2,141.464,4960.649,SZ
57,SZ_S08,PET,PET_1,Fibre,58072.32,4019.711,1704.473,2925.2,5083.6,79.439,302.192,SZ
58,SZ_S08,PET,PET_2,Fibre,806.56,80.327,40.164,2868.4,5083.6,135,28.4,SZ
59,SZ_S08,PP,PP_1,Fragment,8065.6,354.582,152.939,965.6,7071.6,111.801,85.2,SZ
60,TS_S11,PE,PE_1,Fragment,8065.6,321.309,127.009,8434.8,5822,116.565,100.409,TS
61,TS_S11,PE,PE_2,Fragment,9678.72,411.382,190.513,823.6,6219.6,116.565,85.2,TS
62,TS_S11,PE,PE_3,Fragment,4839.36,240.982,120.491,6674,6958,135,76.248,TS
63,TS_S11,PET,PET_1,Fragment,19357.44,508.346,216.288,3294.4,1988,113.199,113.6,TS
64,TS_S11,PET,PET_2,Fragment,6452.48,378.109,181.849,8662,2101.6,128.66,60.245,TS
65,TS_S11,PET,PET_3,Fibre,26616.48,1234.146,548.495,8065.6,3805.6,111.251,125.956,TS
66,TS_S11,PET,PET_4,Fragment,5645.92,411.382,190.513,6901.2,4146.4,116.565,63.576,TS
67,TS_S11,PET,PET_5,Fibre,28229.6,1475.128,648.864,9883.2,4203.2,113.199,174.349,TS
68,TS_S11,PET,PET_6,Fibre,68557.6,2652.474,1194.152,8633.6,4231.6,115.346,198.57,TS
69,TS_S11,PET,PET_7,Fibre,36295.2,1779.801,835.269,8775.6,7724.8,125.311,159.736,TS
70,TS_S11,PP,PP_1,Fragment,5645.92,354.582,152.939,8008.8,1789.2,111.801,75.799,TS
71,TS_S11,PP,PP_10,Fragment,2419.68,193.927,89.809,9343.6,5878.8,108.435,28.4,TS
72,TS_S11,PP,PP_11,Fragment,17744.32,515.237,228.968,6219.6,10053.6,119.745,120.491,TS
73,TS_S11,PP,PP_2,Fragment,10485.28,411.382,190.513,3180.8,1846,116.565,85.2,TS
74,TS_S11,PP,PP_3,Fragment,33068.96,856.037,378.903,3010.4,2158.4,102.995,140.166,TS
75,TS_S11,PP,PP_4,Fragment,5645.92,274.255,127.009,2669.6,2982,116.565,56.8,TS
76,TS_S11,PP,PP_5,Fragment,86301.92,1491.764,590.966,1050.8,4458.8,54.782,296.324,TS
77,TS_S11,PP,PP_6,Fragment,806.56,80.327,40.164,6077.6,4146.4,135,28.4,TS
78,TS_S11,PP,PP_7,Fragment,71783.84,1187.091,490.26,6049.2,4203.2,100.008,198.8,TS
79,TS_S11,PP,PP_8,Fragment,6452.48,451.546,200.818,852,5026.8,171.87,56.8,TS
80,TS_S11,PP,PP_9,Fragment,5645.92,387.855,172.75,738.4,5055.2,99.462,56.8,TS
81,TS_S12,PP,PP_1,Rod,1839763.36,16409.407,7455.582,255.6,4913.2,26.955,716.487,TS
82,TS_S12,PP,PP_2,Fragment,3226.24,160.655,80.327,624.8,1874.4,135,56.8,TS
83,TS_S12,PP,PP_3,Fragment,16937.76,468.182,204.795,7582.8,2868.4,56.31,113.6,TS
84,TS_S12,PP,PP_4,Fragment,17744.32,531.873,244.306,7668,6929.6,125.538,114.409,TS
85,TS_S12,PP,PP_5,Fragment,8872.16,337.946,160.655,7270.4,8889.2,45,100.409,TS
86,TS_S13,PE,PE_1,Fragment,7259.04,411.382,165.599,3521.6,1221.2,120.964,88.993,TS
87,TS_S13,PE,PE_2,Fragment,5645.92,297.782,120.491,5935.6,2612.8,45,85.2,TS
88,TS_S13,PE,PE_3,Fragment,16937.76,588.673,234.192,4316.8,7327.2,75.964,113.6,TS
89,TS_S13,PET,PET_1,Fibre,23390.24,1407.4,668.457,7298.8,1334.8,167.735,95.206,TS
90,TS_S13,PET,PET_10,Fibre,67751.04,3568.165,1856.99,5481.2,9059.6,162.35,503.76,TS
91,TS_S13,PET,PET_11,Fragment,50006.72,1224.401,403.64,3095.6,9116.4,129.289,257.475,TS
92,TS_S13,PET,PET_2,Fibre,55652.64,2896.31,1242.155,4799.6,3436.4,169.461,214.537,TS
93,TS_S13,PET,PET_3,Fibre,98400.32,5070.857,2696.106,1192.8,3464.8,100.784,595.863,TS
94,TS_S13,PET,PET_4,Fragment,1613.12,137.127,63.504,2414,3890.8,116.565,28.4,TS
95,TS_S13,PET,PET_5,Fragment,13711.52,869.819,409.591,1391.6,4771.2,33.69,79.85,TS
96,TS_S13,PET,PET_6,Fragment,16131.2,685.637,296.505,994,4970,16.699,120.193,TS
97,TS_S13,PET,PET_7,Fibre,25809.92,1193.982,523.67,8264.4,6191.2,167.471,133.066,TS
98,TS_S13,PET,PET_8,Fragment,1613.12,137.127,63.504,5310.8,8236,116.565,28.4,TS
99,TS_S13,PET,PET_9,Fragment,806.56,80.327,40.164,5396,8292.8,135,28.4,TS
100,TS_S13,PP,PP_1,Fragment,7259.04,354.582,165.599,5452.8,198.8,30.964,85.2,TS
101,TS_S13,PP,PP_10,Fragment,4032.8,331.055,152.939,8548.4,8946,111.801,53.967,TS
102,TS_S13,PP,PP_2,Fragment,4032.8,274.255,127.009,5367.6,255.6,63.435,56.8,TS
103,TS_S13,PP,PP_3,Fragment,39521.44,1097.019,449.043,1022.4,4458.8,108.435,156.311,TS
104,TS_S13,PP,PP_4,Fragment,806.56,80.327,40.164,823.6,4544,135,28.4,TS
105,TS_S13,PP,PP_5,Fragment,806.56,80.327,40.164,1249.6,4657.6,135,28.4,TS
106,TS_S13,PP,PP_6,Fragment,5645.92,297.782,120.491,8804,5623.2,135,85.2,TS
107,TS_S13,PP,PP_7,Fragment,4032.8,257.618,127.009,4402,7213.6,153.435,56.8,TS
108,TS_S13,PP,PP_8,Fragment,3226.24,200.818,89.809,3408,7497.6,161.565,56.8,TS
109,TS_S13,PP,PP_9,Fragment,4032.8,200.818,102.398,9514,8548.4,33.69,56.8,TS
110,TS_S13,PS,PS_1,Fragment,8872.16,314.418,142,4089.6,113.6,53.13,85.2,TS
111,TS_S13,PS,PS_2,Fragment,2419.68,193.927,89.809,3834,568,108.435,28.4,TS
112,TS_S13,PS,PS_3,Fragment,2419.68,193.927,89.809,3890.8,624.8,108.435,28.4,TS
113,TS_S13,PS,PS_4,Fragment,28229.6,929.473,281.146,908.8,3294.4,135,198.8,TS
114,TS_S13,PS,PS_5,Fibre,25003.36,1047.11,426,482.8,3777.2,143.13,165.313,TS
115,TS_S13,PS,PS_6,Fragment,9678.72,434.909,190.513,6134.4,4373.6,26.565,105.695,TS
116,TS_S13,PS,PS_7,Fibre,34682.08,1274.31,548.495,5566.4,4345.2,158.749,154.286,TS
117,TS_S13,PS,PS_8,Fragment,8065.6,387.855,172.75,3379.6,8576.8,99.462,56.8,TS
118,TS_S14,PP,PP_1,Fragment,93560.96,1652.419,575.056,6020.8,1732.4,32.905,322.365,TS
119,TS_S14,PP,PP_2,Fragment,16937.76,595.564,244.306,2414,4572.4,54.462,118.277,TS
120,TS_S14,PS,PS_1,Fragment,4032.8,217.455,102.398,8804,4941.6,123.69,56.8,TS
121,LFS_Y3_S03,PET,PET_1,Fibre,20970.56,722.429,722.429,5254,7185.2,46.637,75.043,LFS
122,LFS_Y3_S03,PP,PP_1,Fragment,2419.68,193.927,89.809,3862.4,1533.6,108.435,28.4,LFS
123,LFS_Y3_S03,PP,PP_2,Fragment,4032.8,217.455,102.398,6872.8,1931.2,56.31,56.8,LFS
124,LFS_Y3_S03,PP,PP_3,Fragment,19357.44,555.4,216.288,1278,2073.2,23.199,142,LFS
125,LFS_Y3_S03,PP,PP_4,Fragment,4032.8,217.455,102.398,1079.2,2130,123.69,56.8,LFS
126,LFS_Y3_S03,PP,PP_5,Fragment,1613.12,120.491,63.504,7781.6,2130,153.435,28.4,LFS
127,LFS_Y3_S03,PP,PP_6,Fragment,18550.88,732.691,244.306,5822,2896.8,125.538,160.655,LFS
128,LFS_Y3_S03,PP,PP_7,Fragment,2419.68,160.655,80.327,7440.8,3095.6,135,56.8,LFS
129,LFS_Y3_S03,PP,PP_8,Fragment,8872.16,314.418,142,4118,3266,53.13,85.2,LFS
130,LFS_Y3_S03,PP,PP_9,Fragment,6452.48,297.782,142,5509.6,3919.2,36.87,85.2,LFS
131,LFS_Y3_S03,PP,PP_10,Fragment,3226.24,217.455,89.809,8264.4,4089.6,108.435,56.8,LFS
132,LFS_Y3_S03,PP,PP_11,Fragment,51619.84,1000.055,406.626,4714.4,4260,102.095,227.2,LFS
133,LFS_Y3_S03,PP,PP_12,Fragment,1613.12,137.127,63.504,397.6,5254,116.565,28.4,LFS
134,LFS_Y3_S03,PP,PP_13,Fragment,5645.92,257.618,102.398,7440.8,5680,123.69,85.2,LFS
135,LFS_Y3_S03,PP,PP_14,Fragment,13711.52,491.709,228.968,4998.4,5850.4,150.255,96.484,LFS
136,LFS_Y3_S03,PP,PP_15,Fragment,2419.68,177.291,89.809,6588.8,5878.8,161.565,28.4,LFS
137,LFS_Y3_S03,PP,PP_16,Fragment,3226.24,217.455,89.809,5651.6,5907.2,108.435,56.8,LFS
138,LFS_Y3_S03,PP,PP_17,Fragment,9678.72,354.582,165.599,766.8,5935.6,120.964,85.2,LFS
139,LFS_Y3_S03,PP,PP_18,Fragment,2419.68,193.927,89.809,3038.8,6219.6,108.435,28.4,LFS
140,LFS_Y3_S03,PP,PP_19,Fragment,12904.96,662.109,305.877,8037.2,6532,68.199,79.804,LFS
141,LFS_Y3_S03,PP,PP_20,Fragment,4032.8,217.455,102.398,880.4,6901.2,56.31,56.8,LFS
142,LFS_Y3_S03,PP,PP_21,Fragment,3226.24,217.455,102.398,7668,7270.4,56.31,56.8,LFS
143,LFS_Y3_S03,PP,PP_22,Fragment,1613.12,137.127,63.504,5026.8,7355.6,116.565,28.4,LFS
144,LFS_Y3_S03,PP,PP_23,Fragment,8065.6,337.946,142,5282.4,8150.8,53.13,100.409,LFS
145,LFS_Y3_S03,PS,PS_1,Fragment,22583.68,628.837,221.811,5708.4,3976,129.806,170.4,LFS
146,LFS_Y3_S03,PS,PS_2,Fragment,2419.68,193.927,89.809,8463.2,5083.6,108.435,28.4,LFS
147,LFS_Y3_S04,PE,PE_1,Fragment,4839.36,217.455,102.398,7526,6674,123.69,56.8,LFS
148,LFS_Y3_S04,PET,PET_1,Fibre,12904.96,702.273,323.81,1817.6,1931.2,164.745,78.796,LFS
149,LFS_Y3_S04,PET,PET_2,Fragment,3226.24,250.727,117.096,7980.4,2385.6,104.036,28.4,LFS
150,LFS_Y3_S04,PET,PET_3,Fragment,2419.68,177.291,89.809,6901.2,4629.2,161.565,28.4,LFS
151,LFS_Y3_S04,PET,PET_4,Fibre,41941.12,2023.637,1040.652,8094,5140.4,99.462,340.8,LFS
152,LFS_Y3_S04,PET,PET_5,Fragment,1613.12,137.127,63.504,568,5168.8,116.565,28.4,LFS
153,LFS_Y3_S04,PET,PET_6,Fibre,33068.96,1047.11,496.797,1192.8,6645.6,149.036,115.823,LFS
154,LFS_Y3_S04,PET,PET_7,Fragment,6452.48,361.473,181.849,4572.4,7355.6,141.34,71.047,LFS
155,LFS_Y3_S04,PET,PET_8,Fragment,10485.28,595.564,281.146,5112,7781.6,135,116.912,LFS
156,LFS_Y3_S04,PET,PET_9,Fragment,24196.8,685.637,305.877,3663.6,8094,158.199,121.417,LFS
157,LFS_Y3_S04,PP,PP_1,Fragment,18550.88,742.437,216.288,568,4742.8,66.801,170.4,LFS
158,LFS_Y3_S04,PP,PP_2,Fragment,8872.16,354.582,142,6532,5736.8,126.87,113.6,LFS
159,LFS_Y3_S04,PP,PP_3,Fragment,9678.72,337.946,142,1192.8,5907.2,143.13,113.6,LFS
160,LFS_Y3_S04,PP,PP_4,Fragment,4839.36,217.455,102.398,4771.2,6276.4,123.69,56.8,LFS
161,LFS_Y3_S04,PP,PP_5,Fragment,166151.36,1957.092,655.665,4118,7412.4,72.35,452.924,LFS
162,LFS_Y3_S04,PP,PP_6,Fragment,78236.32,1150.964,449.043,3805.6,7696.4,18.435,278.539,LFS
163,LFS_Y3_S05,PET,PET_1,Fragment,26616.48,628.837,244.306,3180.8,3351.2,54.462,165.169,LFS
164,LFS_Y3_S05,PET,PET_2,Fibre,31455.84,1612.255,742.811,8633.6,8406.4,55.008,185.712,LFS
165,LFS_Y3_S05,PET,PET_3,Fragment,20970.56,605.309,269.426,7497.6,8065.6,108.435,113.6,LFS
166,LFS_Y3_S05,PP,PP_1,Fragment,9678.72,354.582,165.599,6475.2,908.8,120.964,85.2,LFS
167,LFS_Y3_S05,PP,PP_2,Fragment,9678.72,354.582,152.939,7298.8,1136,111.801,85.2,LFS
168,LFS_Y3_S05,PP,PP_3,Fragment,15324.64,524.982,242.65,3379.6,3635.2,69.444,85.2,LFS
169,LFS_Y3_S05,PP,PP_4,Fragment,6452.48,257.618,120.491,8065.6,3606.8,45,85.2,LFS
170,LFS_Y3_S05,PP,PP_5,Fragment,39521.44,846.291,323.81,1164.4,4061.2,105.255,177.985,LFS
171,LFS_Y3_S05,PP,PP_6,Fragment,11291.84,411.382,179.617,5282.4,4203.2,108.435,85.2,LFS
172,LFS_Y3_S05,PP,PP_7,Fibre,125016.8,5269.311,2468.118,284,4373.6,106.955,190.674,LFS
173,LFS_Y3_S05,PP,PP_8,Fragment,30649.28,789.491,285.416,3436.4,4430.4,95.711,188.629,LFS
174,LFS_Y3_S05,PP,PP_9,Fragment,4839.36,217.455,102.398,5424.4,5254,123.69,56.8,LFS
175,LFS_Y3_S05,PP,PP_10,Fragment,4839.36,240.982,102.398,6986.4,5765.2,33.69,80.327,LFS
176,LFS_Y3_S07,PET,PET_1,Fibre,45167.36,1712.0656,807.412,316,92,74.932,4.581,LFS
177,LFS_Y3_S07,PET,PET_2,Fibre,59685.44,1993.2256,850.8072,249,127,142.306,10.733,LFS
178,LFS_Y3_S07,PET,PET_3,Fibre,95174.08,5674.9732,2746.138,293,338,65.45,13.5,LFS
179,LFS_Y3_S07,PET,PET_4,Fibre,104852.8,5003.1428,2386.026,157,301,98.13,22.082,LFS
180,LFS_Y3_S07,PET,PET_5,Fibre,49200.16,2986.3736,1327.6148,264,324,40.426,10.956,LFS
181,LFS_Y3_S07,PP,PP_1,Fragment,9678.72,491.709,206.755,6446.8,284,74.055,85.2,LFS
182,LFS_Y3_S07,PP,PP_2,Fragment,12098.4,411.382,179.617,2556,568,108.435,85.2,LFS
183,LFS_Y3_S07,PP,PP_3,Fragment,54039.52,1829.71,579.249,653.2,4742.8,168.69,319.128,LFS
184,LFS_Y3_S07,PP,PP_4,Fragment,19357.44,749.328,267.925,2385.6,8946,57.995,160.655,LFS
185,LFS_Y3_S07,PP,PP_5,Fragment,6452.48,378.109,127.009,3692,9372,116.565,107.832,LFS
186,LFS_Y3_S12,PE,PE_1,Fragment,20164,498.6,204.795,3266,3777.2,33.69,160.655,LFS
187,LFS_Y3_S12,PET,PET_1,Fibre,27423.04,1962.801,983.014,4913.2,2300.4,56.31,363.678,LFS
188,LFS_Y3_S12,PET,PET_2,Fibre,87915.04,2925.546,1328.803,4089.6,4515.6,12.265,140.958,LFS
189,LFS_Y3_S12,PET,PET_3,Fibre,29842.72,1428.073,666.899,2186.8,5765.2,13.241,217.842,LFS
190,LFS_Y3_S12,PET,PET_4,Fibre,62105.12,2277.219,1039.138,1675.6,9258.4,42.274,337.685,LFS
191,LFS_Y3_S12,PP,PP_1,Fragment,20970.56,628.837,279.708,1817.6,1505.2,66.038,126.709,LFS
192,LFS_Y3_S12,PP,PP_2,Fragment,3226.24,160.655,80.327,3748.8,2130,135,56.8,LFS
193,LFS_Y3_S12,PP,PP_3,Fragment,6452.48,257.618,120.491,6162.8,3237.6,45,85.2,LFS
194,LFS_Y3_S12,PP,PP_4,Fragment,9678.72,411.382,190.513,8775.6,3919.2,63.435,85.2,LFS
195,LFS_Y3_S12,PP,PP_5,Fragment,78236.32,1200.873,457.936,9372,4572.4,97.125,281.023,LFS
196,LFS_Y3_S12,PP,PP_6,Fragment,20970.56,605.309,261.835,2783.2,4856.4,77.471,113.6,LFS
197,LFS_Y3_S12,PP,PP_7,Fragment,10485.28,378.109,152.939,766.8,4799.6,68.199,113.6,LFS
198,LFS_Y3_S12,PP,PP_8,Fragment,6452.48,257.618,120.491,4430.4,5055.2,45,85.2,LFS
199,LFS_Y3_S12,PP,PP_9,Fragment,56459.2,903.091,307.193,8122.4,6248,123.69,255.6,LFS
200,LFS_Y3_S12,PP,PP_10,Fragment,15324.64,451.546,181.849,8463.2,6588.8,38.66,142,LFS
201,LFS_Y3_S12,PP,PP_11,Fragment,8872.16,337.946,160.655,1164.4,7270.4,45,100.409,LFS
202,LFS_Y3_S12,PP,PP_12,Fragment,9678.72,378.109,152.939,4629.2,9457.2,68.199,113.6,LFS
203,LFS_Y3_S12,PP,PP_13,Fragment,86301.92,1250.782,458.816,3663.6,9457.2,158.199,298.968,LFS
204,SK_S01,PE,PE_1,Fragment,20970.56,572.037,234.192,2101.6,1817.6,104.036,142,SK
205,SK_S01,PET,PET_1,Fibre,57265.76,3917.038,1972.342,4231.6,1874.4,122.196,620.413,SK
206,SK_S01,PET,PET_2,Fibre,30649.28,1819.965,849.258,8292.8,2442.4,35.311,162.007,SK
207,SK_S01,PET,PET_3,Fibre,21777.12,1094.164,512.968,2698,4146.4,36.254,88.081,SK
208,SK_S01,PET,PET_4,Fibre,119370.88,3357.601,2376.169,6020.8,7497.6,37.747,460.283,SK
209,SK_S01,PP,PP_1,Fragment,10485.28,354.582,165.599,8605.2,3976,59.036,85.2,SK
210,SK_S01,PP,PP_2,Fragment,8065.6,297.782,142,3322.8,5254,53.13,85.2,SK
211,SK_S01,PP,PP_3,Fragment,27423.04,652.364,284,6049.2,6617.2,53.13,160.655,SK
212,SK_S01,PP,PP_4,Fragment,6452.48,297.782,142,4828,7071.6,53.13,80.327,SK
213,SK_S01,PP,PP_5,Fragment,17744.32,548.509,234.192,5822,7213.6,75.964,113.6,SK
214,SK_S01,PP,PP_6,Fragment,6452.48,257.618,120.491,6617.2,8122.4,45,85.2,SK
215,SK_S01,PP,PP_7,Fragment,8065.6,297.782,127.009,2300.4,8491.6,116.565,85.2,SK
216,SK_S01,PP,PP_8,Fragment,6452.48,274.255,127.009,6049.2,10082,116.565,56.8,SK
217,SK_S02,PE,PE_1,Fragment,5645.92,274.255,127.009,6986.4,7384,63.435,56.8,SK
218,SK_S02,PET,PET_1,Fragment,4032.8,217.455,102.398,7384,2982,33.69,56.8,SK
219,SK_S02,PET,PET_2,Fragment,8872.16,314.418,142,6333.2,3322.8,53.13,85.2,SK
220,SK_S02,PET,PET_3,Fragment,2419.68,160.655,80.327,9514,3635.2,45,56.8,SK
221,SK_S02,PET,PET_4,Fragment,11291.84,354.582,142,8065.6,3862.4,126.87,113.6,SK
222,SK_S02,PET,PET_5,Fragment,8872.16,434.909,200.818,9514,5112,45,89.065,SK
223,SK_S02,PET,PET_6,Fibre,20164,909.982,426,10366,6049.2,36.87,101.7,SK
224,SK_S02,PET,PET_7,Fragment,3226.24,217.455,102.398,3436.4,6049.2,56.31,56.8,SK
225,SK_S02,PET,PET_8,Fragment,28229.6,605.309,228.968,7724.8,9514,60.255,170.4,SK
226,SK_S02,PP,PP_1,Fragment,4839.36,274.255,117.096,6759.2,2896.8,104.036,56.8,SK
227,SK_S02,PP,PP_2,Fragment,5645.92,257.618,120.491,3124,4004.4,135,85.2,SK
228,SK_S02,PP,PP_3,Fragment,5645.92,240.982,102.398,6901.2,4515.6,123.69,85.2,SK
229,SK_S02,PP,PP_4,Fragment,22583.68,709.164,301.896,7838.4,5566.4,131.186,170.708,SK
230,SK_S02,PP,PP_5,Fragment,34682.08,789.491,323.81,710,5850.4,105.255,168.952,SK
231,SK_S02,PP,PP_6,Fragment,6452.48,257.618,120.491,10025.2,6276.4,45,85.2,SK
232,SK_S02,PP,PP_7,Fragment,4032.8,240.982,102.398,6532,7270.4,33.69,76.248,SK
233,SK_S02,PP,PP_8,Fragment,3226.24,200.818,102.398,2385.6,7270.4,33.69,56.8,SK
234,SK_S02,PP,PP_9,Fragment,4032.8,274.255,117.096,6418.4,7440.8,104.036,56.8,SK
235,SK_S02,PP,PP_10,Fragment,34682.08,772.855,331.198,1647.2,7923.6,120.964,173.444,SK
236,SK_S02,PP,PP_11,Fragment,17744.32,548.509,234.192,5878.8,8491.6,75.964,113.6,SK
237,SK_S02,PP,PP_12,Fragment,8872.16,337.946,142,4544,9059.6,36.87,113.6,SK
238,SK_S03,PET,PET_1,Fibre,23390.24,1167.601,523.67,4402,3408,49.399,138.868,SK
239,SK_S03,PET,PET_2,Fibre,54846.08,2347.801,819.673,1164.4,4856.4,165.964,325.986,SK
240,SK_S03,PET,PET_3,Fibre,39521.44,2250.837,772.564,3862.4,7582.8,143.973,328.844,SK
241,SK_S03,PP,PP_1,Fragment,6452.48,314.418,142,7810,4856.4,126.87,85.2,SK
242,SK_S08,PET,PET_1,Fragment,6452.48,434.909,179.617,937.2,4004.4,71.565,56.8,SK
243,SK_S08,PET,PET_2,Fragment,15324.64,775.709,351.289,2783.2,4174.8,104.036,83.635,SK
244,SK_S08,PET,PET_3,Fragment,2419.68,160.655,80.327,2357.2,5452.8,135,56.8,SK
245,SK_S08,PET,PET_4,Fragment,4032.8,274.255,127.009,2414,5538,153.435,56.8,SK
246,SK_S08,PET,PET_5,Fragment,12098.4,709.164,269.426,8747.2,7043.2,108.435,127.081,SK
247,SK_S08,PP,PP_1,Fragment,125016.8,1515.292,585.481,2101.6,7185.2,140.906,350.736,SK
248,SK_S08,PS,PS_1,Fragment,1613.12,137.127,63.504,2300.4,5765.2,116.565,28.4,SK
249,SK_S09,PE,PE_1,Fragment,15324.64,458.437,204.795,3351.2,1647.2,146.31,127.081,SK
250,SK_S09,PE,PE_2,Fragment,75010.08,1387.91,559.415,1789.2,3947.6,66.038,248.157,SK
251,SK_S09,PET,PET_1,Fragment,12904.96,615.055,289.624,5907.2,4260,101.31,56.8,SK
252,SK_S09,PET,PET_2,Fragment,9678.72,662.109,296.505,4515.6,5623.2,16.699,67.879,SK
253,SK_S09,PET,PET_3,Fragment,14518.08,548.509,242.65,5964,6844.4,69.444,85.2,SK
254,SK_S09,PP,PP_1,Fragment,5645.92,274.255,127.009,2840,2186.8,63.435,56.8,SK
255,SK_S09,PP,PP_2,Fragment,17744.32,572.037,216.288,9088,5907.2,156.801,113.6,SK
256,SK_S09,PP,PP_3,Fragment,3226.24,160.655,80.327,7895.2,6645.6,135,56.8,SK
257,SK_S09,PS,PS_1,Fragment,8872.16,354.582,152.939,9286.8,7270.4,111.801,85.2,SK
258,ZS_S01,PE,PE_1,Fragment,16131.2,675.891,244.306,9940,5736.8,54.462,140.573,ZS
259,ZS_S01,PE,PE_2,Fragment,18550.88,772.855,301.896,426,6560.4,48.814,120.491,ZS
260,ZS_S01,PET,PET_1,Fragment,10485.28,692.528,323.81,1420,3919.2,127.875,89.533,ZS
261,ZS_S01,PP,PP_1,Fragment,17744.32,508.346,228.968,6333.2,766.8,150.255,113.6,ZS
262,ZS_S01,PP,PP_2,Fragment,5645.92,257.618,102.398,5339.2,3521.6,123.69,85.2,ZS
263,ZS_S01,PP,PP_3,Fragment,5645.92,257.618,102.398,6787.6,4600.8,123.69,85.2,ZS
264,ZS_S01,PP,PP_4,Fragment,4839.36,240.982,102.398,5481.2,7469.2,123.69,80.327,ZS
265,ZS_S01,PP,PP_5,Fragment,4032.8,200.818,102.398,2868.4,8434.8,146.31,56.8,ZS
266,ZS_S01,PP,PP_6,Fragment,8872.16,354.582,152.939,4686,9996.8,111.801,85.2,ZS
267,ZS_S01,PS,PS_1,Fragment,12098.4,378.109,165.599,4657.6,880.4,149.036,113.6,ZS
268,ZS_S01,PS,PS_2,Fragment,20164,531.873,221.811,8122.4,1022.4,129.806,152.425,ZS
269,ZS_S01,PS,PS_3,Fragment,4032.8,200.818,102.398,1050.8,1846,146.31,56.8,ZS
270,ZS_S01,PS,PS_4,Fragment,30649.28,628.837,267.925,8576.8,2073.2,147.995,170.4,ZS
271,ZS_S01,PS,PS_5,Fragment,11291.84,361.473,152.939,7497.6,2470.8,158.199,113.6,ZS
272,ZS_S01,PS,PS_6,Fragment,5645.92,257.618,120.491,6077.6,3124,135,85.2,ZS
273,ZS_S01,PS,PS_7,Fragment,75816.64,1297.837,441.8,8747.2,4288.4,135,314.381,ZS
274,ZS_S01,PS,PS_8,Fragment,30649.28,716.055,292.396,7128.4,4402,150.945,177.913,ZS
275,ZS_S01,PS,PS_9,Fragment,40328,903.091,351.289,3180.8,4600.8,104.036,186.21,ZS
276,ZS_S01,PS,PS_10,Fragment,8065.6,378.109,142,1363.2,4629.2,143.13,85.2,ZS
277,ZS_S01,PS,PS_11,Fragment,18550.88,491.709,190.513,1732.4,4913.2,116.565,142,ZS
278,ZS_S01,PS,PS_12,Fragment,5645.92,240.982,120.491,6276.4,5225.6,135,80.327,ZS
279,ZS_S01,PS,PS_13,Fragment,15324.64,468.182,204.795,4089.6,5310.8,146.31,113.6,ZS
280,ZS_S01,PS,PS_14,Fragment,14518.08,418.273,190.513,2215.2,7497.6,153.435,113.6,ZS
281,ZS_S01,PS,PS_15,Fragment,1613.12,137.127,63.504,8718.8,7781.6,116.565,28.4,ZS
282,ZS_S01,PS,PS_16,Fragment,129049.6,1531.928,533.588,8548.4,7952,154.799,369.2,ZS
283,ZS_S01,PS,PS_17,Fragment,11291.84,354.582,160.655,6219.6,10082,135,113.6,ZS
284,ZS_S01,PS,PS_18,Fragment,28229.6,612.2,244.306,6333.2,10990.8,125.538,180.736,ZS
285,ZS_S03,PP,PP_1,Fragment,12904.96,394.746,165.599,9627.6,2698,59.036,113.6,ZS
286,ZS_S03,PP,PP_2,Fragment,4032.8,217.455,102.398,3692,4828,146.31,56.8,ZS
287,ZS_S03,PP,PP_3,Fragment,2419.68,160.655,80.327,6986.4,5907.2,135,56.8,ZS
288,ZS_S03,PP,PP_4,Fragment,4839.36,281.146,142,5396,6475.2,143.13,71.888,ZS
289,ZS_S03,PP,PP_5,Fragment,119370.88,2037.419,575.056,1420,8491.6,69.775,379.313,ZS
290,ZS_S03,PP,PP_6,Fragment,23390.24,652.364,267.925,1902.8,8974.4,57.995,165.241,ZS
291,ZS_S03,PP,PP_7,Fragment,6452.48,354.582,165.599,2272,9002.8,149.036,76.248,ZS
292,ZS_S03,PP,PP_8,Fragment,7259.04,401.637,200.818,7838.4,9798,135,79.546,ZS
293,ZS_S03,PS,PS_1,Fragment,79042.88,1401.692,413.51,4430.4,3180.8,105.945,340.8,ZS
294,ZS_S03,PS,PS_2,Fragment,240354.88,3217.62,1169.928,1022.4,5026.8,84.428,397.6,ZS
295,ZS_S03,PS,PS_3,Fragment,12098.4,394.746,181.849,2414,5083.6,128.66,113.6,ZS
296,ZS_S03,PS,PS_4,Fragment,161312,2080.437,785.505,8520,8094,49.399,381.1,ZS
297,ZS_S08,PET,PET_1,Fibre,123403.68,3886.62,1793.378,5254,8860.8,113.552,635.367,ZS
298,ZS_S08,PP,PP_1,Fragment,8872.16,394.746,165.599,7242,1306.4,120.964,110.404,ZS
299,ZS_S08,PS,PS_1,Fragment,47587.04,893.346,346.666,568,4373.6,124.992,220.9,ZS
300,ZS_S09,PP,PP_1,Fragment,20970.56,572.037,242.65,5339.2,852,110.556,139.753,ZS
301,ZS_S09,PP,PP_2,Fragment,18550.88,508.346,228.968,1931.2,2499.2,119.745,113.6,ZS
302,ZS_S09,PP,PP_3,Fragment,6452.48,297.782,127.009,2016.4,5651.6,116.565,85.2,ZS
303,ZS_S09,PP,PP_4,Fragment,12098.4,378.109,152.939,6276.4,8264.4,111.801,113.6,ZS
304,ZS_S09,PET,PET_1,Fibre,475870.4,19104.41,12105.241,3606.8,198.8,147.63,2075.685,ZS
305,ZS_S09,PET,PET_2,Fragment,16131.2,515.237,216.288,4998.4,0,156.801,113.6,ZS
306,ZS_S09,PET,PET_3,Fibre,39521.44,1682.837,750.319,8037.2,596.4,119.476,145.841,ZS
307,ZS_S09,PET,PET_4,Fragment,10485.28,378.109,165.599,3890.8,1448.4,120.964,113.6,ZS
308,ZS_S09,PET,PET_5,Fragment,13711.52,669,257.173,2385.6,2698,96.34,113.6,ZS
309,ZS_S09,PET,PET_6,Fragment,32262.4,1307.582,535.85,4742.8,3464.8,122.005,205.227,ZS
310,ZS_S09,PET,PET_7,Fragment,27423.04,1288.092,603.792,8832.4,3464.8,138.814,111.898,ZS
311,ZS_S09,PET,PET_8,Fragment,33875.52,1006.946,426,7128.4,3521.6,143.13,160.655,ZS
312,ZS_S09,PET,PET_9,Fragment,12904.96,628.837,279.708,2896.8,4004.4,156.038,89.614,ZS
313,ZS_S09,PET,PET_10,Fragment,39521.44,886.455,382.083,3919.2,4572.4,131.987,171.709,ZS
314,ZS_S09,PET,PET_11,Fragment,19357.44,669,261.835,10366,5055.2,167.471,130.791,ZS
315,ZS_S09,PET,PET_12,Fragment,11291.84,475.073,228.968,8832.4,5481.2,150.255,88.993,ZS
316,ZS_S09,PET,PET_13,Fibre,31455.84,1692.583,789.091,5566.4,5765.2,120.256,113.404,ZS
317,ZS_S09,PET,PET_14,Fibre,47587.04,2267.474,1273.809,9457.2,6588.8,66.801,304.994,ZS
318,ZS_S09,PET,PET_15,Fragment,14518.08,555.4,261.835,1817.6,6106,139.399,97.479,ZS
319,ZS_S09,PET,PET_16,Fragment,16937.76,468.182,204.795,5566.4,6162.8,123.69,113.6,ZS
320,ZS_S09,PET,PET_17,Fragment,2419.68,193.927,89.809,5310.8,6702.4,108.435,28.4,ZS
321,ZS_S09,PET,PET_18,Fragment,25809.92,836.546,401.637,9911.6,7071.6,135,117.396,ZS
322,ZS_S09,PET,PET_19,Fragment,28229.6,886.455,409.591,4203.2,7242,123.69,114.409,ZS
323,ZS_S09,PET,PET_20,Fragment,12098.4,595.564,284,3095.6,7440.8,126.87,91.047,ZS
324,ZS_S09,PET,PET_21,Fragment,13711.52,515.237,228.968,2328.8,8378,60.255,102.275,ZS
325,ZS_S09,PET,PET_22,Fibre,137921.76,4489.075,2368.731,8946,9485.6,53.13,709.131,ZS