,SC_ID,Pkey,GLG,Weight,d15N,d13C,N_per,C_per,YOB,CalenderYear,CNRatio,CNR,Site,AgeClass,sample_per_ID,Net_d15N,Weaning,Species,Sex,Lat,Lon,TBL,Region
1,HKSC101506,1,1,1.233,16.8,-15.6,2.3,7.2,1995,1996,3.130434783,U,HK,Juvenile,12,0,Y,SC,M,22.21716667,113.9998611,264,EPRE
2,HKSC101506,2,2,1.611,15.4,-15.8,2.4,7.5,1995,1997,3.125,U,HK,Juvenile,12,-1.4,Y,SC,M,22.21716667,113.9998611,264,EPRE
3,HKSC101506,3,3,1.189,14.8,-15.3,2.3,7,1995,1998,3.043478261,U,HK,Juvenile,12,-2,Y,SC,M,22.21716667,113.9998611,264,EPRE
4,HKSC101506,4,4,1.428,14.8,-14.7,2.2,6.6,1995,1999,3,U,HK,Juvenile,12,-2,Y,SC,M,22.21716667,113.9998611,264,EPRE
5,HKSC101506,5,5,1.216,14.4,-14.8,2.3,6.5,1995,2000,2.826086957,U,HK,Juvenile,12,-2.4,Y,SC,M,22.21716667,113.9998611,264,EPRE
6,HKSC101506,6,6,1.069,14.5,-14.2,2.4,6.8,1995,2001,2.833333333,U,HK,Juvenile,12,-2.3,Y,SC,M,22.21716667,113.9998611,264,EPRE
7,HKSC101506,7,7,1.292,14.3,-14.2,2.5,7,1995,2002,2.8,U,HK,Juvenile,12,-2.5,Y,SC,M,22.21716667,113.9998611,264,EPRE
8,HKSC101506,8,8,0.626,13.8,-13.8,2.7,7.8,1995,2003,2.888888889,U,HK,Juvenile,12,-3,Y,SC,M,22.21716667,113.9998611,264,EPRE
9,HKSC101506,9,9,1.437,14.2,-14.9,2.6,7.4,1995,2004,2.846153846,U,HK,Juvenile,12,-2.6,Y,SC,M,22.21716667,113.9998611,264,EPRE
10,HKSC101506,10,10,1.024,13.8,-15.5,2.7,7.6,1995,2005,2.814814815,U,HK,Juvenile,12,-3,Y,SC,M,22.21716667,113.9998611,264,EPRE
11,HKSC101506,11,11,0.974,14.2,-15.8,2.7,7.8,1995,2006,2.888888889,U,HK,Adult,12,-2.6,Y,SC,M,22.21716667,113.9998611,264,EPRE
12,HKSC101506,12,12,0.89,13.8,-16,2.6,7.5,1995,2007,2.884615385,U,HK,Adult,12,-3,Y,SC,M,22.21716667,113.9998611,264,EPRE
13,HKSC101908,141,1,0.672,13.9,-14.9,2.3,6,1992,1993,2.608695652,U,HK,Juvenile,15,0,Y,SC,M,22.41066667,114.2140556,250,EPRE
14,HKSC101908,142,2,0.627,11.8,-14.9,2.3,5.8,1992,1994,2.52173913,U,HK,Juvenile,15,-2.1,Y,SC,M,22.41066667,114.2140556,250,EPRE
15,HKSC101908,143,3,0.729,12.3,-14.5,2.3,6,1992,1995,2.608695652,U,HK,Juvenile,15,-1.6,Y,SC,M,22.41066667,114.2140556,250,EPRE
16,HKSC101908,144,4,0.803,12.5,-14.6,2.2,5.8,1992,1996,2.636363636,U,HK,Juvenile,15,-1.4,Y,SC,M,22.41066667,114.2140556,250,EPRE
17,HKSC101908,145,5,0.602,12.3,-14.6,2.3,6,1992,1997,2.608695652,U,HK,Juvenile,15,-1.6,Y,SC,M,22.41066667,114.2140556,250,EPRE
18,HKSC101908,146,6,0.609,10.4,-14.6,2.7,6.2,1992,1998,2.296296296,U,HK,Juvenile,15,-3.5,Y,SC,M,22.41066667,114.2140556,250,EPRE
19,HKSC101908,147,7,0.803,13.7,-15.3,2.3,6.2,1992,1999,2.695652174,U,HK,Juvenile,15,-0.2,Y,SC,M,22.41066667,114.2140556,250,EPRE
20,HKSC101908,148,8,0.667,14.3,-15.5,2.3,6.4,1992,2000,2.782608696,U,HK,Juvenile,15,0.4,Y,SC,M,22.41066667,114.2140556,250,EPRE
21,HKSC101908,149,9,0.773,14.5,-15.1,2.3,6.2,1992,2001,2.695652174,U,HK,Juvenile,15,0.6,Y,SC,M,22.41066667,114.2140556,250,EPRE
22,HKSC101908,150,10,0.549,14.8,-15.8,2.3,6.4,1992,2002,2.782608696,U,HK,Juvenile,15,0.9,Y,SC,M,22.41066667,114.2140556,250,EPRE
23,HKSC101908,151,11,0.483,14.5,-15.8,2.3,6.5,1992,2003,2.826086957,U,HK,Adult,15,0.6,Y,SC,M,22.41066667,114.2140556,250,EPRE
24,HKSC101908,152,12,0.552,15.4,-16.1,2.4,6.7,1992,2004,2.791666667,U,HK,Adult,15,1.5,Y,SC,M,22.41066667,114.2140556,250,EPRE
25,HKSC101908,153,13,0.59,15.7,-16.9,2.4,6.6,1992,2005,2.75,U,HK,Adult,15,1.8,Y,SC,M,22.41066667,114.2140556,250,EPRE
26,HKSC101908,154,14,0.542,14,-16.9,2.5,6.9,1992,2006,2.76,U,HK,Adult,15,0.1,Y,SC,M,22.41066667,114.2140556,250,EPRE
27,HKSC101908,155,15,0.609,15.1,-16.5,2.5,7,1992,2007,2.8,U,HK,Adult,15,1.2,Y,SC,M,22.41066667,114.2140556,250,EPRE
28,HKSC102412B,72,1,1.242,17.8,-16,2.4,6.4,2003,2004,2.666666667,U,HK,Juvenile,6,0,Y,SC,M,22.32083333,113.9453056,201,EPRE
29,HKSC102412B,73,2,2.069,17.3,-15.4,2.7,7.3,2003,2005,2.703703704,U,HK,Juvenile,6,-0.5,Y,SC,M,22.32083333,113.9453056,201,EPRE
30,HKSC102412B,74,3,1.896,16.3,-15.1,2.8,7.5,2003,2006,2.678571429,U,HK,Juvenile,6,-1.5,Y,SC,M,22.32083333,113.9453056,201,EPRE
31,HKSC102412B,75,4,2.031,15.6,-16.3,2.8,7.7,2003,2007,2.75,U,HK,Juvenile,6,-2.2,Y,SC,M,22.32083333,113.9453056,201,EPRE
32,HKSC102412B,76,5,1.733,15.4,-16.2,3,8.3,2003,2008,2.766666667,U,HK,Juvenile,6,-2.4,Y,SC,M,22.32083333,113.9453056,201,EPRE
33,HKSC102412B,77,6,0.649,13.8,-16.4,3.3,8.8,2003,2009,2.666666667,U,HK,Juvenile,6,-4,Y,SC,M,22.32083333,113.9453056,201,EPRE
34,HKSC110602-2,470,1,2.31,16.1,-14,1.97,5.71,1988,1989,2.898477157,U,HK,Juvenile,12,0,Y,SC,F,22.47833333,113.8933333,#N/A,EPRE
35,HKSC110602-2,471,2,1.964,13.1,-14.1,2.22,6.38,1988,1990,2.873873874,U,HK,Juvenile,12,-3,Y,SC,F,22.47833333,113.8933333,#N/A,EPRE
36,HKSC110602-2,472,3,1.847,12.8,-14.5,2.06,6.17,1988,1991,2.995145631,U,HK,Juvenile,12,-3.3,Y,SC,F,22.47833333,113.8933333,#N/A,EPRE
37,HKSC110602-2,473,4,1.865,12.5,-14.5,1.98,5.83,1988,1992,2.944444444,U,HK,Juvenile,12,-3.6,Y,SC,F,22.47833333,113.8933333,#N/A,EPRE
38,HKSC110602-2,474,5,1.563,11.6,-14.4,2.14,6.36,1988,1993,2.971962617,U,HK,Juvenile,12,-4.5,Y,SC,F,22.47833333,113.8933333,#N/A,EPRE
39,HKSC110602-2,475,6,2.323,11.6,-14.1,2.03,6.01,1988,1994,2.960591133,U,HK,Juvenile,12,-4.5,Y,SC,F,22.47833333,113.8933333,#N/A,EPRE
40,HKSC110602-2,476,7,1.423,11.8,-14.9,2.11,6.91,1988,1995,3.274881517,U,HK,Juvenile,12,-4.3,Y,SC,F,22.47833333,113.8933333,#N/A,EPRE
41,HKSC110602-2,477,8,1.262,12.7,-13.8,2.11,6.36,1988,1996,3.014218009,U,HK,Juvenile,12,-3.4,Y,SC,F,22.47833333,113.8933333,#N/A,EPRE
42,HKSC110602-2,478,9,1.366,12.9,-14.1,2.17,6.36,1988,1997,2.930875576,U,HK,Juvenile,12,-3.2,Y,SC,F,22.47833333,113.8933333,#N/A,EPRE
43,HKSC110602-2,479,10,1.462,12.4,-13.8,2.08,6.19,1988,1998,2.975961538,U,HK,Juvenile,12,-3.7,Y,SC,F,22.47833333,113.8933333,#N/A,EPRE
44,HKSC110602-2,480,11,1.167,12.7,-14.3,2.19,6.69,1988,1999,3.054794521,U,HK,Adult,12,-3.4,Y,SC,F,22.47833333,113.8933333,#N/A,EPRE
45,HKSC110602-2,481,12,1.271,12,-13.8,2.24,6.74,1988,2000,3.008928571,U,HK,Adult,12,-4.1,Y,SC,F,22.47833333,113.8933333,#N/A,EPRE
46,HKSC110607,13,1,2.623,16.1,-14.5,2.7,7.7,2005,2006,2.851851852,U,HK,Juvenile,6,0,Y,SC,M,22.30211111,113.8981944,260,EPRE
47,HKSC110607,14,2,1.608,13.6,-14.6,2.6,8.4,2005,2007,3.230769231,U,HK,Juvenile,6,-2.5,Y,SC,M,22.30211111,113.8981944,260,EPRE
48,HKSC110607,15,3,1.45,14.1,-14.1,2.8,7.8,2005,2008,2.785714286,U,HK,Juvenile,6,-2,Y,SC,M,22.30211111,113.8981944,260,EPRE
49,HKSC110607,16,4,0.895,14,-14.2,3.1,8.6,2005,2009,2.774193548,U,HK,Juvenile,6,-2.1,Y,SC,M,22.30211111,113.8981944,260,EPRE
50,HKSC110607,17,5,1.033,14.1,-14.6,3.2,8.8,2005,2010,2.75,U,HK,Juvenile,6,-2,Y,SC,M,22.30211111,113.8981944,260,EPRE
51,HKSC110607,18,6,1.435,14.1,-14.6,3.1,8.7,2005,2011,2.806451613,U,HK,Juvenile,6,-2,Y,SC,M,22.30211111,113.8981944,260,EPRE
52,HKSC111501,79,1,1.406,16.7,-14.4,2.8,7.8,2007,2008,2.785714286,U,HK,Juvenile,5,-0.7,Y,SC,M,22.28969444,113.9015833,198,EPRE
53,HKSC111501,80,2,1.627,15.5,-14.3,2.9,7.8,2007,2009,2.689655172,U,HK,Juvenile,5,-1.9,Y,SC,M,22.28969444,113.9015833,198,EPRE
54,HKSC111501,81,3,1.217,15.1,-13.8,2.9,7.8,2007,2010,2.689655172,U,HK,Juvenile,5,-2.3,Y,SC,M,22.28969444,113.9015833,198,EPRE
55,HKSC111501,82,4,0.628,14.3,-13.8,3,8.2,2007,2011,2.733333333,U,HK,Juvenile,5,-3.1,Y,SC,M,22.28969444,113.9015833,198,EPRE
56,HKSC120309,19,1,3.957,16.7,-14.4,2.2,6.3,1992,1993,2.863636364,U,HK,Juvenile,8,0,Y,SC,F,22.41080556,113.8784722,260,EPRE
57,HKSC120309,20,2,3.646,14.3,-14.4,2.3,6.5,1992,1994,2.826086957,U,HK,Juvenile,8,-2.4,Y,SC,F,22.41080556,113.8784722,260,EPRE
58,HKSC120309,21,3,3.516,14.2,-14.2,2.4,6.9,1992,1995,2.875,U,HK,Juvenile,8,-2.5,Y,SC,F,22.41080556,113.8784722,260,EPRE
59,HKSC120309,22,4,2.751,14,-14.2,2.2,6.3,1992,1996,2.863636364,U,HK,Juvenile,8,-2.7,Y,SC,F,22.41080556,113.8784722,260,EPRE
60,HKSC120309,23,5,2.083,14.1,-13.8,2.4,6.8,1992,1997,2.833333333,U,HK,Juvenile,8,-2.6,Y,SC,F,22.41080556,113.8784722,260,EPRE
61,HKSC120309,24,6,2.071,13.9,-14.2,2.3,6.6,1992,1998,2.869565217,U,HK,Juvenile,8,-2.8,Y,SC,F,22.41080556,113.8784722,260,EPRE
62,HKSC120309,25,7,1.425,13.7,-14,2.3,6.6,1992,1999,2.869565217,U,HK,Juvenile,8,-3,Y,SC,F,22.41080556,113.8784722,260,EPRE
63,HKSC120309,26,9,0.796,13.8,-13.8,2.5,7.1,1992,2001,2.84,U,HK,Juvenile,8,-2.9,Y,SC,F,22.41080556,113.8784722,260,EPRE
64,HKSC120507,56,1,0.892,16.3,-17.3,2.6,7,2006,2007,2.692307692,U,HK,Juvenile,5,0,Y,SC,F,22.24266667,113.0895,224,EPRE
65,HKSC120507,57,2,1.696,16.1,-17.5,2.3,6.3,2006,2008,2.739130435,U,HK,Juvenile,5,-0.2,Y,SC,F,22.24266667,113.0895,224,EPRE
66,HKSC120507,58,3,1.727,15.5,-17.3,2.4,6.6,2006,2009,2.75,U,HK,Juvenile,5,-0.8,Y,SC,F,22.24266667,113.0895,224,EPRE
67,HKSC120507,59,4,0.88,14.6,-17,1.1,3.1,2006,2010,2.818181818,U,HK,Juvenile,5,-1.7,Y,SC,F,22.24266667,113.0895,224,EPRE
68,HKSC120507,60,5,1.147,15.2,-17.2,2.6,7.2,2006,2011,2.769230769,U,HK,Juvenile,5,-1.1,Y,SC,F,22.24266667,113.0895,224,EPRE
69,HKSC130403,61,1,1.737,15.6,-13.2,2.2,6,1996,1997,2.727272727,U,HK,Juvenile,11,0,Y,SC,F,22.32,113.9533333,236,EPRE
70,HKSC130403,62,2,2.999,14,-15.9,2.8,7.7,1996,1998,2.75,U,HK,Juvenile,11,-1.6,Y,SC,F,22.32,113.9533333,236,EPRE
71,HKSC130403,63,5,1.342,13.5,-13.5,2.7,7.4,1996,2001,2.740740741,U,HK,Juvenile,11,-2.1,Y,SC,F,22.32,113.9533333,236,EPRE
72,HKSC130403,64,6,1.164,13.1,-13.7,2.7,7.6,1996,2002,2.814814815,U,HK,Juvenile,11,-2.5,Y,SC,F,22.32,113.9533333,236,EPRE
73,HKSC130403,65,7,1.167,13.4,-13.4,2.7,7.6,1996,2003,2.814814815,U,HK,Juvenile,11,-2.2,Y,SC,F,22.32,113.9533333,236,EPRE
74,HKSC130403,66,8,1.152,13.8,-13.7,2.6,7.3,1996,2004,2.807692308,U,HK,Juvenile,11,-1.8,Y,SC,F,22.32,113.9533333,236,EPRE
75,HKSC130403,67,9,1.113,13.9,-13.5,2.6,7.3,1996,2005,2.807692308,U,HK,Juvenile,11,-1.7,Y,SC,F,22.32,113.9533333,236,EPRE
76,HKSC130403,68,10,0.95,13.6,-13.6,2.7,7.5,1996,2006,2.777777778,U,HK,Juvenile,11,-2,Y,SC,F,22.32,113.9533333,236,EPRE
77,HKSC130403,69,11,1.025,13.5,-14.2,2.7,7.4,1996,2007,2.740740741,U,HK,Adult,11,-2.1,Y,SC,F,22.32,113.9533333,236,EPRE
78,HKSC130403,70,12,0.571,13.1,-13.9,2.8,7.7,1996,2008,2.75,U,HK,Adult,11,-2.5,Y,SC,F,22.32,113.9533333,236,EPRE
79,HKSC130403,71,13,0.687,13.8,-14,2.7,7.4,1996,2009,2.740740741,U,HK,Adult,11,-1.8,Y,SC,F,22.32,113.9533333,236,EPRE
80,HKSC132405,86,1,1.17,15,-15.8,2.8,7.5,1997,1998,2.678571429,U,HK,Juvenile,13,0,Y,SC,M,22.40130556,113.9141667,246,EPRE
81,HKSC132405,87,2,1.903,13.9,-16.1,2.7,7.4,1997,1999,2.740740741,U,HK,Juvenile,13,-1.1,Y,SC,M,22.40130556,113.9141667,246,EPRE
82,HKSC132405,88,3,2.036,13.9,-16,2.5,7.1,1997,2000,2.84,U,HK,Juvenile,13,-1.1,Y,SC,M,22.40130556,113.9141667,246,EPRE
83,HKSC132405,89,4,2.035,13.7,-16.3,2.4,6.9,1997,2001,2.875,U,HK,Juvenile,13,-1.3,Y,SC,M,22.40130556,113.9141667,246,EPRE
84,HKSC132405,90,5,1.851,13.3,-16.4,2.6,7.4,1997,2002,2.846153846,U,HK,Juvenile,13,-1.7,Y,SC,M,22.40130556,113.9141667,246,EPRE
85,HKSC132405,91,6,1.321,12.7,-16.8,2.8,7.7,1997,2003,2.75,U,HK,Juvenile,13,-2.3,Y,SC,M,22.40130556,113.9141667,246,EPRE
86,HKSC132405,92,7,1.435,12.8,-16.8,2.7,7.6,1997,2004,2.814814815,U,HK,Juvenile,13,-2.2,Y,SC,M,22.40130556,113.9141667,246,EPRE
87,HKSC132405,93,8,1.507,13.4,-17.6,2.9,8,1997,2005,2.75862069,U,HK,Juvenile,13,-1.6,Y,SC,M,22.40130556,113.9141667,246,EPRE
88,HKSC132405,94,9,0.965,13.3,-16.9,2.9,8.1,1997,2006,2.793103448,U,HK,Juvenile,13,-1.7,Y,SC,M,22.40130556,113.9141667,246,EPRE
89,HKSC132405,95,10,1.514,13.7,-16.9,2.7,7.6,1997,2007,2.814814815,U,HK,Juvenile,13,-1.3,Y,SC,M,22.40130556,113.9141667,246,EPRE
90,HKSC132405,96,11,1.821,13.4,-16.9,1.2,3.5,1997,2008,2.916666667,U,HK,Adult,13,-1.6,Y,SC,M,22.40130556,113.9141667,246,EPRE
91,HKSC132405,97,12,0.468,12.4,-16.7,2.8,7.9,1997,2009,2.821428571,U,HK,Adult,13,-2.6,Y,SC,M,22.40130556,113.9141667,246,EPRE
92,HKSC132405,98,13,0.438,11.7,-17.1,2.9,8.6,1997,2010,2.965517241,U,HK,Adult,13,-3.3,Y,SC,M,22.40130556,113.9141667,246,EPRE
93,HKSC150505,190,1,1.044,16.6,-16.4,2.2,6.2,1997,1998,2.818181818,U,HK,Juvenile,9,0,Y,SC,M,22.36277778,113.9872222,245,EPRE
94,HKSC150505,191,2,0.879,14.3,-16.8,2.3,6.1,1997,1999,2.652173913,U,HK,Juvenile,9,-2.3,Y,SC,M,22.36277778,113.9872222,245,EPRE
95,HKSC150505,192,3,0.237,11.4,-18.5,1.9,6,1997,2000,3.157894737,U,HK,Juvenile,9,-5.2,Y,SC,M,22.36277778,113.9872222,245,EPRE
96,HKSC150505,193,4,0.555,12.9,-16.4,2,5.7,1997,2001,2.85,U,HK,Juvenile,9,-3.7,Y,SC,M,22.36277778,113.9872222,245,EPRE
97,HKSC150505,194,5,0.381,12.4,-18.4,2,5.9,1997,2002,2.95,U,HK,Juvenile,9,-4.2,Y,SC,M,22.36277778,113.9872222,245,EPRE
98,HKSC150505,195,6,1.284,13.8,-18,2.1,5.9,1997,2003,2.80952381,U,HK,Juvenile,9,-2.8,Y,SC,M,22.36277778,113.9872222,245,EPRE
99,HKSC150505,196,7,0.609,12.9,-17.3,2.1,6.1,1997,2004,2.904761905,U,HK,Juvenile,9,-3.7,Y,SC,M,22.36277778,113.9872222,245,EPRE
100,HKSC150505,197,8,0.725,12.6,-17.9,2.2,6.1,1997,2005,2.772727273,U,HK,Juvenile,9,-4,Y,SC,M,22.36277778,113.9872222,245,EPRE
101,HKSC150505,198,9,0.773,13.1,-17.8,2.3,6.4,1997,2006,2.782608696,U,HK,Juvenile,9,-3.5,Y,SC,M,22.36277778,113.9872222,245,EPRE
102,HKSC151601_Hope,535,1,0.607,14.8,-14.9,2.81,8.24,1986,1987,2.932384342,U,HK,Juvenile,19,0,Y,SC,M,22.19233333,113.8990556,235,EPRE
103,HKSC151601_Hope,536,10,0.558,13,-14.5,2.94,8.49,1986,1996,2.887755102,U,HK,Juvenile,19,-1.8,Y,SC,M,22.19233333,113.8990556,235,EPRE
104,HKSC151601_Hope,537,11,0.653,12.9,-14.5,3.05,8.86,1986,1997,2.904918033,U,HK,Adult,19,-1.9,Y,SC,M,22.19233333,113.8990556,235,EPRE
105,HKSC151601_Hope,538,12,0.597,12.8,-14.8,3.02,8.75,1986,1998,2.897350993,U,HK,Adult,19,-2,Y,SC,M,22.19233333,113.8990556,235,EPRE
106,HKSC151601_Hope,539,13,0.49,12.8,-14.7,3.25,9.29,1986,1999,2.858461538,U,HK,Adult,19,-2,Y,SC,M,22.19233333,113.8990556,235,EPRE
107,HKSC151601_Hope,540,14,0.514,12.6,-14.7,3.27,9.48,1986,2000,2.899082569,U,HK,Adult,19,-2.2,Y,SC,M,22.19233333,113.8990556,235,EPRE
108,HKSC151601_Hope,541,15,0.508,12.4,-14.7,3.26,9.63,1986,2001,2.95398773,U,HK,Adult,19,-2.4,Y,SC,M,22.19233333,113.8990556,235,EPRE
109,HKSC151601_Hope,542,16,0.407,12.5,-14.5,3.37,9.65,1986,2002,2.863501484,U,HK,Adult,19,-2.3,Y,SC,M,22.19233333,113.8990556,235,EPRE
110,HKSC151601_Hope,543,17,0.329,10.7,-15.1,3.6,10.51,1986,2003,2.919444444,U,HK,Adult,19,-4.1,Y,SC,M,22.19233333,113.8990556,235,EPRE
111,HKSC151601_Hope,544,18,0.413,11.2,-15,3.32,9.65,1986,2004,2.906626506,U,HK,Adult,19,-3.6,Y,SC,M,22.19233333,113.8990556,235,EPRE
112,HKSC151601_Hope,545,19,0.302,11.3,-15.2,3.8,10.95,1986,2005,2.881578947,U,HK,Adult,19,-3.5,Y,SC,M,22.19233333,113.8990556,235,EPRE
113,HKSC151601_Hope,546,2,0.831,14,-15.1,2.56,7.61,1986,1988,2.97265625,U,HK,Juvenile,19,-0.8,Y,SC,M,22.19233333,113.8990556,235,EPRE
114,HKSC151601_Hope,547,3,0.96,13.5,-15,2.67,7.91,1986,1989,2.962546816,U,HK,Juvenile,19,-1.3,Y,SC,M,22.19233333,113.8990556,235,EPRE
115,HKSC151601_Hope,548,4,0.96,13.3,-15.2,2.12,6.31,1986,1990,2.976415094,U,HK,Juvenile,19,-1.5,Y,SC,M,22.19233333,113.8990556,235,EPRE
116,HKSC151601_Hope,549,5,0.643,12.6,-15,2.77,8.15,1986,1991,2.942238267,U,HK,Juvenile,19,-2.2,Y,SC,M,22.19233333,113.8990556,235,EPRE
117,HKSC151601_Hope,550,6,0.748,12.7,-14.9,2.75,8.05,1986,1992,2.927272727,U,HK,Juvenile,19,-2.1,Y,SC,M,22.19233333,113.8990556,235,EPRE
118,HKSC151601_Hope,551,7,0.98,13.6,-14.4,2.75,8.06,1986,1993,2.930909091,U,HK,Juvenile,19,-1.2,Y,SC,M,22.19233333,113.8990556,235,EPRE
119,HKSC151601_Hope,552,8,1.037,13.5,-14.7,2.75,8.18,1986,1994,2.974545455,U,HK,Juvenile,19,-1.3,Y,SC,M,22.19233333,113.8990556,235,EPRE
120,HKSC151601_Hope,553,9,0.722,13.3,-14.6,2.93,8.6,1986,1995,2.935153584,U,HK,Juvenile,19,-1.5,Y,SC,M,22.19233333,113.8990556,235,EPRE
121,HKSC162306B,199,1,2.172,16.8,-15,1.8,4.7,2006,2007,2.611111111,U,HK,Juvenile,9,0,Y,SC,M,22.36577778,114.0591667,272.5,EPRE
122,HKSC162306B,200,2,1.812,14.3,-14.9,2.1,5.3,2006,2008,2.523809524,U,HK,Juvenile,9,-2.5,Y,SC,M,22.36577778,114.0591667,272.5,EPRE
123,HKSC162306B,201,3,1.674,14,-15.1,2.4,6,2006,2009,2.5,U,HK,Juvenile,9,-2.8,Y,SC,M,22.36577778,114.0591667,272.5,EPRE
124,HKSC162306B,202,4,0.981,13.6,-15.5,2.2,5.7,2006,2010,2.590909091,U,HK,Juvenile,9,-3.2,Y,SC,M,22.36577778,114.0591667,272.5,EPRE
125,HKSC162306B,203,5,1.331,14.7,-14.9,1.9,5.1,2006,2011,2.684210526,U,HK,Juvenile,9,-2.1,Y,SC,M,22.36577778,114.0591667,272.5,EPRE
126,HKSC162306B,204,6,1.018,14.7,-14.8,2.4,6.3,2006,2012,2.625,U,HK,Juvenile,9,-2.1,Y,SC,M,22.36577778,114.0591667,272.5,EPRE
127,HKSC162306B,205,7,0.902,14.4,-15.4,2.5,6.3,2006,2013,2.52,U,HK,Juvenile,9,-2.4,Y,SC,M,22.36577778,114.0591667,272.5,EPRE
128,HKSC162306B,206,8,0.915,14.2,-15,2.1,5.5,2006,2014,2.619047619,U,HK,Juvenile,9,-2.6,Y,SC,M,22.36577778,114.0591667,272.5,EPRE
129,HKSC162306B,207,9,0.883,13.6,-14.4,2.1,5.5,2006,2015,2.619047619,U,HK,Juvenile,9,-3.2,Y,SC,M,22.36577778,114.0591667,272.5,EPRE
130,HKSC181702,759,1,0.716,15.1,-13.7,2.18,6.29,1974,1975,2.885321101,U,HK,Juvenile,17,0,Y,SC,F,22.35933333,114.06625,249,EPRE
131,HKSC181702,760,2,0.518,14.7,-14,2.06,5.9,1974,1976,2.86407767,U,HK,Juvenile,17,-0.4,Y,SC,F,22.35933333,114.06625,249,EPRE
132,HKSC181702,761,3,1.389,13.8,-14.4,2.18,5.88,1974,1977,2.697247706,U,HK,Juvenile,17,-1.3,Y,SC,F,22.35933333,114.06625,249,EPRE
133,HKSC181702,762,4,1.348,14.3,-14.1,1.93,5.69,1974,1978,2.948186528,U,HK,Juvenile,17,-0.8,Y,SC,F,22.35933333,114.06625,249,EPRE
134,HKSC181702,763,5,1.315,14,-13.4,1.87,5.41,1974,1979,2.893048128,U,HK,Juvenile,17,-1.1,Y,SC,F,22.35933333,114.06625,249,EPRE
135,HKSC181702,764,6,1.256,13.6,-17,2.14,6.92,1974,1980,3.23364486,U,HK,Juvenile,17,-1.5,Y,SC,F,22.35933333,114.06625,249,EPRE
136,HKSC181702,765,7,1.256,13.7,-14.5,2.43,7.04,1974,1981,2.897119342,U,HK,Juvenile,17,-1.4,Y,SC,F,22.35933333,114.06625,249,EPRE
137,HKSC181702,766,8,1.358,13.7,-14.5,2.02,5.99,1974,1982,2.965346535,U,HK,Juvenile,17,-1.4,Y,SC,F,22.35933333,114.06625,249,EPRE
138,HKSC181702,767,9,1.435,13.8,-14.5,1.77,5.22,1974,1983,2.949152542,U,HK,Juvenile,17,-1.3,Y,SC,F,22.35933333,114.06625,249,EPRE
139,HKSC181702,768,10,0.914,13.8,-12.6,2.13,6.03,1974,1984,2.830985915,U,HK,Juvenile,17,-1.3,Y,SC,F,22.35933333,114.06625,249,EPRE
140,HKSC181702,769,11,0.888,13.6,-14.2,2.21,6.4,1974,1985,2.895927602,U,HK,Adult,17,-1.5,Y,SC,F,22.35933333,114.06625,249,EPRE
141,HKSC181702,770,12,0.857,13.9,-14,2.08,6.18,1974,1986,2.971153846,U,HK,Adult,17,-1.2,Y,SC,F,22.35933333,114.06625,249,EPRE
142,HKSC181702,771,13,0.838,13.8,-14.2,2.13,6.09,1974,1987,2.85915493,U,HK,Adult,17,-1.3,Y,SC,F,22.35933333,114.06625,249,EPRE
143,HKSC181702,772,14,0.793,14,-14.1,2.16,6.24,1974,1988.5,2.888888889,U,HK,Adult,17,-1.1,Y,SC,F,22.35933333,114.06625,249,EPRE
144,HKSC181702,773,16,0.659,13.7,-13.8,2.13,6.27,1974,1990.5,2.943661972,U,HK,Adult,17,-1.4,Y,SC,F,22.35933333,114.06625,249,EPRE
145,HKSC181702,774,18,0.584,13.9,-14.3,2.11,6.14,1974,1992.5,2.909952607,U,HK,Adult,17,-1.2,Y,SC,F,22.35933333,114.06625,249,EPRE
146,HKSC181702,775,20,0.704,14.2,-14.1,2.28,6.49,1974,1994,2.846491228,U,HK,Adult,17,-0.9,Y,SC,F,22.35933333,114.06625,249,EPRE
147,JMSC140422,304,1,1.351,17.7,-17.4,2.4,7.7,2007,2008,3.208333333,U,WPRE,Juvenile,7,0,Y,SC,F,21.87782797,113.055509,229,WPRE
148,JMSC140422,305,2,1.816,17.1,-16.1,0.6,1.8,2007,2009,3,U,WPRE,Juvenile,7,-0.6,Y,SC,F,21.87782797,113.055509,229,WPRE
149,JMSC140422,306,3,1.643,15,-15.6,2.1,6,2007,2010,2.857142857,U,WPRE,Juvenile,7,-2.7,Y,SC,F,21.87782797,113.055509,229,WPRE
150,JMSC140422,307,4,1.003,14.3,-15.1,2.5,6.7,2007,2011,2.68,U,WPRE,Juvenile,7,-3.4,Y,SC,F,21.87782797,113.055509,229,WPRE
151,JMSC140422,308,5,1.002,14.7,-15.2,2,5.9,2007,2012,2.95,U,WPRE,Juvenile,7,-3,Y,SC,F,21.87782797,113.055509,229,WPRE
152,JMSC140422,309,6,0.74,14.7,-16,2.6,7.8,2007,2013,3,U,WPRE,Juvenile,7,-3,Y,SC,F,21.87782797,113.055509,229,WPRE
153,JMSC140422,310,7,0.603,14.2,-15.6,2.8,8,2007,2014,2.857142857,U,WPRE,Juvenile,7,-3.5,Y,SC,F,21.87782797,113.055509,229,WPRE
154,JMSC140422-2,311,1,1.76,18.4,-15,2.28,6.43,2007,2008,2.820175439,U,WPRE,Juvenile,6,0,Y,SC,F,21.87782797,113.055509,229,WPRE
155,JMSC140422-2,312,2,1.056,15.8,-15.3,2.45,6.92,2007,2009,2.824489796,U,WPRE,Juvenile,6,-2.6,Y,SC,F,21.87782797,113.055509,229,WPRE
156,JMSC140422-2,313,3,0.639,14.3,-15.4,2.45,6.77,2007,2010,2.763265306,U,WPRE,Juvenile,6,-4.1,Y,SC,F,21.87782797,113.055509,229,WPRE
157,JMSC140422-2,314,4,0.989,15.1,-14.7,2.34,6.76,2007,2011,2.888888889,U,WPRE,Juvenile,6,-3.3,Y,SC,F,21.87782797,113.055509,229,WPRE
158,JMSC140422-2,315,5,0.799,13.9,-15.1,2.35,6.66,2007,2012,2.834042553,U,WPRE,Juvenile,6,-4.5,Y,SC,F,21.87782797,113.055509,229,WPRE
159,JMSC140422-2,316,6,0.71,13.6,-15.7,2.54,7.22,2007,2013,2.842519685,U,WPRE,Juvenile,6,-4.8,Y,SC,F,21.87782797,113.055509,229,WPRE
160,JMSC150121,317,1,0.419,15.7,-13.5,7.9,20.8,2004,2005,2.632911392,U,WPRE,Juvenile,10,0,Y,SC,F,21.697889,112.594564,224,WPRE
161,JMSC150121,318,2,0.763,13.8,-14,2.5,6.8,2004,2006,2.72,U,WPRE,Juvenile,10,-1.9,Y,SC,F,21.697889,112.594564,224,WPRE
162,JMSC150121,319,3,0.528,13.1,-14.1,2.7,7.6,2004,2007,2.814814815,U,WPRE,Juvenile,10,-2.6,Y,SC,F,21.697889,112.594564,224,WPRE
163,JMSC150121,320,4,0.353,12.6,-14,3.2,8.9,2004,2008,2.78125,U,WPRE,Juvenile,10,-3.1,Y,SC,F,21.697889,112.594564,224,WPRE
164,JMSC150121,321,5,0.557,12.6,-13.9,2.8,7.8,2004,2009,2.785714286,U,WPRE,Juvenile,10,-3.1,Y,SC,F,21.697889,112.594564,224,WPRE
165,JMSC150121,322,6,0.386,12.9,-13.7,2.9,8,2004,2010,2.75862069,U,WPRE,Juvenile,10,-2.8,Y,SC,F,21.697889,112.594564,224,WPRE
166,JMSC150121,323,7,0.381,12.6,-13.7,2.8,7.6,2004,2011,2.714285714,U,WPRE,Juvenile,10,-3.1,Y,SC,F,21.697889,112.594564,224,WPRE
167,JMSC150121,324,8,0.624,14,-13.6,2.3,6.6,2004,2012,2.869565217,U,WPRE,Juvenile,10,-1.7,Y,SC,F,21.697889,112.594564,224,WPRE
168,JMSC150121,325,9,0.213,11,-14,3.5,9.3,2004,2013,2.657142857,U,WPRE,Juvenile,10,-4.7,Y,SC,F,21.697889,112.594564,224,WPRE
169,JMSC150121,326,10,0.218,10.5,-14.2,3.3,8.6,2004,2014,2.606060606,U,WPRE,Juvenile,10,-5.2,Y,SC,F,21.697889,112.594564,224,WPRE
170,JMSC170201,335,1,1.102,16.6,-14.4,2.2,6.1,2009,2010,2.772727273,U,WPRE,Juvenile,7,0,Y,SC,F,21.688826,112.79904,220,WPRE
171,JMSC170201,336,2,0.873,15.1,-14.3,2.6,7.4,2009,2011,2.846153846,U,WPRE,Juvenile,7,-1.5,Y,SC,F,21.688826,112.79904,220,WPRE
172,JMSC170201,354,4,0.592,12.9,-15.3,2.4,7,2009,2013,2.916666667,U,WPRE,Juvenile,7,-3.7,Y,SC,F,21.688826,112.79904,220,WPRE
173,JMSC170201,355,5,0.504,12.5,-15,2.9,8.2,2009,2014,2.827586207,U,WPRE,Juvenile,7,-4.1,Y,SC,F,21.688826,112.79904,220,WPRE
174,JMSC170201,356,6,0.546,11.8,-14.4,2.8,7.7,2009,2015,2.75,U,WPRE,Juvenile,7,-4.8,Y,SC,F,21.688826,112.79904,220,WPRE
175,JMSC170201,353,3,0.721,13.7,-14.4,2.3,6.4,2009,2012,2.782608696,U,WPRE,Juvenile,7,-2.9,Y,SC,F,21.688826,112.79904,220,WPRE
176,JMSC170201,357,7,0.56,13.8,-14.9,3.3,9.6,2009,2016,2.909090909,U,WPRE,Juvenile,7,-2.8,Y,SC,F,21.688826,112.79904,220,WPRE
177,JMSC170219,281,1,2.362,17,-14.7,2.1,5.9,2005,2006,2.80952381,U,WPRE,Juvenile,10,0,Y,SC,M,21.875739,113.022175,224,WPRE
178,JMSC170219,282,2,1.911,16.1,-15,2.1,5.9,2005,2007,2.80952381,U,WPRE,Juvenile,10,-0.9,Y,SC,M,21.875739,113.022175,224,WPRE
179,JMSC170219,283,3,1.822,15.6,-14.9,2.2,6.3,2005,2008,2.863636364,U,WPRE,Juvenile,10,-1.4,Y,SC,M,21.875739,113.022175,224,WPRE
180,JMSC170219,284,4,1.537,14.8,-14.9,2.3,6.5,2005,2009,2.826086957,U,WPRE,Juvenile,10,-2.2,Y,SC,M,21.875739,113.022175,224,WPRE
181,JMSC170219,285,5,1.355,14.1,-15,2.3,6.5,2005,2010,2.826086957,U,WPRE,Juvenile,10,-2.9,Y,SC,M,21.875739,113.022175,224,WPRE
182,JMSC170219,286,6,0.675,13.9,-14.5,3,8.5,2005,2011,2.833333333,U,WPRE,Juvenile,10,-3.1,Y,SC,M,21.875739,113.022175,224,WPRE
183,JMSC170219,287,7,0.876,13.6,-14.5,2.9,8.1,2005,2012,2.793103448,U,WPRE,Juvenile,10,-3.4,Y,SC,M,21.875739,113.022175,224,WPRE
184,JMSC170219,288,9,0.668,13.1,-14.8,2.8,7.9,2005,2014,2.821428571,U,WPRE,Juvenile,10,-3.9,Y,SC,M,21.875739,113.022175,224,WPRE
185,JMSC170219,289,10,0.612,13.3,-14.8,2.8,7.7,2005,2015,2.75,U,WPRE,Juvenile,10,-3.7,Y,SC,M,21.875739,113.022175,224,WPRE
186,JMSC170219,290,11,0.735,11.9,-14.5,3.2,8.2,2005,2016,2.5625,U,WPRE,Adult,10,-5.1,Y,SC,M,21.875739,113.022175,224,WPRE
187,JMSC170920,292,1,1.291,13.8,-14.1,1.3,3.8,2000,2001,2.923076923,U,MPRE,Juvenile,12,0,Y,SC,F,22.107223,113.545207,228,MPRE
188,JMSC170920,293,2,1.152,13.6,-14,2.3,6.4,2000,2002,2.782608696,U,MPRE,Juvenile,12,-0.2,Y,SC,F,22.107223,113.545207,228,MPRE
189,JMSC170920,294,3,0.74,14.4,-14.4,3.9,11.3,2000,2003,2.897435897,U,MPRE,Juvenile,12,0.6,Y,SC,F,22.107223,113.545207,228,MPRE
190,JMSC170920,295,4,0.894,16,-13.7,3.8,10.5,2000,2004,2.763157895,U,MPRE,Juvenile,12,2.2,Y,SC,F,22.107223,113.545207,228,MPRE
191,JMSC170920,296,5,0.5,13.2,-13.6,2.9,8.1,2000,2005,2.793103448,U,MPRE,Juvenile,12,-0.6,Y,SC,F,22.107223,113.545207,228,MPRE
192,JMSC170920,297,6,0.639,12.4,-14,2.7,7.5,2000,2006,2.777777778,U,MPRE,Juvenile,12,-1.4,Y,SC,F,22.107223,113.545207,228,MPRE
193,JMSC170920,298,7,0.564,12.5,-14,2.8,7.8,2000,2007,2.785714286,U,MPRE,Juvenile,12,-1.3,Y,SC,F,22.107223,113.545207,228,MPRE
194,JMSC170920,299,8,0.373,12.8,-14,2.9,8,2000,2008,2.75862069,U,MPRE,Juvenile,12,-1,Y,SC,F,22.107223,113.545207,228,MPRE
195,JMSC170920,300,9,0.407,12.3,-14.3,2.8,7.7,2000,2009,2.75,U,MPRE,Juvenile,12,-1.5,Y,SC,F,22.107223,113.545207,228,MPRE
196,JMSC170920,301,10,0.419,12.2,-14.3,2.7,7.7,2000,2010,2.851851852,U,MPRE,Juvenile,12,-1.6,Y,SC,F,22.107223,113.545207,228,MPRE
197,JMSC170920,302,11,0.34,12.1,-13.8,2.7,7.6,2000,2011,2.814814815,U,MPRE,Adult,12,-1.7,Y,SC,F,22.107223,113.545207,228,MPRE
198,JMSC170920,303,12,0.341,12.1,-14.2,2.8,7.6,2000,2012,2.714285714,U,MPRE,Adult,12,-1.7,Y,SC,F,22.107223,113.545207,228,MPRE
199,MASC160323,337,1,1.1,14.8,-15.1,2.3,6.6,2008,2009,2.869565217,U,MPRE,Juvenile,9,0,Y,SC,F,22.13932653,113.5816146,245.5,MPRE
200,MASC160323,338,2,0.861,14.2,-15.1,2.5,7.2,2008,2010,2.88,U,MPRE,Juvenile,9,-0.6,Y,SC,F,22.13932653,113.5816146,245.5,MPRE
201,MASC160323,339,3,1.012,13.7,-15.3,2.5,7.1,2008,2011,2.84,U,MPRE,Juvenile,9,-1.1,Y,SC,F,22.13932653,113.5816146,245.5,MPRE
202,MASC160323,345,9,0.461,12.2,-15.2,3.1,9,2008,2017,2.903225806,U,MPRE,Juvenile,9,-2.6,Y,SC,F,22.13932653,113.5816146,245.5,MPRE
203,MASC160323,341,5,1.042,13.6,-14.9,2.4,6.8,2008,2013,2.833333333,U,MPRE,Juvenile,9,-1.2,Y,SC,F,22.13932653,113.5816146,245.5,MPRE
204,MASC160323,342,6,1.37,14.1,-15.3,2.5,7.4,2008,2014,2.96,U,MPRE,Juvenile,9,-0.7,Y,SC,F,22.13932653,113.5816146,245.5,MPRE
205,MASC160323,343,7,0.658,14,-14.9,2.8,8.3,2008,2015,2.964285714,U,MPRE,Juvenile,9,-0.8,Y,SC,F,22.13932653,113.5816146,245.5,MPRE
206,MASC160323,340,4,0.937,13.8,-15.3,2.4,7.1,2008,2012,2.958333333,U,MPRE,Juvenile,9,-1,Y,SC,F,22.13932653,113.5816146,245.5,MPRE
207,MASC160323,344,8,0.745,13.1,-14.6,2.7,7.7,2008,2016,2.851851852,U,MPRE,Juvenile,9,-1.7,Y,SC,F,22.13932653,113.5816146,245.5,MPRE
208,MASC170718,327,1,1.151,15.6,-15.7,2.5,6.6,2008,2009,2.64,U,MPRE,Juvenile,8,0,Y,SC,M,22.112201,113.564258,224,MPRE
209,MASC170718,328,2,1.212,14.6,-15.6,0.8,2.3,2008,2010,2.875,U,MPRE,Juvenile,8,-1,Y,SC,M,22.112201,113.564258,224,MPRE
210,MASC170718,329,3,1.042,14.4,-16.5,2.6,7.2,2008,2011,2.769230769,U,MPRE,Juvenile,8,-1.2,Y,SC,M,22.112201,113.564258,224,MPRE
211,MASC170718,330,4,1.123,14.6,-17.5,2.5,7.2,2008,2012,2.88,U,MPRE,Juvenile,8,-1,Y,SC,M,22.112201,113.564258,224,MPRE
212,MASC170718,331,5,1.201,14.4,-17.5,2.5,7.4,2008,2013,2.96,U,MPRE,Juvenile,8,-1.2,Y,SC,M,22.112201,113.564258,224,MPRE
213,MASC170718,332,6,1.403,14.6,-16.7,1.9,5.6,2008,2014,2.947368421,U,MPRE,Juvenile,8,-1,Y,SC,M,22.112201,113.564258,224,MPRE
214,MASC170718,333,7,1.068,12.4,-16.5,2.8,8.2,2008,2015,2.928571429,U,MPRE,Juvenile,8,-3.2,Y,SC,M,22.112201,113.564258,224,MPRE
215,MASC170718,334,8,1.004,11.7,-16.8,2.6,7.6,2008,2016,2.923076923,U,MPRE,Juvenile,8,-3.9,Y,SC,M,22.112201,113.564258,224,MPRE
216,ZHSC100419,508,1,1.243,17,-14.2,2.05,5.97,1992,1993,2.912195122,U,MPRE,Juvenile,16,0,Y,SC,M,22.021736,113.717382,239,MPRE
217,ZHSC100419,509,2,1.289,14.5,-14.8,2.24,6.6,1992,1994,2.946428571,U,MPRE,Juvenile,16,-2.5,Y,SC,M,22.021736,113.717382,239,MPRE
218,ZHSC100419,510,3,1.091,13.8,-14.6,2.07,6.16,1992,1995,2.975845411,U,MPRE,Juvenile,16,-3.2,Y,SC,M,22.021736,113.717382,239,MPRE
219,ZHSC100419,511,4,1.015,13.5,-14.7,2.05,6.14,1992,1996,2.995121951,U,MPRE,Juvenile,16,-3.5,Y,SC,M,22.021736,113.717382,239,MPRE
220,ZHSC100419,512,5,0.857,13.3,-14.2,2.07,6.21,1992,1997,3,U,MPRE,Juvenile,16,-3.7,Y,SC,M,22.021736,113.717382,239,MPRE
221,ZHSC100419,513,6,1.102,13.5,-14.4,1.97,5.82,1992,1998,2.954314721,U,MPRE,Juvenile,16,-3.5,Y,SC,M,22.021736,113.717382,239,MPRE
222,ZHSC100419,514,7,0.695,13.7,-15.1,2.18,6.61,1992,1999,3.032110092,U,MPRE,Juvenile,16,-3.3,Y,SC,M,22.021736,113.717382,239,MPRE
223,ZHSC100419,515,8,0.614,13.5,-15.4,2.04,6.18,1992,2000,3.029411765,U,MPRE,Juvenile,16,-3.5,Y,SC,M,22.021736,113.717382,239,MPRE
224,ZHSC100419,516,9,0.733,13.5,-15.8,2.15,6.54,1992,2001,3.041860465,U,MPRE,Juvenile,16,-3.5,Y,SC,M,22.021736,113.717382,239,MPRE
225,ZHSC100419,517,10,0.651,13.8,-15.9,2.14,6.52,1992,2002,3.046728972,U,MPRE,Juvenile,16,-3.2,Y,SC,M,22.021736,113.717382,239,MPRE
226,ZHSC100419,518,11,0.908,14.4,-15.2,2.35,7.02,1992,2003,2.987234043,U,MPRE,Adult,16,-2.6,Y,SC,M,22.021736,113.717382,239,MPRE
227,ZHSC100419,519,12,0.686,13.8,-15.4,2.36,7.05,1992,2004,2.987288136,U,MPRE,Adult,16,-3.2,Y,SC,M,22.021736,113.717382,239,MPRE
228,ZHSC100419,520,13,0.614,13,-14.7,2.41,7.26,1992,2005,3.012448133,U,MPRE,Adult,16,-4,Y,SC,M,22.021736,113.717382,239,MPRE
229,ZHSC100419,521,14,0.571,13.6,-15.6,2.412,7.37,1992,2006,3.055555556,U,MPRE,Adult,16,-3.4,Y,SC,M,22.021736,113.717382,239,MPRE
230,ZHSC100419,522,15,0.511,14,-15.8,2.613,7.753,1992,2007,2.967087639,U,MPRE,Adult,16,-3,Y,SC,M,22.021736,113.717382,239,MPRE
231,ZHSC100419,523,16,0.527,14.1,-17.4,2.566,7.55,1992,2008,2.942322681,U,MPRE,Adult,16,-2.9,Y,SC,M,22.021736,113.717382,239,MPRE
232,ZHSC110505,645,1,2.506,17.5,-13.9,2.09,5.98,1986,1987,2.861244019,U,EPRE,Juvenile,21,0,Y,SC,F,22.947161,113.003566,254,EPRE
233,ZHSC110505,646,2,1.39,15.5,-14.8,2.31,6.61,1986,1988,2.861471861,U,EPRE,Juvenile,21,-2,Y,SC,F,22.947161,113.003566,254,EPRE
234,ZHSC110505,647,3,1.392,14.9,-14.7,2.26,6.56,1986,1989,2.902654867,U,EPRE,Juvenile,21,-2.6,Y,SC,F,22.947161,113.003566,254,EPRE
235,ZHSC110505,648,4,1.21,13.9,-14.7,2.22,6.43,1986,1990,2.896396396,U,EPRE,Juvenile,21,-3.6,Y,SC,F,22.947161,113.003566,254,EPRE
236,ZHSC110505,649,5,1.46,13.5,-14.2,2,5.91,1986,1991,2.955,U,EPRE,Juvenile,21,-4,Y,SC,F,22.947161,113.003566,254,EPRE
237,ZHSC110505,650,6,1.309,13.4,-13.9,2.13,6.38,1986,1992,2.995305164,U,EPRE,Juvenile,21,-4.1,Y,SC,F,22.947161,113.003566,254,EPRE
238,ZHSC110505,651,7,1.257,13.8,-14.1,2.13,6.37,1986,1993,2.990610329,U,EPRE,Juvenile,21,-3.7,Y,SC,F,22.947161,113.003566,254,EPRE
239,ZHSC110505,652,8,1.794,14.4,-14.4,2.25,6.73,1986,1994,2.991111111,U,EPRE,Juvenile,21,-3.1,Y,SC,F,22.947161,113.003566,254,EPRE
240,ZHSC110505,653,9,1.271,14.3,-14.4,2.16,6.43,1986,1995,2.976851852,U,EPRE,Juvenile,21,-3.2,Y,SC,F,22.947161,113.003566,254,EPRE
241,ZHSC110505,654,10,1.149,14.3,-14.9,2.35,7.08,1986,1996,3.012765957,U,EPRE,Juvenile,21,-3.2,Y,SC,F,22.947161,113.003566,254,EPRE
242,ZHSC110505,655,11,1.229,14.2,-14.5,2.31,6.8,1986,1997,2.943722944,U,EPRE,Adult,21,-3.3,Y,SC,F,22.947161,113.003566,254,EPRE
243,ZHSC110505,656,12,1.149,13.6,-14.4,2.36,6.89,1986,1998,2.919491525,U,EPRE,Adult,21,-3.9,Y,SC,F,22.947161,113.003566,254,EPRE
244,ZHSC110505,657,13,1.146,13.8,-14.2,2.36,6.82,1986,1999,2.889830508,U,EPRE,Adult,21,-3.7,Y,SC,F,22.947161,113.003566,254,EPRE
245,ZHSC110505,658,14,0.904,13.7,-14.3,2.32,6.72,1986,2000,2.896551724,U,EPRE,Adult,21,-3.8,Y,SC,F,22.947161,113.003566,254,EPRE
246,ZHSC110505,659,15,0.764,13.5,-14.3,2.39,6.83,1986,2001,2.857740586,U,EPRE,Adult,21,-4,Y,SC,F,22.947161,113.003566,254,EPRE
247,ZHSC110505,660,16,0.788,13.2,-14.6,2.38,6.88,1986,2002,2.890756303,U,EPRE,Adult,21,-4.3,Y,SC,F,22.947161,113.003566,254,EPRE
248,ZHSC110505,661,17,0.586,13,-14.5,2.45,6.99,1986,2003,2.853061224,U,EPRE,Adult,21,-4.5,Y,SC,F,22.947161,113.003566,254,EPRE
249,ZHSC110505,662,18,0.603,13.4,-14.3,2.53,7.16,1986,2004,2.830039526,U,EPRE,Adult,21,-4.1,Y,SC,F,22.947161,113.003566,254,EPRE
250,ZHSC110505,663,19,0.539,13.1,-14.3,2.6,7.35,1986,2005,2.826923077,U,EPRE,Adult,21,-4.4,Y,SC,F,22.947161,113.003566,254,EPRE
251,ZHSC110505,664,21,0.53,13,-14.3,2.57,7.22,1986,2007,2.809338521,U,EPRE,Adult,21,-4.5,Y,SC,F,22.947161,113.003566,254,EPRE
252,ZHSC110505,665,8,0.58,13.3,-14.3,2.5,7.03,1986,1994,2.812,U,EPRE,Juvenile,21,-4.2,Y,SC,F,22.947161,113.003566,254,EPRE
253,ZHSC110512,564,1,1.399,17.4,-16.1,2.04,5.95,2006,2007,2.916666667,U,EPRE,Juvenile,7,0,Y,SC,M,22.340167,113.594932,221,EPRE
254,ZHSC110512,565,2,1.056,16.2,-16.6,2.21,6.38,2006,2008,2.886877828,U,EPRE,Juvenile,7,-1.2,Y,SC,M,22.340167,113.594932,221,EPRE
255,ZHSC110512,566,3,1.009,15.5,-17,2.34,6.7,2006,2009,2.863247863,U,EPRE,Juvenile,7,-1.9,Y,SC,M,22.340167,113.594932,221,EPRE
256,ZHSC110512,567,4,1.145,15.6,-17.2,2.45,7.05,2006,2010,2.87755102,U,EPRE,Juvenile,7,-1.8,Y,SC,M,22.340167,113.594932,221,EPRE
257,ZHSC110512,568,5,1.176,15.2,-17.6,2.43,7.24,2006,2011,2.979423868,U,EPRE,Juvenile,7,-2.2,Y,SC,M,22.340167,113.594932,221,EPRE
258,ZHSC110512,569,6,1.005,14.7,-17.5,2.46,7.01,2006,2012,2.849593496,U,EPRE,Juvenile,7,-2.7,Y,SC,M,22.340167,113.594932,221,EPRE
259,ZHSC110512,570,7,0.921,14.9,-17.6,2.49,7.32,2006,2013,2.939759036,U,EPRE,Juvenile,7,-2.5,Y,SC,M,22.340167,113.594932,221,EPRE
260,ZHSC110618,584,1,2.05,17.3,-14.3,2.45,7.34,1988,1989,2.995918367,U,EPRE,Juvenile,15,0,Y,SC,F,22.762829,113.544547,250,EPRE
261,ZHSC110618,585,2,0.901,14.6,-14.9,2.82,8.19,1988,1990,2.904255319,U,EPRE,Juvenile,15,-2.7,Y,SC,F,22.762829,113.544547,250,EPRE
262,ZHSC110618,586,3,0.887,14.3,-14.7,2.75,8.25,1988,1991,3,U,EPRE,Juvenile,15,-3,Y,SC,F,22.762829,113.544547,250,EPRE
263,ZHSC110618,587,4,2.703,14.7,-14.2,2.53,7.66,1988,1992,3.027667984,U,EPRE,Juvenile,15,-2.6,Y,SC,F,22.762829,113.544547,250,EPRE
264,ZHSC110618,588,5,1.919,14.6,-15,2.35,7.38,1988,1993,3.140425532,U,EPRE,Juvenile,15,-2.7,Y,SC,F,22.762829,113.544547,250,EPRE
265,ZHSC110618,589,6,1.687,14.5,-14.6,2.49,7.48,1988,1994,3.004016064,U,EPRE,Juvenile,15,-2.8,Y,SC,F,22.762829,113.544547,250,EPRE
266,ZHSC110618,590,7,1.616,14.6,-14.6,2.55,7.77,1988,1995,3.047058824,U,EPRE,Juvenile,15,-2.7,Y,SC,F,22.762829,113.544547,250,EPRE
267,ZHSC110618,591,8,1.36,14.6,-14.6,2.54,7.67,1988,1996,3.019685039,U,EPRE,Juvenile,15,-2.7,Y,SC,F,22.762829,113.544547,250,EPRE
268,ZHSC110618,592,9,1.323,14.4,-14.5,2.66,8.03,1988,1997,3.018796992,U,EPRE,Juvenile,15,-2.9,Y,SC,F,22.762829,113.544547,250,EPRE
269,ZHSC110618,593,10,0.877,13.9,-14.5,2.72,8.15,1988,1998,2.996323529,U,EPRE,Juvenile,15,-3.4,Y,SC,F,22.762829,113.544547,250,EPRE
270,ZHSC110618,594,11,0.62,13.7,-14.6,2.78,8.21,1988,1999,2.95323741,U,EPRE,Adult,15,-3.6,Y,SC,F,22.762829,113.544547,250,EPRE
271,ZHSC110618,595,12,0.488,12.7,-14.7,2.78,8.12,1988,2000,2.920863309,U,EPRE,Adult,15,-4.6,Y,SC,F,22.762829,113.544547,250,EPRE
272,ZHSC110618,596,13,0.508,12.8,-14.4,2.48,7.25,1988,2001,2.923387097,U,EPRE,Adult,15,-4.5,Y,SC,F,22.762829,113.544547,250,EPRE
273,ZHSC110618,597,14,0.409,12.7,-14.7,2.77,8.02,1988,2002,2.895306859,U,EPRE,Adult,15,-4.6,Y,SC,F,22.762829,113.544547,250,EPRE
274,ZHSC110618,598,15,0.422,13,-14.8,2.69,7.81,1988,2003,2.903345725,U,EPRE,Adult,15,-4.3,Y,SC,F,22.762829,113.544547,250,EPRE
275,ZHSC110915,408,1,1.488,16.8,-16.4,2.43,6.87,2004,2005,2.827160494,U,EPRE,Juvenile,6,0,Y,SC,F,22.30372,113.58167,222,EPRE
276,ZHSC110915,409,2,1.599,15.7,-17.3,2.54,7.42,2004,2006,2.921259843,U,EPRE,Juvenile,6,-1.1,Y,SC,F,22.30372,113.58167,222,EPRE
277,ZHSC110915,411,4,1.577,15.3,-17.9,2.35,6.95,2004,2008,2.957446809,U,EPRE,Juvenile,6,-1.5,Y,SC,F,22.30372,113.58167,222,EPRE
278,ZHSC110915,412,5,1.871,14.8,-17.8,2.57,7.59,2004,2009,2.953307393,U,EPRE,Juvenile,6,-2,Y,SC,F,22.30372,113.58167,222,EPRE
279,ZHSC110915,413,6,1.069,14.1,-18.2,2.78,8.22,2004,2010,2.956834532,U,EPRE,Juvenile,6,-2.7,Y,SC,F,22.30372,113.58167,222,EPRE
280,ZHSC110915,410,3,1.589,15.3,-17.5,2.35,6.96,2004,2007,2.961702128,U,EPRE,Juvenile,6,-1.5,Y,SC,F,22.30372,113.58167,222,EPRE
281,ZHSC160302,555,1,0.97,14.9,-17.8,2.27,5.9,2008,2009,2.599118943,U,MPRE,Juvenile,6,0,Y,SC,M,21.917066,113.281361,230,MPRE
282,ZHSC160302,556,2,0.68,12.2,-15.2,2.16,5.94,2008,2010,2.75,U,MPRE,Juvenile,6,-2.7,Y,SC,M,21.917066,113.281361,230,MPRE
283,ZHSC160302,557,3,0.808,13.8,-15.2,2.27,6.7,2008,2011,2.95154185,U,MPRE,Juvenile,6,-1.1,Y,SC,M,21.917066,113.281361,230,MPRE
284,ZHSC160302,558,4,0.705,13.3,-15,2.3,6.61,2008,2012,2.873913043,U,MPRE,Juvenile,6,-1.6,Y,SC,M,21.917066,113.281361,230,MPRE
285,ZHSC160302,559,5,0.676,13.1,-15,2.35,6.78,2008,2013,2.885106383,U,MPRE,Juvenile,6,-1.8,Y,SC,M,21.917066,113.281361,230,MPRE
286,ZHSC160321,730,1,1.2,13.5,-15.1,2.05,5.8,2005,2006,2.829268293,U,EPRE,Juvenile,11,-1,Y,SC,F,22.39618813,113.6501832,253,EPRE
287,ZHSC160321,731,2,1.261,13.6,-15.4,2.24,6.32,2005,2007,2.821428571,U,EPRE,Juvenile,11,-0.9,Y,SC,F,22.39618813,113.6501832,253,EPRE
288,ZHSC160321,732,3,1.31,13.4,-15.5,2.25,6.39,2005,2008,2.84,U,EPRE,Juvenile,11,-1.1,Y,SC,F,22.39618813,113.6501832,253,EPRE
289,ZHSC160321,733,4,1.248,13,-15.4,2.42,6.91,2005,2009,2.855371901,U,EPRE,Juvenile,11,-1.5,Y,SC,F,22.39618813,113.6501832,253,EPRE
290,ZHSC160321,734,5,1.237,12.5,-15.2,2.42,6.92,2005,2010,2.859504132,U,EPRE,Juvenile,11,-2,Y,SC,F,22.39618813,113.6501832,253,EPRE
291,ZHSC160321,735,6,1.134,12.3,-15.1,2.45,7.01,2005,2011,2.86122449,U,EPRE,Juvenile,11,-2.2,Y,SC,F,22.39618813,113.6501832,253,EPRE
292,ZHSC160321,736,7,1.25,12.1,-15.1,2.4,6.87,2005,2012,2.8625,U,EPRE,Juvenile,11,-2.4,Y,SC,F,22.39618813,113.6501832,253,EPRE
293,ZHSC160321,737,8,0.859,12,-15.4,2.53,7.27,2005,2013,2.873517787,U,EPRE,Juvenile,11,-2.5,Y,SC,F,22.39618813,113.6501832,253,EPRE
294,ZHSC160321,738,9,1.223,12.6,-15.5,2.36,6.88,2005,2014,2.915254237,U,EPRE,Juvenile,11,-1.9,Y,SC,F,22.39618813,113.6501832,253,EPRE
295,ZHSC160321,739,10,0.936,13.2,-15.6,2.42,6.97,2005,2015,2.880165289,U,EPRE,Juvenile,11,-1.3,Y,SC,F,22.39618813,113.6501832,253,EPRE
296,ZHSC160410,695,1,1.056,15.9,-13.7,2.48,6.98,2004,2005,2.814516129,U,EPRE,Juvenile,12,0,Y,SC,F,23.253063,112.838064,254,EPRE
297,ZHSC160410,696,2,1.02,14.7,-13.9,2.45,7.06,2004,2006,2.881632653,U,EPRE,Juvenile,12,-1.2,Y,SC,F,23.253063,112.838064,254,EPRE
298,ZHSC160410,697,3,2.045,13.9,-14.1,2.29,6.53,2004,2007,2.851528384,U,EPRE,Juvenile,12,-2,Y,SC,F,23.253063,112.838064,254,EPRE
299,ZHSC160410,698,4,1.184,13.1,-14.1,2.21,6.35,2004,2008,2.873303167,U,EPRE,Juvenile,12,-2.8,Y,SC,F,23.253063,112.838064,254,EPRE
300,ZHSC160410,699,5,0.993,13.2,-14.1,2.15,6.22,2004,2009,2.893023256,U,EPRE,Juvenile,12,-2.7,Y,SC,F,23.253063,112.838064,254,EPRE
301,ZHSC160410,700,6,0.723,13.1,-14.1,2.38,6.91,2004,2010,2.903361345,U,EPRE,Juvenile,12,-2.8,Y,SC,F,23.253063,112.838064,254,EPRE
302,ZHSC160410,701,7,0.634,12.3,-14,2.42,7,2004,2011,2.892561983,U,EPRE,Juvenile,12,-3.6,Y,SC,F,23.253063,112.838064,254,EPRE
303,ZHSC160410,702,8,0.841,12.5,-14,2.43,7.06,2004,2012,2.905349794,U,EPRE,Juvenile,12,-3.4,Y,SC,F,23.253063,112.838064,254,EPRE
304,ZHSC160410,703,9,0.759,12.5,-13.7,2.42,6.92,2004,2013,2.859504132,U,EPRE,Juvenile,12,-3.4,Y,SC,F,23.253063,112.838064,254,EPRE
305,ZHSC160410,704,10,0.605,11.5,-13.6,2.6,7.38,2004,2014,2.838461538,U,EPRE,Juvenile,12,-4.4,Y,SC,F,23.253063,112.838064,254,EPRE
306,ZHSC160410,705,11,0.35,10.2,-13.6,2.67,7.44,2004,2015,2.786516854,U,EPRE,Adult,12,-5.7,Y,SC,F,23.253063,112.838064,254,EPRE
307,ZHSC160410,706,12,0.409,11.2,-13.6,2.67,7.52,2004,2016,2.816479401,U,EPRE,Adult,12,-4.7,Y,SC,F,23.253063,112.838064,254,EPRE
308,ZHSC160506,707,1,1.262,15.6,-14.4,2.13,6.06,2005,2006,2.845070423,U,EPRE,Juvenile,10,0,Y,SC,F,22.23972191,113.6159775,233,EPRE
309,ZHSC160506,708,2,1.605,13.7,-14.8,2.16,6.31,2005,2007,2.921296296,U,EPRE,Juvenile,10,-1.9,Y,SC,F,22.23972191,113.6159775,233,EPRE
310,ZHSC160506,709,3,1.473,13,-15.3,1.99,5.88,2005,2008,2.954773869,U,EPRE,Juvenile,10,-2.6,Y,SC,F,22.23972191,113.6159775,233,EPRE
311,ZHSC160506,710,4,1.649,12.6,-15.4,2.07,6.22,2005,2009,3.004830918,U,EPRE,Juvenile,10,-3,Y,SC,F,22.23972191,113.6159775,233,EPRE
312,ZHSC160506,711,5,1.457,12.5,-15.4,2.18,6.62,2005,2010,3.036697248,U,EPRE,Juvenile,10,-3.1,Y,SC,F,22.23972191,113.6159775,233,EPRE
313,ZHSC160506,712,6,1.483,12.6,-14.9,2.33,6.85,2005,2011,2.939914163,U,EPRE,Juvenile,10,-3,Y,SC,F,22.23972191,113.6159775,233,EPRE
314,ZHSC160506,713,7,1.317,12.3,-15,2.23,6.48,2005,2012,2.905829596,U,EPRE,Juvenile,10,-3.3,Y,SC,F,22.23972191,113.6159775,233,EPRE
315,ZHSC160506,714,8,0.638,11.5,-15.1,2.56,7.38,2005,2013,2.8828125,U,EPRE,Juvenile,10,-4.1,Y,SC,F,22.23972191,113.6159775,233,EPRE
316,ZHSC160506,715,9,1.066,12.3,-15.1,2.48,7.26,2005,2014,2.927419355,U,EPRE,Juvenile,10,-3.3,Y,SC,F,22.23972191,113.6159775,233,EPRE
317,ZHSC160506,716,10,1.075,12.1,-15,2.65,7.6,2005,2015,2.867924528,U,EPRE,Juvenile,10,-3.5,Y,SC,F,22.23972191,113.6159775,233,EPRE
318,ZHSC161213,599,1,3.758,18.3,-14.9,1.99,5.84,1997,1998,2.934673367,U,MPRE,Juvenile,12,0,Y,SC,M,22.03568,113.397412,241,MPRE
319,ZHSC161213,600,2,2.737,15.7,-16,2.24,6.77,1997,1999,3.022321429,U,MPRE,Juvenile,12,-2.6,Y,SC,M,22.03568,113.397412,241,MPRE
320,ZHSC161213,601,3,2.737,15.1,-15.5,2.68,7.91,1997,2000,2.951492537,U,MPRE,Juvenile,12,-3.2,Y,SC,M,22.03568,113.397412,241,MPRE
321,ZHSC161213,602,4,1.872,14.6,-15.6,2.63,7.69,1997,2001,2.923954373,U,MPRE,Juvenile,12,-3.7,Y,SC,M,22.03568,113.397412,241,MPRE
322,ZHSC161213,603,5,2.267,14.5,-15.3,2.6,7.76,1997,2002,2.984615385,U,MPRE,Juvenile,12,-3.8,Y,SC,M,22.03568,113.397412,241,MPRE
323,ZHSC161213,604,6,1.94,14.1,-15.5,2.39,7.19,1997,2003,3.008368201,U,MPRE,Juvenile,12,-4.2,Y,SC,M,22.03568,113.397412,241,MPRE
324,ZHSC161213,605,7,1.941,14.1,-16,2.68,8.15,1997,2004,3.041044776,U,MPRE,Juvenile,12,-4.2,Y,SC,M,22.03568,113.397412,241,MPRE
325,ZHSC161213,606,8,0.765,13.5,-16.4,2.9,8.7,1997,2005,3,U,MPRE,Juvenile,12,-4.8,Y,SC,M,22.03568,113.397412,241,MPRE
326,ZHSC161213,607,9,1.433,14.1,-16.5,2.72,8.3,1997,2006,3.051470588,U,MPRE,Juvenile,12,-4.2,Y,SC,M,22.03568,113.397412,241,MPRE
327,ZHSC161213,608,10,1.262,14.6,-16.6,2.68,8.05,1997,2007,3.003731343,U,MPRE,Juvenile,12,-3.7,Y,SC,M,22.03568,113.397412,241,MPRE
328,ZHSC161213,609,11,1.215,14.4,-17,2.72,8.23,1997,2008,3.025735294,U,MPRE,Adult,12,-3.9,Y,SC,M,22.03568,113.397412,241,MPRE
329,ZHSC161213,610,12,1.217,14.2,-16.8,2.84,8.58,1997,2009,3.021126761,U,MPRE,Adult,12,-4.1,Y,SC,M,22.03568,113.397412,241,MPRE
330,ZHSC161214,363,1,1.418,14.4,-17.2,2.2,6.7,2009,2010,3.045454545,U,MPRE,Juvenile,6,-2.2,Y,SC,M,22.065639,113.507694,224,MPRE
331,ZHSC161214,364,2,1.285,14.5,-17.7,2.5,7.8,2009,2011,3.12,U,MPRE,Juvenile,6,-2.1,Y,SC,M,22.065639,113.507694,224,MPRE
332,ZHSC161214,365,4,1.085,13.5,-18,2.3,7.1,2009,2013,3.086956522,U,MPRE,Juvenile,6,-3.1,Y,SC,M,22.065639,113.507694,224,MPRE
333,ZHSC161214,366,5,1.654,13.5,-17.8,2.4,7.4,2009,2014,3.083333333,U,MPRE,Juvenile,6,-3.1,Y,SC,M,22.065639,113.507694,224,MPRE
334,ZHSC161214,367,6,1.627,12.5,-18,2.1,6.2,2009,2015,2.952380952,U,MPRE,Juvenile,6,-4.1,Y,SC,M,22.065639,113.507694,224,MPRE
335,ZHSC170521,525,1,1.253,15.9,-14.9,2.219,6.43,2002,2003,2.897701667,U,MPRE,Juvenile,10,-2,Y,SC,F,21.935887,113.277993,253,MPRE
336,ZHSC170521,526,2,1.432,15.2,-14.2,2.111,6.325,2002,2004,2.996210327,U,MPRE,Juvenile,10,-2.7,Y,SC,F,21.935887,113.277993,253,MPRE
337,ZHSC170521,527,3,0.956,14.2,-14.1,2.14,6.41,2002,2005,2.995327103,U,MPRE,Juvenile,10,-3.7,Y,SC,F,21.935887,113.277993,253,MPRE
338,ZHSC170521,528,4,0.726,13.9,-14.1,2.205,6.614,2002,2006,2.999546485,U,MPRE,Juvenile,10,-4,Y,SC,F,21.935887,113.277993,253,MPRE
339,ZHSC170521,529,5,1.706,14.6,-13.9,2.175,6.544,2002,2007,3.008735632,U,MPRE,Juvenile,10,-3.3,Y,SC,F,21.935887,113.277993,253,MPRE
340,ZHSC170521,530,6,0.917,14.8,-14.4,2.481,7.332,2002,2008,2.955259976,U,MPRE,Juvenile,10,-3.1,Y,SC,F,21.935887,113.277993,253,MPRE
341,ZHSC170521,532,8,0.869,15.4,-14.8,2.586,7.686,2002,2010,2.972157773,U,MPRE,Juvenile,10,-2.5,Y,SC,F,21.935887,113.277993,253,MPRE
342,ZHSC170521,533,9,1.174,15.4,-14.7,2.543,7.472,2002,2011,2.938261895,U,MPRE,Juvenile,10,-2.5,Y,SC,F,21.935887,113.277993,253,MPRE
343,ZHSC170521,534,10,0.702,14.5,-15.4,2.55,7.825,2002,2012,3.068627451,U,MPRE,Juvenile,10,-3.4,Y,SC,F,21.935887,113.277993,253,MPRE
344,ZHSC170711,426,1,2.12,17.7,-13.9,1.98,5.67,1993,1994,2.863636364,U,MPRE,Juvenile,14,0,Y,SC,F,22.000437,113.312802,241,MPRE
345,ZHSC170711,427,2,1.927,15.7,-14.4,2.19,6.3,1993,1995,2.876712329,U,MPRE,Juvenile,14,-2,Y,SC,F,22.000437,113.312802,241,MPRE
346,ZHSC170711,429,4,2.485,13.8,-14.2,2.09,6.14,1993,1997,2.937799043,U,MPRE,Juvenile,14,-3.9,Y,SC,F,22.000437,113.312802,241,MPRE
347,ZHSC170711,430,5,2.27,13.6,-14.1,2.24,6.61,1993,1998,2.950892857,U,MPRE,Juvenile,14,-4.1,Y,SC,F,22.000437,113.312802,241,MPRE
348,ZHSC170711,431,6,1.818,13,-13.7,2.56,7.59,1993,1999,2.96484375,U,MPRE,Juvenile,14,-4.7,Y,SC,F,22.000437,113.312802,241,MPRE
349,ZHSC170711,432,7,2.107,13.1,-13.7,2.14,6.4,1993,2000,2.990654206,U,MPRE,Juvenile,14,-4.6,Y,SC,F,22.000437,113.312802,241,MPRE
350,ZHSC170711,433,8,2.145,13.5,-13.8,2.34,7,1993,2001,2.991452991,U,MPRE,Juvenile,14,-4.2,Y,SC,F,22.000437,113.312802,241,MPRE
351,ZHSC170711,434,10,2.22,13.6,-14.2,2.25,6.79,1993,2003,3.017777778,U,MPRE,Juvenile,14,-4.1,Y,SC,F,22.000437,113.312802,241,MPRE
352,ZHSC170711,435,11,1.323,13.2,-14,2.28,6.81,1993,2004,2.986842105,U,MPRE,Adult,14,-4.5,Y,SC,F,22.000437,113.312802,241,MPRE
353,ZHSC170711,436,12,1.139,13.4,-13.9,2.42,7.28,1993,2005,3.008264463,U,MPRE,Adult,14,-4.3,Y,SC,F,22.000437,113.312802,241,MPRE
354,ZHSC170711,437,13,0.747,12.2,-13.9,2.48,7.42,1993,2006,2.991935484,U,MPRE,Adult,14,-5.5,Y,SC,F,22.000437,113.312802,241,MPRE
355,ZHSC170711,438,14,0.689,12.2,-14.1,2.5,7.5,1993,2007,3,U,MPRE,Adult,14,-5.5,Y,SC,F,22.000437,113.312802,241,MPRE
356,ZHSC170711,439,15,0.702,12.2,-14.6,2.6,8,1993,2008,3.076923077,U,MPRE,Adult,14,-5.5,Y,SC,F,22.000437,113.312802,241,MPRE
357,ZHSC170711,428,3,2.135,14.7,-14.6,2.24,6.45,1993,1996,2.879464286,U,MPRE,Juvenile,14,-3,Y,SC,F,22.000437,113.312802,241,MPRE
358,ZHSC170718,402,1,1.872,16.8,-15.5,2.55,7.39,2007,2008,2.898039216,U,MPRE,Juvenile,7,-1.1,Y,SC,M,22.112152,113.564226,224,MPRE
359,ZHSC170718,403,2,1.586,15.7,-16.1,2.57,7.48,2007,2009,2.910505837,U,MPRE,Juvenile,7,-2.2,Y,SC,M,22.112152,113.564226,224,MPRE
360,ZHSC170718,404,3,1.414,15,-16.9,2.73,8.02,2007,2010,2.937728938,U,MPRE,Juvenile,7,-2.9,Y,SC,M,22.112152,113.564226,224,MPRE
361,ZHSC170718,405,5,1.513,13.8,-16.3,2.55,7.36,2007,2012,2.88627451,U,MPRE,Juvenile,7,-4.1,Y,SC,M,22.112152,113.564226,224,MPRE
362,ZHSC170718,406,6,1.112,13.4,-15.9,2.6,7.76,2007,2013,2.984615385,U,MPRE,Juvenile,7,-4.5,Y,SC,M,22.112152,113.564226,224,MPRE
363,ZHSC170718,407,7,0.798,12.2,-16.6,2.84,8.4,2007,2014,2.957746479,U,MPRE,Juvenile,7,-5.7,Y,SC,M,22.112152,113.564226,224,MPRE
364,ZHSC170907,383,1,1.368,16,-14.3,1.9,5.5,1996,1997,2.894736842,U,WPRE,Juvenile,14,0,Y,SC,F,22.063252,113.107943,226,WPRE
365,ZHSC170907,384,2,1.345,14.7,-15,2.1,6.1,1996,1998,2.904761905,U,WPRE,Juvenile,14,-1.3,Y,SC,F,22.063252,113.107943,226,WPRE
366,ZHSC170907,385,3,1.319,13.8,-14.9,2.1,6.3,1996,1999,3,U,WPRE,Juvenile,14,-2.2,Y,SC,F,22.063252,113.107943,226,WPRE
367,ZHSC170907,386,4,1.653,13.7,-14.7,2.1,6.3,1996,2000,3,U,WPRE,Juvenile,14,-2.3,Y,SC,F,22.063252,113.107943,226,WPRE
368,ZHSC170907,387,5,1.502,14.3,-14.5,2.1,6.4,1996,2001,3.047619048,U,WPRE,Juvenile,14,-1.7,Y,SC,F,22.063252,113.107943,226,WPRE
369,ZHSC170907,389,8,1.16,18.7,-15.6,2.2,7,1996,2004,3.181818182,U,WPRE,Juvenile,14,2.7,Y,SC,F,22.063252,113.107943,226,WPRE
370,ZHSC170907,390,9,1.128,13.7,-14.4,2.39,6.96,1996,2005,2.912133891,U,WPRE,Juvenile,14,-2.3,Y,SC,F,22.063252,113.107943,226,WPRE
371,ZHSC170907,391,10,1.039,14.2,-14.7,2.56,7.35,1996,2006,2.87109375,U,WPRE,Juvenile,14,-1.8,Y,SC,F,22.063252,113.107943,226,WPRE
372,ZHSC170907,392,11,0.938,14,-15,2.59,7.44,1996,2007,2.872586873,U,WPRE,Adult,14,-2,Y,SC,F,22.063252,113.107943,226,WPRE
373,ZHSC170907,393,13,0.813,14.3,-15.3,2.52,7.44,1996,2009,2.952380952,U,WPRE,Adult,14,-1.7,Y,SC,F,22.063252,113.107943,226,WPRE
374,ZHSC170907,394,14,0.81,13.6,-14.9,2.55,7.51,1996,2010,2.945098039,U,WPRE,Adult,14,-2.4,Y,SC,F,22.063252,113.107943,226,WPRE
375,ZHSC170907,395,15,0.824,13.8,-17.3,3.5,10.32,1996,2011,2.948571429,U,WPRE,Adult,14,-2.2,Y,SC,F,22.063252,113.107943,226,WPRE
376,ZHSC170907,455,12,0.866,13.9,-15.1,2.46,7.43,1996,2008,3.020325203,U,WPRE,Adult,14,-2.1,Y,SC,F,22.063252,113.107943,226,WPRE
377,ZHSC170920,415,1,2.238,17.5,-14.7,2.38,6.94,2009,2010,2.915966387,U,MPRE,Juvenile,6,-2,Y,SC,F,22.10474,113.544767,228,MPRE
378,ZHSC170920,416,2,2.042,16.5,-14.6,2.46,7.34,2009,2011,2.983739837,U,MPRE,Juvenile,6,-3,Y,SC,F,22.10474,113.544767,228,MPRE
379,ZHSC170920,417,3,1.746,15.8,-14.5,2.47,7.46,2009,2012,3.020242915,U,MPRE,Juvenile,6,-3.7,Y,SC,F,22.10474,113.544767,228,MPRE
380,ZHSC170920,418,4,1.469,14.8,-15,2.62,7.98,2009,2013,3.045801527,U,MPRE,Juvenile,6,-4.7,Y,SC,F,22.10474,113.544767,228,MPRE
381,ZHSC170920,419,5,1.248,14.4,-14.9,2.59,7.96,2009,2014,3.073359073,U,MPRE,Juvenile,6,-5.1,Y,SC,F,22.10474,113.544767,228,MPRE
382,ZHSC171003,571,1,2.99,16.6,-14.5,2.09,6.17,1998,1999,2.95215311,U,EPRE,Juvenile,13,0,Y,SC,F,22.25100851,113.5932934,230,EPRE
383,ZHSC171003,572,2,1.893,15.4,-14.8,2.43,7.25,1998,2000,2.983539095,U,EPRE,Juvenile,13,-1.2,Y,SC,F,22.25100851,113.5932934,230,EPRE
384,ZHSC171003,573,3,1.649,14.6,-14.7,2.42,7.22,1998,2001,2.983471074,U,EPRE,Juvenile,13,-2,Y,SC,F,22.25100851,113.5932934,230,EPRE
385,ZHSC171003,574,4,1.311,13.7,-14.8,2.49,7.44,1998,2002,2.987951807,U,EPRE,Juvenile,13,-2.9,Y,SC,F,22.25100851,113.5932934,230,EPRE
386,ZHSC171003,575,5,1.254,14.1,-14.6,2.32,6.99,1998,2003,3.012931034,U,EPRE,Juvenile,13,-2.5,Y,SC,F,22.25100851,113.5932934,230,EPRE
387,ZHSC171003,576,6,1.255,14.1,-14.6,2.4,7.24,1998,2004,3.016666667,U,EPRE,Juvenile,13,-2.5,Y,SC,F,22.25100851,113.5932934,230,EPRE
388,ZHSC171003,577,7,1.334,13.9,-15.2,2.35,7.28,1998,2005,3.09787234,U,EPRE,Juvenile,13,-2.7,Y,SC,F,22.25100851,113.5932934,230,EPRE
389,ZHSC171003,578,8,1.09,14.1,-14.9,2.41,7.39,1998,2006,3.066390041,U,EPRE,Juvenile,13,-2.5,Y,SC,F,22.25100851,113.5932934,230,EPRE
390,ZHSC171003,579,9,1.017,14.1,-14.3,2.36,7,1998,2007,2.966101695,U,EPRE,Juvenile,13,-2.5,Y,SC,F,22.25100851,113.5932934,230,EPRE
391,ZHSC171003,580,10,0.945,13.5,-14.3,2.41,7.17,1998,2008,2.975103734,U,EPRE,Juvenile,13,-3.1,Y,SC,F,22.25100851,113.5932934,230,EPRE
392,ZHSC171003,581,11,1.489,13.7,-14,2.37,7.11,1998,2009,3,U,EPRE,Adult,13,-2.9,Y,SC,F,22.25100851,113.5932934,230,EPRE
393,ZHSC171003,582,13,1.206,13.6,-14.2,2.45,7.45,1998,2011,3.040816327,U,EPRE,Adult,13,-3,Y,SC,F,22.25100851,113.5932934,230,EPRE
394,ZHSC171003,583,15,1.028,12.8,-14.1,2.63,7.78,1998,2013,2.958174905,U,EPRE,Adult,13,-3.8,Y,SC,F,22.25100851,113.5932934,230,EPRE
395,ZHSC180117,346,1,2.42,16.8,-14.9,2.2,6.4,2010,2011,2.909090909,U,MPRE,Juvenile,7,0,Y,SC,M,21.934183,113.278827,213,MPRE
396,ZHSC180117,347,2,2.202,13.9,-16.1,0.9,2.7,2010,2012,3,U,MPRE,Juvenile,7,-2.9,Y,SC,M,21.934183,113.278827,213,MPRE
397,ZHSC180117,348,3,0.929,13,-16.1,1.4,4.2,2010,2013,3,U,MPRE,Juvenile,7,-3.8,Y,SC,M,21.934183,113.278827,213,MPRE
398,ZHSC180117,350,5,1.207,13.3,-15.6,2.7,8,2010,2015,2.962962963,U,MPRE,Juvenile,7,-3.5,Y,SC,M,21.934183,113.278827,213,MPRE
399,ZHSC180117,351,6,0.925,12.1,-16.4,2.8,8.2,2010,2016,2.928571429,U,MPRE,Juvenile,7,-4.7,Y,SC,M,21.934183,113.278827,213,MPRE
400,ZHSC180117,352,7,0.858,12.4,-15.9,3,8.6,2010,2017,2.866666667,U,MPRE,Juvenile,7,-4.4,Y,SC,M,21.934183,113.278827,213,MPRE
401,ZHSC180117,349,4,0.937,13.8,-15.6,2.8,8.2,2010,2014,2.928571429,U,MPRE,Juvenile,7,-3,Y,SC,M,21.934183,113.278827,213,MPRE