,Pkey,SC_ID,Region,GLG,Weight,d15N,d13C,N_per,C_per,YOB,CalenderYear,CNRatio,CNR,Site,AgeClass,sample_per_ID,Net_d15N,Weaning
27,41,HKSC071109,EPRE,1,2.225,17.2,-14.5,1.9,5,1982,1983,2.631578947,U,HK,Juvenile,15,0,Y
28,42,HKSC071109,EPRE,2,2.022,14.4,-13.1,2.7,7.1,1982,1984,2.62962963,U,HK,Juvenile,15,-2.8,Y
29,43,HKSC071109,EPRE,3,2.064,14.1,-13.1,6.1,16.7,1982,1985,2.737704918,U,HK,Juvenile,15,-3.1,Y
30,44,HKSC071109,EPRE,4,2.086,13.6,-12.7,2.5,6.8,1982,1986,2.72,U,HK,Juvenile,15,-3.6,Y
31,45,HKSC071109,EPRE,5,1.952,13.3,-12.9,2.6,7.1,1982,1987,2.730769231,U,HK,Juvenile,15,-3.9,Y
32,46,HKSC071109,EPRE,6,1.935,13.2,-12.6,2.3,6.3,1982,1988,2.739130435,U,HK,Juvenile,15,-4,Y
33,47,HKSC071109,EPRE,7,1.506,12.6,-13.1,2.5,7.1,1982,1989,2.84,U,HK,Juvenile,15,-4.6,Y
34,48,HKSC071109,EPRE,8,1.606,13.7,-12.7,2.6,7.3,1982,1990,2.807692308,U,HK,Juvenile,15,-3.5,Y
35,49,HKSC071109,EPRE,9,1.405,13.9,-12.6,2.7,7.5,1982,1991,2.777777778,U,HK,Juvenile,15,-3.3,Y
36,50,HKSC071109,EPRE,10,1.005,13.3,-12.9,2.5,7,1982,1992,2.8,U,HK,Adult,15,-3.9,Y
37,51,HKSC071109,EPRE,11,1.066,13.3,-12.9,2.5,7,1982,1993,2.8,U,HK,Adult,15,-3.9,Y
38,52,HKSC071109,EPRE,12,0.908,12.7,-13.2,2.4,6.7,1982,1994,2.791666667,U,HK,Adult,15,-4.5,Y
39,53,HKSC071109,EPRE,13,1.029,13.2,-13,2.3,6.5,1982,1995,2.826086957,U,HK,Adult,15,-4,Y
40,54,HKSC071109,EPRE,14,0.87,12.9,-13.1,2.5,7,1982,1996,2.8,U,HK,Adult,15,-4.3,Y
41,55,HKSC071109,EPRE,15,0.786,13.4,-12.7,2.6,7.1,1982,1997,2.730769231,U,HK,Adult,15,-3.8,Y
1,1,HKSC101506,EPRE,1,1.233,16.8,-15.6,2.3,7.2,1995,1996,3.130434783,U,HK,Juvenile,12,0,Y
2,2,HKSC101506,EPRE,2,1.611,15.4,-15.8,2.4,7.5,1995,1997,3.125,U,HK,Juvenile,12,-1.4,Y
3,3,HKSC101506,EPRE,3,1.189,14.8,-15.3,2.3,7,1995,1998,3.043478261,U,HK,Juvenile,12,-2,Y
4,4,HKSC101506,EPRE,4,1.428,14.8,-14.7,2.2,6.6,1995,1999,3,U,HK,Juvenile,12,-2,Y
5,5,HKSC101506,EPRE,5,1.216,14.4,-14.8,2.3,6.5,1995,2000,2.826086957,U,HK,Juvenile,12,-2.4,Y
6,6,HKSC101506,EPRE,6,1.069,14.5,-14.2,2.4,6.8,1995,2001,2.833333333,U,HK,Juvenile,12,-2.3,Y
7,7,HKSC101506,EPRE,7,1.292,14.3,-14.2,2.5,7,1995,2002,2.8,U,HK,Juvenile,12,-2.5,Y
8,8,HKSC101506,EPRE,8,0.626,13.8,-13.8,2.7,7.8,1995,2003,2.888888889,U,HK,Juvenile,12,-3,Y
9,9,HKSC101506,EPRE,9,1.437,14.2,-14.9,2.6,7.4,1995,2004,2.846153846,U,HK,Juvenile,12,-2.6,Y
10,10,HKSC101506,EPRE,10,1.024,13.8,-15.5,2.7,7.6,1995,2005,2.814814815,U,HK,Adult,12,-3,Y
11,11,HKSC101506,EPRE,11,0.974,14.2,-15.8,2.7,7.8,1995,2006,2.888888889,U,HK,Adult,12,-2.6,Y
12,12,HKSC101506,EPRE,12,0.89,13.8,-16,2.6,7.5,1995,2007,2.884615385,U,HK,Adult,12,-3,Y
58,72,HKSC102412B,EPRE,1,1.242,17.8,-16,2.4,6.4,2003,2004,2.666666667,U,HK,Juvenile,6,0,Y
59,73,HKSC102412B,EPRE,2,2.069,17.3,-15.4,2.7,7.3,2003,2005,2.703703704,U,HK,Juvenile,6,-0.5,Y
60,74,HKSC102412B,EPRE,3,1.896,16.3,-15.1,2.8,7.5,2003,2006,2.678571429,U,HK,Juvenile,6,-1.5,Y
61,75,HKSC102412B,EPRE,4,2.031,15.6,-16.3,2.8,7.7,2003,2007,2.75,U,HK,Juvenile,6,-2.2,Y
62,76,HKSC102412B,EPRE,5,1.733,15.4,-16.2,3,8.3,2003,2008,2.766666667,U,HK,Juvenile,6,-2.4,Y
63,77,HKSC102412B,EPRE,6,0.649,13.8,-16.4,3.3,8.8,2003,2009,2.666666667,U,HK,Juvenile,6,-4,Y
256,470,HKSC110602-2,EPRE,1,2.31,16.1,-14,1.97,5.71,1988,1989,2.898477157,U,HK,Juvenile,12,0,Y
257,471,HKSC110602-2,EPRE,2,1.964,13.1,-14.1,2.22,6.38,1988,1990,2.873873874,U,HK,Juvenile,12,-3,Y
258,472,HKSC110602-2,EPRE,3,1.847,12.8,-14.5,2.06,6.17,1988,1991,2.995145631,U,HK,Juvenile,12,-3.3,Y
259,473,HKSC110602-2,EPRE,4,1.865,12.5,-14.5,1.98,5.83,1988,1992,2.944444444,U,HK,Juvenile,12,-3.6,Y
260,474,HKSC110602-2,EPRE,5,1.563,11.6,-14.4,2.14,6.36,1988,1993,2.971962617,U,HK,Juvenile,12,-4.5,Y
261,475,HKSC110602-2,EPRE,6,2.323,11.6,-14.1,2.03,6.01,1988,1994,2.960591133,U,HK,Juvenile,12,-4.5,Y
262,476,HKSC110602-2,EPRE,7,1.423,11.8,-14.9,2.11,6.91,1988,1995,3.274881517,U,HK,Juvenile,12,-4.3,Y
263,477,HKSC110602-2,EPRE,8,1.262,12.7,-13.8,2.11,6.36,1988,1996,3.014218009,U,HK,Juvenile,12,-3.4,Y
264,478,HKSC110602-2,EPRE,9,1.366,12.9,-14.1,2.17,6.36,1988,1997,2.930875576,U,HK,Juvenile,12,-3.2,Y
265,479,HKSC110602-2,EPRE,10,1.462,12.4,-13.8,2.08,6.19,1988,1998,2.975961538,U,HK,Adult,12,-3.7,Y
266,480,HKSC110602-2,EPRE,11,1.167,12.7,-14.3,2.19,6.69,1988,1999,3.054794521,U,HK,Adult,12,-3.4,Y
267,481,HKSC110602-2,EPRE,12,1.271,12,-13.8,2.24,6.74,1988,2000,3.008928571,U,HK,Adult,12,-4.1,Y
13,13,HKSC110607,EPRE,1,2.623,16.1,-14.5,2.7,7.7,2005,2006,2.851851852,U,HK,Juvenile,6,0,Y
14,14,HKSC110607,EPRE,2,1.608,13.6,-14.6,2.6,8.4,2005,2007,3.230769231,U,HK,Juvenile,6,-2.5,Y
15,15,HKSC110607,EPRE,3,1.45,14.1,-14.1,2.8,7.8,2005,2008,2.785714286,U,HK,Juvenile,6,-2,Y
16,16,HKSC110607,EPRE,4,0.895,14,-14.2,3.1,8.6,2005,2009,2.774193548,U,HK,Juvenile,6,-2.1,Y
17,17,HKSC110607,EPRE,5,1.033,14.1,-14.6,3.2,8.8,2005,2010,2.75,U,HK,Juvenile,6,-2,Y
18,18,HKSC110607,EPRE,6,1.435,14.1,-14.6,3.1,8.7,2005,2011,2.806451613,U,HK,Juvenile,6,-2,Y
64,78,HKSC111501,EPRE,0,0.856,17.4,-14.4,2.7,7.1,2007,2007,2.62962963,U,HK,Juvenile,5,0,Y
65,79,HKSC111501,EPRE,1,1.406,16.7,-14.4,2.8,7.8,2007,2008,2.785714286,U,HK,Juvenile,5,-0.7,Y
66,80,HKSC111501,EPRE,2,1.627,15.5,-14.3,2.9,7.8,2007,2009,2.689655172,U,HK,Juvenile,5,-1.9,Y
67,81,HKSC111501,EPRE,3,1.217,15.1,-13.8,2.9,7.8,2007,2010,2.689655172,U,HK,Juvenile,5,-2.3,Y
68,82,HKSC111501,EPRE,4,0.628,14.3,-13.8,3,8.2,2007,2011,2.733333333,U,HK,Juvenile,5,-3.1,Y
19,19,HKSC120309,EPRE,1,3.957,16.7,-14.4,2.2,6.3,1992,1993,2.863636364,U,HK,Juvenile,8,0,Y
20,20,HKSC120309,EPRE,2,3.646,14.3,-14.4,2.3,6.5,1992,1994,2.826086957,U,HK,Juvenile,8,-2.4,Y
21,21,HKSC120309,EPRE,3,3.516,14.2,-14.2,2.4,6.9,1992,1995,2.875,U,HK,Juvenile,8,-2.5,Y
22,22,HKSC120309,EPRE,4,2.751,14,-14.2,2.2,6.3,1992,1996,2.863636364,U,HK,Juvenile,8,-2.7,Y
23,23,HKSC120309,EPRE,5,2.083,14.1,-13.8,2.4,6.8,1992,1997,2.833333333,U,HK,Juvenile,8,-2.6,Y
24,24,HKSC120309,EPRE,6,2.071,13.9,-14.2,2.3,6.6,1992,1998,2.869565217,U,HK,Juvenile,8,-2.8,Y
25,25,HKSC120309,EPRE,7,1.425,13.7,-14,2.3,6.6,1992,1999,2.869565217,U,HK,Juvenile,8,-3,Y
26,26,HKSC120309,EPRE,9,0.796,13.8,-13.8,2.5,7.1,1992,2001,2.84,U,HK,Juvenile,8,-2.9,Y
42,56,HKSC120507,EPRE,1,0.892,16.3,-17.3,2.6,7,2006,2007,2.692307692,U,HK,Juvenile,5,0,Y
43,57,HKSC120507,EPRE,2,1.696,16.1,-17.5,2.3,6.3,2006,2008,2.739130435,U,HK,Juvenile,5,-0.2,Y
44,58,HKSC120507,EPRE,3,1.727,15.5,-17.3,2.4,6.6,2006,2009,2.75,U,HK,Juvenile,5,-0.8,Y
45,59,HKSC120507,EPRE,4,0.88,14.6,-17,1.1,3.1,2006,2010,2.818181818,U,HK,Juvenile,5,-1.7,Y
46,60,HKSC120507,EPRE,5,1.147,15.2,-17.2,2.6,7.2,2006,2011,2.769230769,U,HK,Juvenile,5,-1.1,Y
47,61,HKSC130403,EPRE,1,1.737,15.6,-13.2,2.2,6,1996,1997,2.727272727,U,HK,Juvenile,11,0,Y
48,62,HKSC130403,EPRE,2,2.999,14,-15.9,2.8,7.7,1996,1998,2.75,U,HK,Juvenile,11,-1.6,Y
49,63,HKSC130403,EPRE,5,1.342,13.5,-13.5,2.7,7.4,1996,2001,2.740740741,U,HK,Juvenile,11,-2.1,Y
50,64,HKSC130403,EPRE,6,1.164,13.1,-13.7,2.7,7.6,1996,2002,2.814814815,U,HK,Juvenile,11,-2.5,Y
51,65,HKSC130403,EPRE,7,1.167,13.4,-13.4,2.7,7.6,1996,2003,2.814814815,U,HK,Juvenile,11,-2.2,Y
52,66,HKSC130403,EPRE,8,1.152,13.8,-13.7,2.6,7.3,1996,2004,2.807692308,U,HK,Juvenile,11,-1.8,Y
53,67,HKSC130403,EPRE,9,1.113,13.9,-13.5,2.6,7.3,1996,2005,2.807692308,U,HK,Juvenile,11,-1.7,Y
54,68,HKSC130403,EPRE,10,0.95,13.6,-13.6,2.7,7.5,1996,2006,2.777777778,U,HK,Adult,11,-2,Y
55,69,HKSC130403,EPRE,11,1.025,13.5,-14.2,2.7,7.4,1996,2007,2.740740741,U,HK,Adult,11,-2.1,Y
56,70,HKSC130403,EPRE,12,0.571,13.1,-13.9,2.8,7.7,1996,2008,2.75,U,HK,Adult,11,-2.5,Y
57,71,HKSC130403,EPRE,13,0.687,13.8,-14,2.7,7.4,1996,2009,2.740740741,U,HK,Adult,11,-1.8,Y
69,86,HKSC132405,EPRE,1,1.17,15,-15.8,2.8,7.5,1997,1998,2.678571429,U,HK,Juvenile,13,0,Y
70,87,HKSC132405,EPRE,2,1.903,13.9,-16.1,2.7,7.4,1997,1999,2.740740741,U,HK,Juvenile,13,-1.1,Y
71,88,HKSC132405,EPRE,3,2.036,13.9,-16,2.5,7.1,1997,2000,2.84,U,HK,Juvenile,13,-1.1,Y
72,89,HKSC132405,EPRE,4,2.035,13.7,-16.3,2.4,6.9,1997,2001,2.875,U,HK,Juvenile,13,-1.3,Y
73,90,HKSC132405,EPRE,5,1.851,13.3,-16.4,2.6,7.4,1997,2002,2.846153846,U,HK,Juvenile,13,-1.7,Y
74,91,HKSC132405,EPRE,6,1.321,12.7,-16.8,2.8,7.7,1997,2003,2.75,U,HK,Juvenile,13,-2.3,Y
75,92,HKSC132405,EPRE,7,1.435,12.8,-16.8,2.7,7.6,1997,2004,2.814814815,U,HK,Juvenile,13,-2.2,Y
76,93,HKSC132405,EPRE,8,1.507,13.4,-17.6,2.9,8,1997,2005,2.75862069,U,HK,Juvenile,13,-1.6,Y
77,94,HKSC132405,EPRE,9,0.965,13.3,-16.9,2.9,8.1,1997,2006,2.793103448,U,HK,Juvenile,13,-1.7,Y
78,95,HKSC132405,EPRE,10,1.514,13.7,-16.9,2.7,7.6,1997,2007,2.814814815,U,HK,Adult,13,-1.3,Y
79,96,HKSC132405,EPRE,11,1.821,13.4,-16.9,1.2,3.5,1997,2008,2.916666667,U,HK,Adult,13,-1.6,Y
80,97,HKSC132405,EPRE,12,0.468,12.4,-16.7,2.8,7.9,1997,2009,2.821428571,U,HK,Adult,13,-2.6,Y
81,98,HKSC132405,EPRE,13,0.438,11.7,-17.1,2.9,8.6,1997,2010,2.965517241,U,HK,Adult,13,-3.3,Y
282,496,HKSC140507,EPRE,1,2.585,15.9,-15.1,2.01,5.69,2002,2003,2.830845771,U,HK,Juvenile,12,0,Y
283,497,HKSC140507,EPRE,2,1.439,14.1,-14.5,2.27,6.73,2002,2004,2.964757709,U,HK,Juvenile,12,-1.8,Y
284,498,HKSC140507,EPRE,3,1.382,13.3,-15,2.11,5.99,2002,2005,2.838862559,U,HK,Juvenile,12,-2.6,Y
285,499,HKSC140507,EPRE,4,1.275,13.6,-13.8,2.19,6.69,2002,2006,3.054794521,U,HK,Juvenile,12,-2.3,Y
286,500,HKSC140507,EPRE,5,1.066,13.4,-14.4,2.05,6.25,2002,2007,3.048780488,U,HK,Juvenile,12,-2.5,Y
287,501,HKSC140507,EPRE,6,0.886,12.5,-14.2,1.96,5.7,2002,2008,2.908163265,U,HK,Juvenile,12,-3.4,Y
288,502,HKSC140507,EPRE,7,0.836,13.2,-14.7,2.08,6.4,2002,2009,3.076923077,U,HK,Juvenile,12,-2.7,Y
289,503,HKSC140507,EPRE,8,1.692,13.9,-14.1,2.13,6.37,2002,2010,2.990610329,U,HK,Juvenile,12,-2,Y
290,504,HKSC140507,EPRE,9,1.042,13.5,-13.6,2.14,6.55,2002,2011,3.060747664,U,HK,Juvenile,12,-2.4,Y
291,505,HKSC140507,EPRE,10,0.96,13.6,-13.5,2.25,6.86,2002,2012,3.048888889,U,HK,Adult,12,-2.3,Y
292,506,HKSC140507,EPRE,11,0.948,12.9,-13.9,2.25,6.79,2002,2013,3.017777778,U,HK,Adult,12,-3,Y
293,507,HKSC140507,EPRE,12,0.8,12.7,-13.8,2.42,7.31,2002,2014,3.020661157,U,HK,Adult,12,-3.2,Y
268,482,HKSC142401,EPRE,1,1.067,15,-13.8,2.08,6.18,1997,1998,2.971153846,U,HK,Juvenile,14,0,Y
269,483,HKSC142401,EPRE,2,0.894,13.8,-14.1,2.05,6.3,1997,1999,3.073170732,U,HK,Juvenile,14,-1.2,Y
270,484,HKSC142401,EPRE,3,0.396,12.7,-15.3,2.05,6.63,1997,2000,3.234146341,U,HK,Juvenile,14,-2.3,Y
271,485,HKSC142401,EPRE,4,0.448,12.9,-14.2,2.15,6.62,1997,2001,3.079069767,U,HK,Juvenile,14,-2.1,Y
272,486,HKSC142401,EPRE,5,1.099,13.5,-13.5,2.09,5.98,1997,2002,2.861244019,U,HK,Juvenile,14,-1.5,Y
273,487,HKSC142401,EPRE,6,0.597,13,-12.7,2.08,6.31,1997,2003,3.033653846,U,HK,Juvenile,14,-2,Y
274,488,HKSC142401,EPRE,7,1.213,13.9,-12,2.18,6.55,1997,2004,3.004587156,U,HK,Juvenile,14,-1.1,Y
275,489,HKSC142401,EPRE,8,0.682,13.2,-14,2.19,6.48,1997,2005,2.95890411,U,HK,Juvenile,14,-1.8,Y
276,490,HKSC142401,EPRE,9,0.631,13.7,-13.5,2.28,7.11,1997,2006,3.118421053,U,HK,Juvenile,14,-1.3,Y
277,491,HKSC142401,EPRE,10,0.73,13.6,-13.6,2.12,6.57,1997,2007,3.099056604,U,HK,Adult,14,-1.4,Y
278,492,HKSC142401,EPRE,11,0.178,11.4,-15.4,2.47,7.66,1997,2008,3.101214575,U,HK,Adult,14,-3.6,Y
279,493,HKSC142401,EPRE,12,0.581,13.4,-13.5,2.33,6.84,1997,2009,2.935622318,U,HK,Adult,14,-1.6,Y
280,494,HKSC142401,EPRE,13,0.479,13.2,-14.7,2.2,6.95,1997,2010,3.159090909,U,HK,Adult,14,-1.8,Y
281,495,HKSC142401,EPRE,14,0.45,13.4,-12.9,2.31,6.86,1997,2011,2.96969697,U,HK,Adult,14,-1.6,Y
307,535,HKSC150210_Hope,EPRE,1,0.607,14.8,-14.9,2.81,8.24,1986,1987,2.932384342,U,HK,Juvenile,19,0,Y
308,536,HKSC150210_Hope,EPRE,10,0.558,13,-14.5,2.94,8.49,1986,1996,2.887755102,U,HK,Adult,19,-1.8,Y
309,537,HKSC150210_Hope,EPRE,11,0.653,12.9,-14.5,3.05,8.86,1986,1997,2.904918033,U,HK,Adult,19,-1.9,Y
310,538,HKSC150210_Hope,EPRE,12,0.597,12.8,-14.8,3.02,8.75,1986,1998,2.897350993,U,HK,Adult,19,-2,Y
311,539,HKSC150210_Hope,EPRE,13,0.49,12.8,-14.7,3.25,9.29,1986,1999,2.858461538,U,HK,Adult,19,-2,Y
312,540,HKSC150210_Hope,EPRE,14,0.514,12.6,-14.7,3.27,9.48,1986,2000,2.899082569,U,HK,Adult,19,-2.2,Y
313,541,HKSC150210_Hope,EPRE,15,0.508,12.4,-14.7,3.26,9.63,1986,2001,2.95398773,U,HK,Adult,19,-2.4,Y
314,542,HKSC150210_Hope,EPRE,16,0.407,12.5,-14.5,3.37,9.65,1986,2002,2.863501484,U,HK,Adult,19,-2.3,Y
315,543,HKSC150210_Hope,EPRE,17,0.329,10.7,-15.1,3.6,10.51,1986,2003,2.919444444,U,HK,Adult,19,-4.1,Y
316,544,HKSC150210_Hope,EPRE,18,0.413,11.2,-15,3.32,9.65,1986,2004,2.906626506,U,HK,Adult,19,-3.6,Y
317,545,HKSC150210_Hope,EPRE,19,0.302,11.3,-15.2,3.8,10.95,1986,2005,2.881578947,U,HK,Adult,19,-3.5,Y
318,546,HKSC150210_Hope,EPRE,2,0.831,14,-15.1,2.56,7.61,1986,1988,2.97265625,U,HK,Juvenile,19,-0.8,Y
319,547,HKSC150210_Hope,EPRE,3,0.96,13.5,-15,2.67,7.91,1986,1989,2.962546816,U,HK,Juvenile,19,-1.3,Y
320,548,HKSC150210_Hope,EPRE,4,0.96,13.3,-15.2,2.12,6.31,1986,1990,2.976415094,U,HK,Juvenile,19,-1.5,Y
321,549,HKSC150210_Hope,EPRE,5,0.643,12.6,-15,2.77,8.15,1986,1991,2.942238267,U,HK,Juvenile,19,-2.2,Y
322,550,HKSC150210_Hope,EPRE,6,0.748,12.7,-14.9,2.75,8.05,1986,1992,2.927272727,U,HK,Juvenile,19,-2.1,Y
323,551,HKSC150210_Hope,EPRE,7,0.98,13.6,-14.4,2.75,8.06,1986,1993,2.930909091,U,HK,Juvenile,19,-1.2,Y
324,552,HKSC150210_Hope,EPRE,8,1.037,13.5,-14.7,2.75,8.18,1986,1994,2.974545455,U,HK,Juvenile,19,-1.3,Y
325,553,HKSC150210_Hope,EPRE,9,0.722,13.3,-14.6,2.93,8.6,1986,1995,2.935153584,U,HK,Juvenile,19,-1.5,Y
97,190,HKSC150505,EPRE,1,1.044,16.6,-16.4,2.2,6.2,1997,1998,2.818181818,U,HK,Juvenile,9,0,Y
98,191,HKSC150505,EPRE,2,0.879,14.3,-16.8,2.3,6.1,1997,1999,2.652173913,U,HK,Juvenile,9,-2.3,Y
99,192,HKSC150505,EPRE,3,0.237,11.4,-18.5,1.9,6,1997,2000,3.157894737,U,HK,Juvenile,9,-5.2,Y
100,193,HKSC150505,EPRE,4,0.555,12.9,-16.4,2,5.7,1997,2001,2.85,U,HK,Juvenile,9,-3.7,Y
101,194,HKSC150505,EPRE,5,0.381,12.4,-18.4,2,5.9,1997,2002,2.95,U,HK,Juvenile,9,-4.2,Y
102,195,HKSC150505,EPRE,6,1.284,13.8,-18,2.1,5.9,1997,2003,2.80952381,U,HK,Juvenile,9,-2.8,Y
103,196,HKSC150505,EPRE,7,0.609,12.9,-17.3,2.1,6.1,1997,2004,2.904761905,U,HK,Juvenile,9,-3.7,Y
104,197,HKSC150505,EPRE,8,0.725,12.6,-17.9,2.2,6.1,1997,2005,2.772727273,U,HK,Juvenile,9,-4,Y
105,198,HKSC150505,EPRE,9,0.773,13.1,-17.8,2.3,6.4,1997,2006,2.782608696,U,HK,Juvenile,9,-3.5,Y
106,199,HKSC162306B,EPRE,1,2.172,16.8,-15,1.8,4.7,2006,2007,2.611111111,U,HK,Juvenile,9,0,Y
107,200,HKSC162306B,EPRE,2,1.812,14.3,-14.9,2.1,5.3,2006,2008,2.523809524,U,HK,Juvenile,9,-2.5,Y
108,201,HKSC162306B,EPRE,3,1.674,14,-15.1,2.4,6,2006,2009,2.5,U,HK,Juvenile,9,-2.8,Y
109,202,HKSC162306B,EPRE,4,0.981,13.6,-15.5,2.2,5.7,2006,2010,2.590909091,U,HK,Juvenile,9,-3.2,Y
110,203,HKSC162306B,EPRE,5,1.331,14.7,-14.9,1.9,5.1,2006,2011,2.684210526,U,HK,Juvenile,9,-2.1,Y
111,204,HKSC162306B,EPRE,6,1.018,14.7,-14.8,2.4,6.3,2006,2012,2.625,U,HK,Juvenile,9,-2.1,Y
112,205,HKSC162306B,EPRE,7,0.902,14.4,-15.4,2.5,6.3,2006,2013,2.52,U,HK,Juvenile,9,-2.4,Y
113,206,HKSC162306B,EPRE,8,0.915,14.2,-15,2.1,5.5,2006,2014,2.619047619,U,HK,Juvenile,9,-2.6,Y
114,207,HKSC162306B,EPRE,9,0.883,13.6,-14.4,2.1,5.5,2006,2015,2.619047619,U,HK,Juvenile,9,-3.2,Y
472,759,HKSC181702,EPRE,1,0.716,15.1,-13.7,2.18,6.29,1974,1975,2.885321101,U,HK,Juvenile,17,0,Y
473,760,HKSC181702,EPRE,2,0.518,14.7,-14,2.06,5.9,1974,1976,2.86407767,U,HK,Juvenile,17,-0.4,Y
474,761,HKSC181702,EPRE,3,1.389,13.8,-14.4,2.18,5.88,1974,1977,2.697247706,U,HK,Juvenile,17,-1.3,Y
475,762,HKSC181702,EPRE,4,1.348,14.3,-14.1,1.93,5.69,1974,1978,2.948186528,U,HK,Juvenile,17,-0.8,Y
476,763,HKSC181702,EPRE,5,1.315,14,-13.4,1.87,5.41,1974,1979,2.893048128,U,HK,Juvenile,17,-1.1,Y
477,764,HKSC181702,EPRE,6,1.256,13.6,-17,2.14,6.92,1974,1980,3.23364486,U,HK,Juvenile,17,-1.5,Y
478,765,HKSC181702,EPRE,7,1.256,13.7,-14.5,2.43,7.04,1974,1981,2.897119342,U,HK,Juvenile,17,-1.4,Y
479,766,HKSC181702,EPRE,8,1.358,13.7,-14.5,2.02,5.99,1974,1982,2.965346535,U,HK,Juvenile,17,-1.4,Y
480,767,HKSC181702,EPRE,9,1.435,13.8,-14.5,1.77,5.22,1974,1983,2.949152542,U,HK,Juvenile,17,-1.3,Y
481,768,HKSC181702,EPRE,10,0.914,13.8,-12.6,2.13,6.03,1974,1984,2.830985915,U,HK,Adult,17,-1.3,Y
482,769,HKSC181702,EPRE,11,0.888,13.6,-14.2,2.21,6.4,1974,1985,2.895927602,U,HK,Adult,17,-1.5,Y
483,770,HKSC181702,EPRE,12,0.857,13.9,-14,2.08,6.18,1974,1986,2.971153846,U,HK,Adult,17,-1.2,Y
484,771,HKSC181702,EPRE,13,0.838,13.8,-14.2,2.13,6.09,1974,1987,2.85915493,U,HK,Adult,17,-1.3,Y
488,775,HKSC181702,EPRE,20,0.704,14.2,-14.1,2.28,6.49,1974,1994,2.846491228,U,HK,Adult,17,-0.9,Y
145,304,JMSC140422,WPRE,1,1.351,17.7,-17.4,2.4,7.7,2007,2008,3.208333333,U,WPRE,Juvenile,7,0,Y
146,305,JMSC140422,WPRE,2,1.816,17.1,-16.1,0.6,1.8,2007,2009,3,U,WPRE,Juvenile,7,-0.6,Y
147,306,JMSC140422,WPRE,3,1.643,15,-15.6,2.1,6,2007,2010,2.857142857,U,WPRE,Juvenile,7,-2.7,Y
148,307,JMSC140422,WPRE,4,1.003,14.3,-15.1,2.5,6.7,2007,2011,2.68,U,WPRE,Juvenile,7,-3.4,Y
149,308,JMSC140422,WPRE,5,1.002,14.7,-15.2,2,5.9,2007,2012,2.95,U,WPRE,Juvenile,7,-3,Y
150,309,JMSC140422,WPRE,6,0.74,14.7,-16,2.6,7.8,2007,2013,3,U,WPRE,Juvenile,7,-3,Y
151,310,JMSC140422,WPRE,7,0.603,14.2,-15.6,2.8,8,2007,2014,2.857142857,U,WPRE,Juvenile,7,-3.5,Y
152,311,JMSC140422-2,WPRE,1,1.76,18.4,-15,2.28,6.43,2007,2008,2.820175439,U,WPRE,Juvenile,6,0,Y
153,312,JMSC140422-2,WPRE,2,1.056,15.8,-15.3,2.45,6.92,2007,2009,2.824489796,U,WPRE,Juvenile,6,-2.6,Y
154,313,JMSC140422-2,WPRE,3,0.639,14.3,-15.4,2.45,6.77,2007,2010,2.763265306,U,WPRE,Juvenile,6,-4.1,Y
155,314,JMSC140422-2,WPRE,4,0.989,15.1,-14.7,2.34,6.76,2007,2011,2.888888889,U,WPRE,Juvenile,6,-3.3,Y
156,315,JMSC140422-2,WPRE,5,0.799,13.9,-15.1,2.35,6.66,2007,2012,2.834042553,U,WPRE,Juvenile,6,-4.5,Y
157,316,JMSC140422-2,WPRE,6,0.71,13.6,-15.7,2.54,7.22,2007,2013,2.842519685,U,WPRE,Juvenile,6,-4.8,Y
158,317,JMSC150121,WPRE,1,0.419,15.7,-13.5,7.9,20.8,2004,2005,2.632911392,U,WPRE,Juvenile,10,0,Y
159,318,JMSC150121,WPRE,2,0.763,13.8,-14,2.5,6.8,2004,2006,2.72,U,WPRE,Juvenile,10,-1.9,Y
160,319,JMSC150121,WPRE,3,0.528,13.1,-14.1,2.7,7.6,2004,2007,2.814814815,U,WPRE,Juvenile,10,-2.6,Y
161,320,JMSC150121,WPRE,4,0.353,12.6,-14,3.2,8.9,2004,2008,2.78125,U,WPRE,Juvenile,10,-3.1,Y
162,321,JMSC150121,WPRE,5,0.557,12.6,-13.9,2.8,7.8,2004,2009,2.785714286,U,WPRE,Juvenile,10,-3.1,Y
163,322,JMSC150121,WPRE,6,0.386,12.9,-13.7,2.9,8,2004,2010,2.75862069,U,WPRE,Juvenile,10,-2.8,Y
164,323,JMSC150121,WPRE,7,0.381,12.6,-13.7,2.8,7.6,2004,2011,2.714285714,U,WPRE,Juvenile,10,-3.1,Y
165,324,JMSC150121,WPRE,8,0.624,14,-13.6,2.3,6.6,2004,2012,2.869565217,U,WPRE,Juvenile,10,-1.7,Y
166,325,JMSC150121,WPRE,9,0.213,11,-14,3.5,9.3,2004,2013,2.657142857,U,WPRE,Juvenile,10,-4.7,Y
167,326,JMSC150121,WPRE,10,0.218,10.5,-14.2,3.3,8.6,2004,2014,2.606060606,U,WPRE,Adult,10,-5.2,Y
176,335,JMSC170201,WPRE,1,1.102,16.6,-14.4,2.2,6.1,2009,2010,2.772727273,U,WPRE,Juvenile,7,0,Y
177,336,JMSC170201,WPRE,2,0.873,15.1,-14.3,2.6,7.4,2009,2011,2.846153846,U,WPRE,Juvenile,7,-1.5,Y
194,353,JMSC170201,WPRE,3,0.721,13.7,-14.4,2.3,6.4,2009,2012,2.782608696,U,WPRE,Juvenile,7,-2.9,Y
195,354,JMSC170201,WPRE,4,0.592,12.9,-15.3,2.4,7,2009,2013,2.916666667,U,WPRE,Juvenile,7,-3.7,Y
196,355,JMSC170201,WPRE,5,0.504,12.5,-15,2.9,8.2,2009,2014,2.827586207,U,WPRE,Juvenile,7,-4.1,Y
197,356,JMSC170201,WPRE,6,0.546,11.8,-14.4,2.8,7.7,2009,2015,2.75,U,WPRE,Juvenile,7,-4.8,Y
198,357,JMSC170201,WPRE,7,0.56,13.8,-14.9,3.3,9.6,2009,2016,2.909090909,U,WPRE,Juvenile,7,-2.8,Y
123,281,JMSC170219,WPRE,1,2.362,17,-14.7,2.1,5.9,2005,2006,2.80952381,U,WPRE,Juvenile,10,0,Y
124,282,JMSC170219,WPRE,2,1.911,16.1,-15,2.1,5.9,2005,2007,2.80952381,U,WPRE,Juvenile,10,-0.9,Y
125,283,JMSC170219,WPRE,3,1.822,15.6,-14.9,2.2,6.3,2005,2008,2.863636364,U,WPRE,Juvenile,10,-1.4,Y
126,284,JMSC170219,WPRE,4,1.537,14.8,-14.9,2.3,6.5,2005,2009,2.826086957,U,WPRE,Juvenile,10,-2.2,Y
127,285,JMSC170219,WPRE,5,1.355,14.1,-15,2.3,6.5,2005,2010,2.826086957,U,WPRE,Juvenile,10,-2.9,Y
128,286,JMSC170219,WPRE,6,0.675,13.9,-14.5,3,8.5,2005,2011,2.833333333,U,WPRE,Juvenile,10,-3.1,Y
129,287,JMSC170219,WPRE,7,0.876,13.6,-14.5,2.9,8.1,2005,2012,2.793103448,U,WPRE,Juvenile,10,-3.4,Y
130,288,JMSC170219,WPRE,9,0.668,13.1,-14.8,2.8,7.9,2005,2014,2.821428571,U,WPRE,Juvenile,10,-3.9,Y
131,289,JMSC170219,WPRE,10,0.612,13.3,-14.8,2.8,7.7,2005,2015,2.75,U,WPRE,Adult,10,-3.7,Y
132,290,JMSC170219,WPRE,11,0.735,11.9,-14.5,3.2,8.2,2005,2016,2.5625,U,WPRE,Adult,10,-5.1,Y
178,337,MASC160323,MPRE,1,1.1,14.8,-15.1,2.3,6.6,2008,2009,2.869565217,U,MPRE,Juvenile,9,0,Y
179,338,MASC160323,MPRE,2,0.861,14.2,-15.1,2.5,7.2,2008,2010,2.88,U,MPRE,Juvenile,9,-0.6,Y
180,339,MASC160323,MPRE,3,1.012,13.7,-15.3,2.5,7.1,2008,2011,2.84,U,MPRE,Juvenile,9,-1.1,Y
181,340,MASC160323,MPRE,4,0.937,13.8,-15.3,2.4,7.1,2008,2012,2.958333333,U,MPRE,Juvenile,9,-1,Y
182,341,MASC160323,MPRE,5,1.042,13.6,-14.9,2.4,6.8,2008,2013,2.833333333,U,MPRE,Juvenile,9,-1.2,Y
183,342,MASC160323,MPRE,6,1.37,14.1,-15.3,2.5,7.4,2008,2014,2.96,U,MPRE,Juvenile,9,-0.7,Y
184,343,MASC160323,MPRE,7,0.658,14,-14.9,2.8,8.3,2008,2015,2.964285714,U,MPRE,Juvenile,9,-0.8,Y
185,344,MASC160323,MPRE,8,0.745,13.1,-14.6,2.7,7.7,2008,2016,2.851851852,U,MPRE,Juvenile,9,-1.7,Y
186,345,MASC160323,MPRE,9,0.461,12.2,-15.2,3.1,9,2008,2017,2.903225806,U,MPRE,Juvenile,9,-2.6,Y
168,327,MASC170718,MPRE,1,1.151,15.6,-15.7,2.5,6.6,2008,2009,2.64,U,MPRE,Juvenile,8,0,Y
169,328,MASC170718,MPRE,2,1.212,14.6,-15.6,0.8,2.3,2008,2010,2.875,U,MPRE,Juvenile,8,-1,Y
170,329,MASC170718,MPRE,3,1.042,14.4,-16.5,2.6,7.2,2008,2011,2.769230769,U,MPRE,Juvenile,8,-1.2,Y
171,330,MASC170718,MPRE,4,1.123,14.6,-17.5,2.5,7.2,2008,2012,2.88,U,MPRE,Juvenile,8,-1,Y
172,331,MASC170718,MPRE,5,1.201,14.4,-17.5,2.5,7.4,2008,2013,2.96,U,MPRE,Juvenile,8,-1.2,Y
173,332,MASC170718,MPRE,6,1.403,14.6,-16.7,1.9,5.6,2008,2014,2.947368421,U,MPRE,Juvenile,8,-1,Y
174,333,MASC170718,MPRE,7,1.068,12.4,-16.5,2.8,8.2,2008,2015,2.928571429,U,MPRE,Juvenile,8,-3.2,Y
175,334,MASC170718,MPRE,8,1.004,11.7,-16.8,2.6,7.6,2008,2016,2.923076923,U,MPRE,Juvenile,8,-3.9,Y
489,776,ZHSC150921,EPRE,1,1.377,15.3,-14.2,2.35,6.83,1995,1996,2.906382979,U,EPRE,Juvenile,13,0,Y
490,777,ZHSC150921,EPRE,2,1.105,13.7,-14.5,2.35,6.79,1995,1997,2.889361702,U,EPRE,Juvenile,13,-1.6,Y
491,778,ZHSC150921,EPRE,3,1.019,13.3,-14.5,2.37,6.86,1995,1998,2.894514768,U,EPRE,Juvenile,13,-2,Y
492,779,ZHSC150921,EPRE,4,0.817,12.6,-14.7,2.33,6.83,1995,1999,2.931330472,U,EPRE,Juvenile,13,-2.7,Y
493,780,ZHSC150921,EPRE,5,0.85,12.7,-14.3,2.29,6.69,1995,2000,2.92139738,U,EPRE,Juvenile,13,-2.6,Y
494,781,ZHSC150921,EPRE,6,0.811,13,-14.7,2.21,6.59,1995,2001,2.981900452,U,EPRE,Juvenile,13,-2.3,Y
495,782,ZHSC150921,EPRE,7,0.811,12.9,-14.7,2.1,6.23,1995,2002,2.966666667,U,EPRE,Juvenile,13,-2.4,Y
496,783,ZHSC150921,EPRE,8,0.514,12.4,-15.1,2.29,6.95,1995,2003,3.034934498,U,EPRE,Juvenile,13,-2.9,Y
497,784,ZHSC150921,EPRE,9,0.729,13,-15.1,2.26,6.83,1995,2004,3.022123894,U,EPRE,Juvenile,13,-2.3,Y
498,785,ZHSC150921,EPRE,10,0.798,12.4,-14.4,2.28,6.82,1995,2005,2.99122807,U,EPRE,Adult,13,-2.9,Y
499,786,ZHSC150921,EPRE,11,0.763,12.6,-14.3,2.16,6.28,1995,2006,2.907407407,U,EPRE,Adult,13,-2.7,Y
500,787,ZHSC150921,EPRE,12,0.704,12.9,-14.8,2.32,7.03,1995,2007,3.030172414,U,EPRE,Adult,13,-2.4,Y
501,788,ZHSC150921,EPRE,13,0.67,12.4,-14.7,2.32,7,1995,2008,3.017241379,U,EPRE,Adult,13,-2.9,Y
326,554,ZHSC160302,MPRE,0,0.753,14.9,-15.4,2.36,6.45,2008,2008,2.733050847,U,MPRE,Juvenile,6,0,Y
327,555,ZHSC160302,MPRE,1,0.97,14.9,-17.8,2.27,5.9,2008,2009,2.599118943,U,MPRE,Juvenile,6,0,Y
328,556,ZHSC160302,MPRE,2,0.68,12.2,-15.2,2.16,5.94,2008,2010,2.75,U,MPRE,Juvenile,6,-2.7,Y
329,557,ZHSC160302,MPRE,3,0.808,13.8,-15.2,2.27,6.7,2008,2011,2.95154185,U,MPRE,Juvenile,6,-1.1,Y
330,558,ZHSC160302,MPRE,4,0.705,13.3,-15,2.3,6.61,2008,2012,2.873913043,U,MPRE,Juvenile,6,-1.6,Y
331,559,ZHSC160302,MPRE,5,0.676,13.1,-15,2.35,6.78,2008,2013,2.885106383,U,MPRE,Juvenile,6,-1.8,Y
442,729,ZHSC160321,EPRE,0,1.691,14.5,-14.4,1.99,5.42,2005,2005,2.72361809,U,EPRE,Juvenile,11,0,Y
443,730,ZHSC160321,EPRE,1,1.2,13.5,-15.1,2.05,5.8,2005,2006,2.829268293,U,EPRE,Juvenile,11,-1,Y
444,731,ZHSC160321,EPRE,2,1.261,13.6,-15.4,2.24,6.32,2005,2007,2.821428571,U,EPRE,Juvenile,11,-0.9,Y
445,732,ZHSC160321,EPRE,3,1.31,13.4,-15.5,2.25,6.39,2005,2008,2.84,U,EPRE,Juvenile,11,-1.1,Y
446,733,ZHSC160321,EPRE,4,1.248,13,-15.4,2.42,6.91,2005,2009,2.855371901,U,EPRE,Juvenile,11,-1.5,Y
447,734,ZHSC160321,EPRE,5,1.237,12.5,-15.2,2.42,6.92,2005,2010,2.859504132,U,EPRE,Juvenile,11,-2,Y
448,735,ZHSC160321,EPRE,6,1.134,12.3,-15.1,2.45,7.01,2005,2011,2.86122449,U,EPRE,Juvenile,11,-2.2,Y
449,736,ZHSC160321,EPRE,7,1.25,12.1,-15.1,2.4,6.87,2005,2012,2.8625,U,EPRE,Juvenile,11,-2.4,Y
450,737,ZHSC160321,EPRE,8,0.859,12,-15.4,2.53,7.27,2005,2013,2.873517787,U,EPRE,Juvenile,11,-2.5,Y
451,738,ZHSC160321,EPRE,9,1.223,12.6,-15.5,2.36,6.88,2005,2014,2.915254237,U,EPRE,Juvenile,11,-1.9,Y
452,739,ZHSC160321,EPRE,10,0.936,13.2,-15.6,2.42,6.97,2005,2015,2.880165289,U,EPRE,Adult,11,-1.3,Y
420,695,ZHSC160410,EPRE,1,1.056,15.9,-13.7,2.48,6.98,2004,2005,2.814516129,U,EPRE,Juvenile,12,0,Y
421,696,ZHSC160410,EPRE,2,1.02,14.7,-13.9,2.45,7.06,2004,2006,2.881632653,U,EPRE,Juvenile,12,-1.2,Y
422,697,ZHSC160410,EPRE,3,2.045,13.9,-14.1,2.29,6.53,2004,2007,2.851528384,U,EPRE,Juvenile,12,-2,Y
423,698,ZHSC160410,EPRE,4,1.184,13.1,-14.1,2.21,6.35,2004,2008,2.873303167,U,EPRE,Juvenile,12,-2.8,Y
424,699,ZHSC160410,EPRE,5,0.993,13.2,-14.1,2.15,6.22,2004,2009,2.893023256,U,EPRE,Juvenile,12,-2.7,Y
425,700,ZHSC160410,EPRE,6,0.723,13.1,-14.1,2.38,6.91,2004,2010,2.903361345,U,EPRE,Juvenile,12,-2.8,Y
426,701,ZHSC160410,EPRE,7,0.634,12.3,-14,2.42,7,2004,2011,2.892561983,U,EPRE,Juvenile,12,-3.6,Y
427,702,ZHSC160410,EPRE,8,0.841,12.5,-14,2.43,7.06,2004,2012,2.905349794,U,EPRE,Juvenile,12,-3.4,Y
428,703,ZHSC160410,EPRE,9,0.759,12.5,-13.7,2.42,6.92,2004,2013,2.859504132,U,EPRE,Juvenile,12,-3.4,Y
429,704,ZHSC160410,EPRE,10,0.605,11.5,-13.6,2.6,7.38,2004,2014,2.838461538,U,EPRE,Adult,12,-4.4,Y
430,705,ZHSC160410,EPRE,11,0.35,10.2,-13.6,2.67,7.44,2004,2015,2.786516854,U,EPRE,Adult,12,-5.7,Y
431,706,ZHSC160410,EPRE,12,0.409,11.2,-13.6,2.67,7.52,2004,2016,2.816479401,U,EPRE,Adult,12,-4.7,Y
432,707,ZHSC160506,EPRE,1,1.262,15.6,-14.4,2.13,6.06,2005,2006,2.845070423,U,EPRE,Juvenile,10,0,Y
433,708,ZHSC160506,EPRE,2,1.605,13.7,-14.8,2.16,6.31,2005,2007,2.921296296,U,EPRE,Juvenile,10,-1.9,Y
434,709,ZHSC160506,EPRE,3,1.473,13,-15.3,1.99,5.88,2005,2008,2.954773869,U,EPRE,Juvenile,10,-2.6,Y
435,710,ZHSC160506,EPRE,4,1.649,12.6,-15.4,2.07,6.22,2005,2009,3.004830918,U,EPRE,Juvenile,10,-3,Y
436,711,ZHSC160506,EPRE,5,1.457,12.5,-15.4,2.18,6.62,2005,2010,3.036697248,U,EPRE,Juvenile,10,-3.1,Y
437,712,ZHSC160506,EPRE,6,1.483,12.6,-14.9,2.33,6.85,2005,2011,2.939914163,U,EPRE,Juvenile,10,-3,Y
438,713,ZHSC160506,EPRE,7,1.317,12.3,-15,2.23,6.48,2005,2012,2.905829596,U,EPRE,Juvenile,10,-3.3,Y
439,714,ZHSC160506,EPRE,8,0.638,11.5,-15.1,2.56,7.38,2005,2013,2.8828125,U,EPRE,Juvenile,10,-4.1,Y
440,715,ZHSC160506,EPRE,9,1.066,12.3,-15.1,2.48,7.26,2005,2014,2.927419355,U,EPRE,Juvenile,10,-3.3,Y
441,716,ZHSC160506,EPRE,10,1.075,12.1,-15,2.65,7.6,2005,2015,2.867924528,U,EPRE,Adult,10,-3.5,Y
371,599,ZHSC161213,MPRE,1,3.758,18.3,-14.9,1.99,5.84,1997,1998,2.934673367,U,MPRE,Juvenile,12,0,Y
372,600,ZHSC161213,MPRE,2,2.737,15.7,-16,2.24,6.77,1997,1999,3.022321429,U,MPRE,Juvenile,12,-2.6,Y
373,601,ZHSC161213,MPRE,3,2.737,15.1,-15.5,2.68,7.91,1997,2000,2.951492537,U,MPRE,Juvenile,12,-3.2,Y
374,602,ZHSC161213,MPRE,4,1.872,14.6,-15.6,2.63,7.69,1997,2001,2.923954373,U,MPRE,Juvenile,12,-3.7,Y
375,603,ZHSC161213,MPRE,5,2.267,14.5,-15.3,2.6,7.76,1997,2002,2.984615385,U,MPRE,Juvenile,12,-3.8,Y
376,604,ZHSC161213,MPRE,6,1.94,14.1,-15.5,2.39,7.19,1997,2003,3.008368201,U,MPRE,Juvenile,12,-4.2,Y
377,605,ZHSC161213,MPRE,7,1.941,14.1,-16,2.68,8.15,1997,2004,3.041044776,U,MPRE,Juvenile,12,-4.2,Y
378,606,ZHSC161213,MPRE,8,0.765,13.5,-16.4,2.9,8.7,1997,2005,3,U,MPRE,Juvenile,12,-4.8,Y
379,607,ZHSC161213,MPRE,9,1.433,14.1,-16.5,2.72,8.3,1997,2006,3.051470588,U,MPRE,Juvenile,12,-4.2,Y
380,608,ZHSC161213,MPRE,10,1.262,14.6,-16.6,2.68,8.05,1997,2007,3.003731343,U,MPRE,Adult,12,-3.7,Y
381,609,ZHSC161213,MPRE,11,1.215,14.4,-17,2.72,8.23,1997,2008,3.025735294,U,MPRE,Adult,12,-3.9,Y
382,610,ZHSC161213,MPRE,12,1.217,14.2,-16.8,2.84,8.58,1997,2009,3.021126761,U,MPRE,Adult,12,-4.1,Y
203,362,ZHSC161214,MPRE,0,1.498,16.6,-16,2.4,7,2009,2009,2.916666667,U,MPRE,Juvenile,6,0,Y
204,363,ZHSC161214,MPRE,1,1.418,14.4,-17.2,2.2,6.7,2009,2010,3.045454545,U,MPRE,Juvenile,6,-2.2,Y
205,364,ZHSC161214,MPRE,2,1.285,14.5,-17.7,2.5,7.8,2009,2011,3.12,U,MPRE,Juvenile,6,-2.1,Y
206,365,ZHSC161214,MPRE,4,1.085,13.5,-18,2.3,7.1,2009,2013,3.086956522,U,MPRE,Juvenile,6,-3.1,Y
207,366,ZHSC161214,MPRE,5,1.654,13.5,-17.8,2.4,7.4,2009,2014,3.083333333,U,MPRE,Juvenile,6,-3.1,Y
208,367,ZHSC161214,MPRE,6,1.627,12.5,-18,2.1,6.2,2009,2015,2.952380952,U,MPRE,Juvenile,6,-4.1,Y
383,611,ZHSC170410,MPRE,0,0.622,16.7,-13.9,3.08,8.84,1991,1991,2.87012987,U,MPRE,Juvenile,16,0,Y
384,612,ZHSC170410,MPRE,1,1.154,15.1,-14.5,2.31,6.71,1991,1992,2.904761905,U,MPRE,Juvenile,16,-1.6,Y
385,613,ZHSC170410,MPRE,2,0.986,14,-14.5,2.32,6.78,1991,1993,2.922413793,U,MPRE,Juvenile,16,-2.7,Y
386,614,ZHSC170410,MPRE,3,1.206,13.6,-14.6,2.29,6.8,1991,1994,2.969432314,U,MPRE,Juvenile,16,-3.1,Y
387,615,ZHSC170410,MPRE,4,1.25,13.2,-14.5,2.26,6.8,1991,1995,3.008849558,U,MPRE,Juvenile,16,-3.5,Y
388,616,ZHSC170410,MPRE,5,1.278,12.9,-14.7,2.26,6.73,1991,1996,2.977876106,U,MPRE,Juvenile,16,-3.8,Y
389,617,ZHSC170410,MPRE,6,1.103,12.7,-14.5,2.29,6.89,1991,1997,3.008733624,U,MPRE,Juvenile,16,-4,Y
390,618,ZHSC170410,MPRE,7,1.103,13.2,-14.8,2,5.98,1991,1998,2.99,U,MPRE,Juvenile,16,-3.5,Y
391,619,ZHSC170410,MPRE,8,0.913,12.8,-15.1,2.36,7.08,1991,1999,3,U,MPRE,Juvenile,16,-3.9,Y
392,620,ZHSC170410,MPRE,9,0.865,12.9,-15.1,2.28,6.79,1991,2000,2.978070175,U,MPRE,Juvenile,16,-3.8,Y
393,621,ZHSC170410,MPRE,10,0.916,13.8,-14.6,2.23,6.63,1991,2001,2.97309417,U,MPRE,Adult,16,-2.9,Y
394,622,ZHSC170410,MPRE,11,0.933,13.9,-14.9,2.32,6.87,1991,2002,2.961206897,U,MPRE,Adult,16,-2.8,Y
395,623,ZHSC170410,MPRE,12,0.819,13.8,-15.4,2.25,6.79,1991,2003,3.017777778,U,MPRE,Adult,16,-2.9,Y
396,624,ZHSC170410,MPRE,13,0.683,13.6,-15.3,2.29,6.86,1991,2004,2.995633188,U,MPRE,Adult,16,-3.1,Y
397,625,ZHSC170410,MPRE,14,0.759,13.6,-15.4,2.36,6.97,1991,2005,2.953389831,U,MPRE,Adult,16,-3.1,Y
398,626,ZHSC170410,MPRE,15,0.67,13.2,-15.5,2.35,7.04,1991,2006,2.995744681,U,MPRE,Adult,16,-3.5,Y
453,740,ZHSC170525,NA,1,1.626,15.3,-14.4,2.11,5.85,1997,1998,2.772511848,U,NA,Juvenile,19,0,Y
454,741,ZHSC170525,NA,2,1.332,14.5,-15.3,2.17,6.18,1997,1999,2.847926267,U,NA,Juvenile,19,-0.8,Y
455,742,ZHSC170525,NA,3,1.279,13.7,-15.3,2.23,6.34,1997,2000,2.843049327,U,NA,Juvenile,19,-1.6,Y
456,743,ZHSC170525,NA,4,1.403,13.6,-14.9,2.13,6.09,1997,2001,2.85915493,U,NA,Juvenile,19,-1.7,Y
457,744,ZHSC170525,NA,5,1.428,13.5,-14.8,2.25,6.46,1997,2002,2.871111111,U,NA,Juvenile,19,-1.8,Y
458,745,ZHSC170525,NA,6,1.413,13.1,-14.7,2.18,6.14,1997,2003,2.816513761,U,NA,Juvenile,19,-2.2,Y
459,746,ZHSC170525,NA,7,1.346,13.7,-15.4,2.27,6.61,1997,2004,2.911894273,U,NA,Juvenile,19,-1.6,Y
460,747,ZHSC170525,NA,8,1.393,13.9,-15.2,2.28,6.71,1997,2005,2.942982456,U,NA,Juvenile,19,-1.4,Y
461,748,ZHSC170525,NA,9,1.019,14.2,-15.1,2.32,6.79,1997,2006,2.926724138,U,NA,Juvenile,19,-1.1,Y
462,749,ZHSC170525,NA,10,1.117,14.7,-15.2,2.26,6.54,1997,2007,2.89380531,U,NA,Adult,19,-0.6,Y
463,750,ZHSC170525,NA,11,1.069,15.2,-15.2,2.23,6.6,1997,2008,2.959641256,U,NA,Adult,19,-0.1,Y
464,751,ZHSC170525,NA,12,1.149,15.5,-14.3,2.17,6.35,1997,2009,2.926267281,U,NA,Adult,19,0.2,Y
465,752,ZHSC170525,NA,13,0.953,15.4,-14.4,2.29,6.81,1997,2010,2.973799127,U,NA,Adult,19,0.1,Y
466,753,ZHSC170525,NA,14,0.913,15.6,-15.4,2.23,6.64,1997,2011,2.977578475,U,NA,Adult,19,0.3,Y
467,754,ZHSC170525,NA,15,0.869,15.5,-14,2.17,6.52,1997,2012,3.004608295,U,NA,Adult,19,0.2,Y
468,755,ZHSC170525,NA,16,0.729,15.6,-13.8,2.21,6.33,1997,2013,2.864253394,U,NA,Adult,19,0.3,Y
469,756,ZHSC170525,NA,17,0.855,15.5,-13.9,2.1,6.06,1997,2014,2.885714286,U,NA,Adult,19,0.2,Y
470,757,ZHSC170525,NA,18,0.646,16,-15.3,2.44,7.06,1997,2015,2.893442623,U,NA,Adult,19,0.7,Y
471,758,ZHSC170525,NA,19,0.608,16.6,-14.7,2.48,7.14,1997,2016,2.879032258,U,NA,Adult,19,1.3,Y
241,426,ZHSC170711,MPRE,1,2.12,17.7,-13.9,1.98,5.67,1993,1994,2.863636364,U,MPRE,Juvenile,14,0,Y
242,427,ZHSC170711,MPRE,2,1.927,15.7,-14.4,2.19,6.3,1993,1995,2.876712329,U,MPRE,Juvenile,14,-2,Y
243,428,ZHSC170711,MPRE,3,2.135,14.7,-14.6,2.24,6.45,1993,1996,2.879464286,U,MPRE,Juvenile,14,-3,Y
244,429,ZHSC170711,MPRE,4,2.485,13.8,-14.2,2.09,6.14,1993,1997,2.937799043,U,MPRE,Juvenile,14,-3.9,Y
245,430,ZHSC170711,MPRE,5,2.27,13.6,-14.1,2.24,6.61,1993,1998,2.950892857,U,MPRE,Juvenile,14,-4.1,Y
246,431,ZHSC170711,MPRE,6,1.818,13,-13.7,2.56,7.59,1993,1999,2.96484375,U,MPRE,Juvenile,14,-4.7,Y
247,432,ZHSC170711,MPRE,7,2.107,13.1,-13.7,2.14,6.4,1993,2000,2.990654206,U,MPRE,Juvenile,14,-4.6,Y
248,433,ZHSC170711,MPRE,8,2.145,13.5,-13.8,2.34,7,1993,2001,2.991452991,U,MPRE,Juvenile,14,-4.2,Y
249,434,ZHSC170711,MPRE,10,2.22,13.6,-14.2,2.25,6.79,1993,2003,3.017777778,U,MPRE,Adult,14,-4.1,Y
250,435,ZHSC170711,MPRE,11,1.323,13.2,-14,2.28,6.81,1993,2004,2.986842105,U,MPRE,Adult,14,-4.5,Y
251,436,ZHSC170711,MPRE,12,1.139,13.4,-13.9,2.42,7.28,1993,2005,3.008264463,U,MPRE,Adult,14,-4.3,Y
252,437,ZHSC170711,MPRE,13,0.747,12.2,-13.9,2.48,7.42,1993,2006,2.991935484,U,MPRE,Adult,14,-5.5,Y
253,438,ZHSC170711,MPRE,14,0.689,12.2,-14.1,2.5,7.5,1993,2007,3,U,MPRE,Adult,14,-5.5,Y
254,439,ZHSC170711,MPRE,15,0.702,12.2,-14.6,2.6,8,1993,2008,3.076923077,U,MPRE,Adult,14,-5.5,Y
222,401,ZHSC170718,MPRE,0,2.665,17.9,-15.2,2.33,6.68,2007,2007,2.86695279,U,MPRE,Juvenile,7,0,Y
223,402,ZHSC170718,MPRE,1,1.872,16.8,-15.5,2.55,7.39,2007,2008,2.898039216,U,MPRE,Juvenile,7,-1.1,Y
224,403,ZHSC170718,MPRE,2,1.586,15.7,-16.1,2.57,7.48,2007,2009,2.910505837,U,MPRE,Juvenile,7,-2.2,Y
225,404,ZHSC170718,MPRE,3,1.414,15,-16.9,2.73,8.02,2007,2010,2.937728938,U,MPRE,Juvenile,7,-2.9,Y
226,405,ZHSC170718,MPRE,5,1.513,13.8,-16.3,2.55,7.36,2007,2012,2.88627451,U,MPRE,Juvenile,7,-4.1,Y
227,406,ZHSC170718,MPRE,6,1.112,13.4,-15.9,2.6,7.76,2007,2013,2.984615385,U,MPRE,Juvenile,7,-4.5,Y
228,407,ZHSC170718,MPRE,7,0.798,12.2,-16.6,2.84,8.4,2007,2014,2.957746479,U,MPRE,Juvenile,7,-5.7,Y
235,414,ZHSC170920,MPRE,0,3.483,19.5,-14.3,2.28,6.52,2009,2009,2.859649123,U,MPRE,Juvenile,6,0,Y
236,415,ZHSC170920,MPRE,1,2.238,17.5,-14.7,2.38,6.94,2009,2010,2.915966387,U,MPRE,Juvenile,6,-2,Y
237,416,ZHSC170920,MPRE,2,2.042,16.5,-14.6,2.46,7.34,2009,2011,2.983739837,U,MPRE,Juvenile,6,-3,Y
238,417,ZHSC170920,MPRE,3,1.746,15.8,-14.5,2.47,7.46,2009,2012,3.020242915,U,MPRE,Juvenile,6,-3.7,Y
239,418,ZHSC170920,MPRE,4,1.469,14.8,-15,2.62,7.98,2009,2013,3.045801527,U,MPRE,Juvenile,6,-4.7,Y
240,419,ZHSC170920,MPRE,5,1.248,14.4,-14.9,2.59,7.96,2009,2014,3.073359073,U,MPRE,Juvenile,6,-5.1,Y
343,571,ZHSC171003,EPRE,1,2.99,16.6,-14.5,2.09,6.17,1998,1999,2.95215311,U,EPRE,Juvenile,13,0,Y
344,572,ZHSC171003,EPRE,2,1.893,15.4,-14.8,2.43,7.25,1998,2000,2.983539095,U,EPRE,Juvenile,13,-1.2,Y
345,573,ZHSC171003,EPRE,3,1.649,14.6,-14.7,2.42,7.22,1998,2001,2.983471074,U,EPRE,Juvenile,13,-2,Y
346,574,ZHSC171003,EPRE,4,1.311,13.7,-14.8,2.49,7.44,1998,2002,2.987951807,U,EPRE,Juvenile,13,-2.9,Y
347,575,ZHSC171003,EPRE,5,1.254,14.1,-14.6,2.32,6.99,1998,2003,3.012931034,U,EPRE,Juvenile,13,-2.5,Y
348,576,ZHSC171003,EPRE,6,1.255,14.1,-14.6,2.4,7.24,1998,2004,3.016666667,U,EPRE,Juvenile,13,-2.5,Y
349,577,ZHSC171003,EPRE,7,1.334,13.9,-15.2,2.35,7.28,1998,2005,3.09787234,U,EPRE,Juvenile,13,-2.7,Y
350,578,ZHSC171003,EPRE,8,1.09,14.1,-14.9,2.41,7.39,1998,2006,3.066390041,U,EPRE,Juvenile,13,-2.5,Y
351,579,ZHSC171003,EPRE,9,1.017,14.1,-14.3,2.36,7,1998,2007,2.966101695,U,EPRE,Juvenile,13,-2.5,Y
352,580,ZHSC171003,EPRE,10,0.945,13.5,-14.3,2.41,7.17,1998,2008,2.975103734,U,EPRE,Adult,13,-3.1,Y
353,581,ZHSC171003,EPRE,11,1.489,13.7,-14,2.37,7.11,1998,2009,3,U,EPRE,Adult,13,-2.9,Y
354,582,ZHSC171003,EPRE,13,1.206,13.6,-14.2,2.45,7.45,1998,2011,3.040816327,U,EPRE,Adult,13,-3,Y
355,583,ZHSC171003,EPRE,15,1.028,12.8,-14.1,2.63,7.78,1998,2013,2.958174905,U,EPRE,Adult,13,-3.8,Y
187,346,ZHSC180117,MPRE,1,2.42,16.8,-14.9,2.2,6.4,2010,2011,2.909090909,U,MPRE,Juvenile,7,0,Y
188,347,ZHSC180117,MPRE,2,2.202,13.9,-16.1,0.9,2.7,2010,2012,3,U,MPRE,Juvenile,7,-2.9,Y
189,348,ZHSC180117,MPRE,3,0.929,13,-16.1,1.4,4.2,2010,2013,3,U,MPRE,Juvenile,7,-3.8,Y
190,349,ZHSC180117,MPRE,4,0.937,13.8,-15.6,2.8,8.2,2010,2014,2.928571429,U,MPRE,Juvenile,7,-3,Y
191,350,ZHSC180117,MPRE,5,1.207,13.3,-15.6,2.7,8,2010,2015,2.962962963,U,MPRE,Juvenile,7,-3.5,Y
192,351,ZHSC180117,MPRE,6,0.925,12.1,-16.4,2.8,8.2,2010,2016,2.928571429,U,MPRE,Juvenile,7,-4.7,Y
193,352,ZHSC180117,MPRE,7,0.858,12.4,-15.9,3,8.6,2010,2017,2.866666667,U,MPRE,Juvenile,7,-4.4,Y
294,508,ZHSC38,MPRE,1,1.243,17,-14.2,2.05,5.97,NA,NA,2.912195122,U,MPRE,Juvenile,13,0,Y
295,509,ZHSC38,MPRE,2,1.289,14.5,-14.8,2.24,6.6,NA,NA,2.946428571,U,MPRE,Juvenile,13,-2.5,Y
296,510,ZHSC38,MPRE,3,1.091,13.8,-14.6,2.07,6.16,NA,NA,2.975845411,U,MPRE,Juvenile,13,-3.2,Y
297,511,ZHSC38,MPRE,4,1.015,13.5,-14.7,2.05,6.14,NA,NA,2.995121951,U,MPRE,Juvenile,13,-3.5,Y
298,512,ZHSC38,MPRE,5,0.857,13.3,-14.2,2.07,6.21,NA,NA,3,U,MPRE,Juvenile,13,-3.7,Y
299,513,ZHSC38,MPRE,6,1.102,13.5,-14.4,1.97,5.82,NA,NA,2.954314721,U,MPRE,Juvenile,13,-3.5,Y
300,514,ZHSC38,MPRE,7,0.695,13.7,-15.1,2.18,6.61,NA,NA,3.032110092,U,MPRE,Juvenile,13,-3.3,Y
301,515,ZHSC38,MPRE,8,0.614,13.5,-15.4,2.04,6.18,NA,NA,3.029411765,U,MPRE,Juvenile,13,-3.5,Y
302,516,ZHSC38,MPRE,9,0.733,13.5,-15.8,2.15,6.54,NA,NA,3.041860465,U,MPRE,Juvenile,13,-3.5,Y
303,517,ZHSC38,MPRE,10,0.651,13.8,-15.9,2.14,6.52,NA,NA,3.046728972,U,MPRE,Adult,13,-3.2,Y
304,518,ZHSC38,MPRE,11,0.908,14.4,-15.2,2.35,7.02,NA,NA,2.987234043,U,MPRE,Adult,13,-2.6,Y
305,519,ZHSC38,MPRE,12,0.686,13.8,-15.4,2.36,7.05,NA,NA,2.987288136,U,MPRE,Adult,13,-3.2,Y
306,520,ZHSC38,MPRE,13,0.614,13,-14.7,2.41,7.26,NA,NA,3.012448133,U,MPRE,Adult,13,-4,Y
399,645,ZHSC47,EPRE,1,2.506,17.5,-13.9,2.09,5.98,NA,NA,2.861244019,U,EPRE,Juvenile,21,0,Y
400,646,ZHSC47,EPRE,2,1.39,15.5,-14.8,2.31,6.61,NA,NA,2.861471861,U,EPRE,Juvenile,21,-2,Y
401,647,ZHSC47,EPRE,3,1.392,14.9,-14.7,2.26,6.56,NA,NA,2.902654867,U,EPRE,Juvenile,21,-2.6,Y
402,648,ZHSC47,EPRE,4,1.21,13.9,-14.7,2.22,6.43,NA,NA,2.896396396,U,EPRE,Juvenile,21,-3.6,Y
403,649,ZHSC47,EPRE,5,1.46,13.5,-14.2,2,5.91,NA,NA,2.955,U,EPRE,Juvenile,21,-4,Y
404,650,ZHSC47,EPRE,6,1.309,13.4,-13.9,2.13,6.38,NA,NA,2.995305164,U,EPRE,Juvenile,21,-4.1,Y
405,651,ZHSC47,EPRE,7,1.257,13.8,-14.1,2.13,6.37,NA,NA,2.990610329,U,EPRE,Juvenile,21,-3.7,Y
406,652,ZHSC47,EPRE,8,1.794,14.4,-14.4,2.25,6.73,NA,NA,2.991111111,U,EPRE,Juvenile,21,-3.1,Y
407,653,ZHSC47,EPRE,9,1.271,14.3,-14.4,2.16,6.43,NA,NA,2.976851852,U,EPRE,Juvenile,21,-3.2,Y
408,654,ZHSC47,EPRE,10,1.149,14.3,-14.9,2.35,7.08,NA,NA,3.012765957,U,EPRE,Adult,21,-3.2,Y
409,655,ZHSC47,EPRE,11,1.229,14.2,-14.5,2.31,6.8,NA,NA,2.943722944,U,EPRE,Adult,21,-3.3,Y
410,656,ZHSC47,EPRE,12,1.149,13.6,-14.4,2.36,6.89,NA,NA,2.919491525,U,EPRE,Adult,21,-3.9,Y
411,657,ZHSC47,EPRE,13,1.146,13.8,-14.2,2.36,6.82,NA,NA,2.889830508,U,EPRE,Adult,21,-3.7,Y
412,658,ZHSC47,EPRE,14,0.904,13.7,-14.3,2.32,6.72,NA,NA,2.896551724,U,EPRE,Adult,21,-3.8,Y
413,659,ZHSC47,EPRE,15,0.764,13.5,-14.3,2.39,6.83,NA,NA,2.857740586,U,EPRE,Adult,21,-4,Y
414,660,ZHSC47,EPRE,16,0.788,13.2,-14.6,2.38,6.88,NA,NA,2.890756303,U,EPRE,Adult,21,-4.3,Y
415,661,ZHSC47,EPRE,17,0.586,13,-14.5,2.45,6.99,NA,NA,2.853061224,U,EPRE,Adult,21,-4.5,Y
416,662,ZHSC47,EPRE,18,0.603,13.4,-14.3,2.53,7.16,NA,NA,2.830039526,U,EPRE,Adult,21,-4.1,Y
417,663,ZHSC47,EPRE,19,0.539,13.1,-14.3,2.6,7.35,NA,NA,2.826923077,U,EPRE,Adult,21,-4.4,Y
419,665,ZHSC47,EPRE,8,0.58,13.3,-14.3,2.5,7.03,NA,NA,2.812,U,EPRE,Juvenile,21,-4.2,Y
336,564,ZHSC48,EPRE,1,1.399,17.4,-16.1,2.04,5.95,NA,NA,2.916666667,U,EPRE,Juvenile,7,0,Y
337,565,ZHSC48,EPRE,2,1.056,16.2,-16.6,2.21,6.38,NA,NA,2.886877828,U,EPRE,Juvenile,7,-1.2,Y
338,566,ZHSC48,EPRE,3,1.009,15.5,-17,2.34,6.7,NA,NA,2.863247863,U,EPRE,Juvenile,7,-1.9,Y
339,567,ZHSC48,EPRE,4,1.145,15.6,-17.2,2.45,7.05,NA,NA,2.87755102,U,EPRE,Juvenile,7,-1.8,Y
340,568,ZHSC48,EPRE,5,1.176,15.2,-17.6,2.43,7.24,NA,NA,2.979423868,U,EPRE,Juvenile,7,-2.2,Y
341,569,ZHSC48,EPRE,6,1.005,14.7,-17.5,2.46,7.01,NA,NA,2.849593496,U,EPRE,Juvenile,7,-2.7,Y
342,570,ZHSC48,EPRE,7,0.921,14.9,-17.6,2.49,7.32,NA,NA,2.939759036,U,EPRE,Juvenile,7,-2.5,Y
356,584,ZHSC49,EPRE,1,2.05,17.3,-14.3,2.45,7.34,NA,NA,2.995918367,U,EPRE,Juvenile,15,0,Y
357,585,ZHSC49,EPRE,2,0.901,14.6,-14.9,2.82,8.19,NA,NA,2.904255319,U,EPRE,Juvenile,15,-2.7,Y
358,586,ZHSC49,EPRE,3,0.887,14.3,-14.7,2.75,8.25,NA,NA,3,U,EPRE,Juvenile,15,-3,Y
359,587,ZHSC49,EPRE,4,2.703,14.7,-14.2,2.53,7.66,NA,NA,3.027667984,U,EPRE,Juvenile,15,-2.6,Y
360,588,ZHSC49,EPRE,5,1.919,14.6,-15,2.35,7.38,NA,NA,3.140425532,U,EPRE,Juvenile,15,-2.7,Y
361,589,ZHSC49,EPRE,6,1.687,14.5,-14.6,2.49,7.48,NA,NA,3.004016064,U,EPRE,Juvenile,15,-2.8,Y
362,590,ZHSC49,EPRE,7,1.616,14.6,-14.6,2.55,7.77,NA,NA,3.047058824,U,EPRE,Juvenile,15,-2.7,Y
363,591,ZHSC49,EPRE,8,1.36,14.6,-14.6,2.54,7.67,NA,NA,3.019685039,U,EPRE,Juvenile,15,-2.7,Y
364,592,ZHSC49,EPRE,9,1.323,14.4,-14.5,2.66,8.03,NA,NA,3.018796992,U,EPRE,Juvenile,15,-2.9,Y
365,593,ZHSC49,EPRE,10,0.877,13.9,-14.5,2.72,8.15,NA,NA,2.996323529,U,EPRE,Adult,15,-3.4,Y
366,594,ZHSC49,EPRE,11,0.62,13.7,-14.6,2.78,8.21,NA,NA,2.95323741,U,EPRE,Adult,15,-3.6,Y
367,595,ZHSC49,EPRE,12,0.488,12.7,-14.7,2.78,8.12,NA,NA,2.920863309,U,EPRE,Adult,15,-4.6,Y
368,596,ZHSC49,EPRE,13,0.508,12.8,-14.4,2.48,7.25,NA,NA,2.923387097,U,EPRE,Adult,15,-4.5,Y
369,597,ZHSC49,EPRE,14,0.409,12.7,-14.7,2.77,8.02,NA,NA,2.895306859,U,EPRE,Adult,15,-4.6,Y
370,598,ZHSC49,EPRE,15,0.422,13,-14.8,2.69,7.81,NA,NA,2.903345725,U,EPRE,Adult,15,-4.3,Y
229,408,ZHSC54,EPRE,1,1.488,16.8,-16.4,2.43,6.87,NA,NA,2.827160494,U,EPRE,Juvenile,6,0,Y
230,409,ZHSC54,EPRE,2,1.599,15.7,-17.3,2.54,7.42,NA,NA,2.921259843,U,EPRE,Juvenile,6,-1.1,Y
231,410,ZHSC54,EPRE,3,1.589,15.3,-17.5,2.35,6.96,NA,NA,2.961702128,U,EPRE,Juvenile,6,-1.5,Y
232,411,ZHSC54,EPRE,4,1.577,15.3,-17.9,2.35,6.95,NA,NA,2.957446809,U,EPRE,Juvenile,6,-1.5,Y
233,412,ZHSC54,EPRE,5,1.871,14.8,-17.8,2.57,7.59,NA,NA,2.953307393,U,EPRE,Juvenile,6,-2,Y
234,413,ZHSC54,EPRE,6,1.069,14.1,-18.2,2.78,8.22,NA,NA,2.956834532,U,EPRE,Juvenile,6,-2.7,Y