Pkey,CSV,SC_ID,Region,GLG,Weight,d15N,d13C,N_per,C_per,YOB,CalenderYear,Sex
1,20160912.csv,HKSC101506,HK,1,1.233,16.8,-15.6,2.3,7.2,1995,1996,M
2,20160912.csv,HKSC101506,HK,2,1.611,15.4,-15.8,2.4,7.5,1995,1997,M
3,20160912.csv,HKSC101506,HK,3,1.189,14.8,-15.3,2.3,7,1995,1998,M
4,20160912.csv,HKSC101506,HK,4,1.428,14.8,-14.7,2.2,6.6,1995,1999,M
5,20160912.csv,HKSC101506,HK,5,1.216,14.4,-14.8,2.3,6.5,1995,2000,M
6,20160912.csv,HKSC101506,HK,6,1.069,14.5,-14.2,2.4,6.8,1995,2001,M
7,20160912.csv,HKSC101506,HK,7,1.292,14.3,-14.2,2.5,7,1995,2002,M
8,20160912.csv,HKSC101506,HK,8,0.626,13.8,-13.8,2.7,7.8,1995,2003,M
9,20160912.csv,HKSC101506,HK,9,1.437,14.2,-14.9,2.6,7.4,1995,2004,M
10,20160912.csv,HKSC101506,HK,10,1.024,13.8,-15.5,2.7,7.6,1995,2005,M
11,20160912.csv,HKSC101506,HK,11,0.974,14.2,-15.8,2.7,7.8,1995,2006,M
12,20160912.csv,HKSC101506,HK,12,0.89,13.8,-16,2.6,7.5,1995,2007,M
13,20160912.csv,HKSC110607,HK,1,2.623,16.1,-14.5,2.7,7.7,2005,2006,M
14,20160912.csv,HKSC110607,HK,2,1.608,13.6,-14.6,2.6,8.4,2005,2007,M
15,20160912.csv,HKSC110607,HK,3,1.45,14.1,-14.1,2.8,7.8,2005,2008,M
16,20160912.csv,HKSC110607,HK,4,0.895,14,-14.2,3.1,8.6,2005,2009,M
17,20160912.csv,HKSC110607,HK,5,1.033,14.1,-14.6,3.2,8.8,2005,2010,M
18,20160912.csv,HKSC110607,HK,6,1.435,14.1,-14.6,3.1,8.7,2005,2011,M
19,20160912.csv,HKSC120309,HK,1,3.957,16.7,-14.4,2.2,6.3,1992,1993,F
20,20160912.csv,HKSC120309,HK,2,3.646,14.3,-14.4,2.3,6.5,1992,1994,F
21,20160912.csv,HKSC120309,HK,3,3.516,14.2,-14.2,2.4,6.9,1992,1995,F
22,20160912.csv,HKSC120309,HK,4,2.751,14,-14.2,2.2,6.3,1992,1996,F
23,20160912.csv,HKSC120309,HK,5,2.083,14.1,-13.8,2.4,6.8,1992,1997,F
24,20160912.csv,HKSC120309,HK,6,2.071,13.9,-14.2,2.3,6.6,1992,1998,F
25,20160912.csv,HKSC120309,HK,7,1.425,13.7,-14,2.3,6.6,1992,1999,F
26,20160912.csv,HKSC120309,HK,9,0.796,13.8,-13.8,2.5,7.1,1992,2001,F
27,20160912.csv,HKSC141502,HK,2,2.438,14.9,-14,2,5.5,1991,1993,F
28,20160912.csv,HKSC141502,HK,3,1.275,13.6,-14,2.1,5.6,1991,1994,F
29,20160912.csv,HKSC141502,HK,4,1.181,13.6,-14.2,2.2,6,1991,1995,F
30,20160912.csv,HKSC141502,HK,5,1.319,13.2,-14.3,2.1,5.6,1991,1996,F
31,20160912.csv,HKSC141502,HK,6,1.191,13.3,-14.1,2.1,5.9,1991,1997,F
32,20160912.csv,HKSC141502,HK,7,0.961,13.3,-14.5,2.4,6.8,1991,1998,F
33,20160912.csv,HKSC141502,HK,9,0.942,13.4,-14,2.3,6.5,1991,2000,F
34,20160912.csv,HKSC141502,HK,10,0.582,11.8,-14.2,2.5,6.8,1991,2001,F
35,20160912.csv,HKSC141502,HK,11,0.681,12.8,-14,2.5,6.9,1991,2002,F
36,20160912.csv,HKSC141502,HK,12,0.565,12.4,-14.5,2.4,6.8,1991,2003,F
37,20160912.csv,HKSC141502,HK,13,0.567,12.2,-14.4,2.5,6.9,1991,2004,F
38,20160912.csv,HKSC141502,HK,14,0.694,12.5,-14.5,2.4,6.7,1991,2005,F
39,20160912.csv,HKSC141502,HK,15,0.446,12.1,-14.2,3.1,8.2,1991,2006,F
40,20160912.csv,HKSC141502,HK,16,0.715,11.5,-14.6,2.9,7.9,1991,2007,F
41,20160913.csv,HKSC071109,HK,1,2.225,17.2,-14.5,1.9,5,1982,1983,Un
42,20160913.csv,HKSC071109,HK,2,2.022,14.4,-13.1,2.7,7.1,1982,1984,Un
43,20160913.csv,HKSC071109,HK,3,2.064,14.1,-13.1,6.1,16.7,1982,1985,Un
44,20160913.csv,HKSC071109,HK,4,2.086,13.6,-12.7,2.5,6.8,1982,1986,Un
45,20160913.csv,HKSC071109,HK,5,1.952,13.3,-12.9,2.6,7.1,1982,1987,Un
46,20160913.csv,HKSC071109,HK,6,1.935,13.2,-12.6,2.3,6.3,1982,1988,Un
47,20160913.csv,HKSC071109,HK,7,1.506,12.6,-13.1,2.5,7.1,1982,1989,Un
48,20160913.csv,HKSC071109,HK,8,1.606,13.7,-12.7,2.6,7.3,1982,1990,Un
49,20160913.csv,HKSC071109,HK,9,1.405,13.9,-12.6,2.7,7.5,1982,1991,Un
50,20160913.csv,HKSC071109,HK,10,1.005,13.3,-12.9,2.5,7,1982,1992,Un
51,20160913.csv,HKSC071109,HK,11,1.066,13.3,-12.9,2.5,7,1982,1993,Un
52,20160913.csv,HKSC071109,HK,12,0.908,12.7,-13.2,2.4,6.7,1982,1994,Un
53,20160913.csv,HKSC071109,HK,13,1.029,13.2,-13,2.3,6.5,1982,1995,Un
54,20160913.csv,HKSC071109,HK,14,0.87,12.9,-13.1,2.5,7,1982,1996,Un
55,20160913.csv,HKSC071109,HK,15,0.786,13.4,-12.7,2.6,7.1,1982,1997,Un
56,20160913.csv,HKSC120507,HK,1,0.892,16.3,-17.3,2.6,7,2006,2007,F
57,20160913.csv,HKSC120507,HK,2,1.696,16.1,-17.5,2.3,6.3,2006,2008,F
58,20160913.csv,HKSC120507,HK,3,1.727,15.5,-17.3,2.4,6.6,2006,2009,F
59,20160913.csv,HKSC120507,HK,4,0.88,14.6,-17,1.1,3.1,2006,2010,F
60,20160913.csv,HKSC120507,HK,5,1.147,15.2,-17.2,2.6,7.2,2006,2011,F
61,20160913.csv,HKSC130403,HK,1,1.737,15.6,-13.2,2.2,6,1996,1997,F
62,20160913.csv,HKSC130403,HK,2,2.999,14,-15.9,2.8,7.7,1996,1998,F
63,20160913.csv,HKSC130403,HK,5,1.342,13.5,-13.5,2.7,7.4,1996,2001,F
64,20160913.csv,HKSC130403,HK,6,1.164,13.1,-13.7,2.7,7.6,1996,2002,F
65,20160913.csv,HKSC130403,HK,7,1.167,13.4,-13.4,2.7,7.6,1996,2003,F
66,20160913.csv,HKSC130403,HK,8,1.152,13.8,-13.7,2.6,7.3,1996,2004,F
67,20160913.csv,HKSC130403,HK,9,1.113,13.9,-13.5,2.6,7.3,1996,2005,F
68,20160913.csv,HKSC130403,HK,10,0.95,13.6,-13.6,2.7,7.5,1996,2006,F
69,20160913.csv,HKSC130403,HK,11,1.025,13.5,-14.2,2.7,7.4,1996,2007,F
70,20160913.csv,HKSC130403,HK,12,0.571,13.1,-13.9,2.8,7.7,1996,2008,F
71,20160913.csv,HKSC130403,HK,13,0.687,13.8,-14,2.7,7.4,1996,2009,F
72,20160920.csv,HKSC102412B,HK,1,1.242,17.8,-16,2.4,6.4,2003,2004,M
73,20160920.csv,HKSC102412B,HK,2,2.069,17.3,-15.4,2.7,7.3,2003,2005,M
74,20160920.csv,HKSC102412B,HK,3,1.896,16.3,-15.1,2.8,7.5,2003,2006,M
75,20160920.csv,HKSC102412B,HK,4,2.031,15.6,-16.3,2.8,7.7,2003,2007,M
76,20160920.csv,HKSC102412B,HK,5,1.733,15.4,-16.2,3,8.3,2003,2008,M
77,20160920.csv,HKSC102412B,HK,6,0.649,13.8,-16.4,3.3,8.8,2003,2009,M
78,20160920.csv,HKSC111501,HK,0,0.856,17.4,-14.4,2.7,7.1,2007,2007,M
79,20160920.csv,HKSC111501,HK,1,1.406,16.7,-14.4,2.8,7.8,2007,2008,M
80,20160920.csv,HKSC111501,HK,2,1.627,15.5,-14.3,2.9,7.8,2007,2009,M
81,20160920.csv,HKSC111501,HK,3,1.217,15.1,-13.8,2.9,7.8,2007,2010,M
82,20160920.csv,HKSC111501,HK,4,0.628,14.3,-13.8,3,8.2,2007,2011,M
83,20171006.csv,HKSC111501-2,HK,1,2.308,18.4,-15.4,1.4,4.8,2007,2008,M
84,20171006.csv,HKSC111501-2,HK,2,2.51,16.5,-15,1.6,5.6,2007,2009,M
85,20171006.csv,HKSC111501-2,HK,3,2.169,16.6,-16,1.8,7.1,2007,2010,M
86,20160920.csv,HKSC132405,HK,1,1.17,15,-15.8,2.8,7.5,1997,1998,M
87,20160920.csv,HKSC132405,HK,2,1.903,13.9,-16.1,2.7,7.4,1997,1999,M
88,20160920.csv,HKSC132405,HK,3,2.036,13.9,-16,2.5,7.1,1997,2000,M
89,20160920.csv,HKSC132405,HK,4,2.035,13.7,-16.3,2.4,6.9,1997,2001,M
90,20160920.csv,HKSC132405,HK,5,1.851,13.3,-16.4,2.6,7.4,1997,2002,M
91,20160920.csv,HKSC132405,HK,6,1.321,12.7,-16.8,2.8,7.7,1997,2003,M
92,20160920.csv,HKSC132405,HK,7,1.435,12.8,-16.8,2.7,7.6,1997,2004,M
93,20160920.csv,HKSC132405,HK,8,1.507,13.4,-17.6,2.9,8,1997,2005,M
94,20160920.csv,HKSC132405,HK,9,0.965,13.3,-16.9,2.9,8.1,1997,2006,M
95,20160920.csv,HKSC132405,HK,10,1.514,13.7,-16.9,2.7,7.6,1997,2007,M
96,20160920.csv,HKSC132405,HK,11,1.821,13.4,-16.9,1.2,3.5,1997,2008,M
97,20160920.csv,HKSC132405,HK,12,0.468,12.4,-16.7,2.8,7.9,1997,2009,M
98,20160920.csv,HKSC132405,HK,13,0.438,11.7,-17.1,2.9,8.6,1997,2010,M
99,20170412.csv,HKSC102706,HK,1,2.322,16.5,-16.9,2.84,10.13,1994,1995,F
100,20170412.csv,HKSC102706,HK,2,2.491,14.5,-17.4,2.35,8.75,1994,1996,F
101,20170412.csv,HKSC102706,HK,3,2.231,13.7,-18.6,2.54,9.63,1994,1997,F
102,20170412.csv,HKSC102706,HK,4,2.231,13.5,-18.6,1.84,7.18,1994,1998,F
103,20170412.csv,HKSC102706,HK,5,1.633,13.5,-18.6,2.69,10.56,1994,1999,F
104,20170412.csv,HKSC102706,HK,6,1.223,13.3,-18.7,2.7,10.38,1994,2000,F
105,20170412.csv,HKSC102706,HK,7,0.998,13.6,-18.2,2.87,10.64,1994,2001,F
106,20170412.csv,HKSC102706,HK,8,1.082,13.8,-18.6,2.95,10.96,1994,2002,F
107,20170412.csv,HKSC102706,HK,9,1.059,13.7,-18.4,2.92,10.83,1994,2003,F
108,20170412.csv,HKSC102706,HK,10,0.659,13.1,-18.7,3.14,12.08,1994,2004,F
109,20170412.csv,HKSC102706,HK,11,0.76,13.8,-18.8,3.14,11.78,1994,2005,F
110,20170412.csv,HKSC102706,HK,12,0.727,13.6,-18.1,3.18,11.2,1994,2006,F
111,20170412.csv,HKSC102706,HK,13,0.472,13,-18.1,3.19,11.21,1994,2007,F
112,20170412.csv,HKSC143004,HK,1,2.195,19.7,-21.1,2.17,9.26,2012,2013,M
113,20170412.csv,HKSC143004,HK,2,1.277,18.2,-20,2.83,11.02,2012,2014,M
114,20170906.csv,HKSC142408,HK,1,1.12,14.4,-20.3,1.3,6,1992,1993,F
115,20170906.csv,HKSC142408,HK,2,1.01,14.1,-19.9,1.5,6.2,1992,1994,F
116,20170906.csv,HKSC142408,HK,3,1,13,-18.2,1.7,5.9,1992,1995,F
117,20170906.csv,HKSC142408,HK,4,0.8,12.8,-19.3,1.6,6.3,1992,1996,F
118,20170906.csv,HKSC142408,HK,5,0.751,12,-18.5,1.9,7.1,1992,1997,F
119,20170906.csv,HKSC142408,HK,6,0.569,11.3,-17.7,1.9,7,1992,1998,F
120,20170906.csv,HKSC142408,HK,7,0.726,12.1,-18.5,1.4,5.6,1992,1999,F
121,20170906.csv,HKSC142408,HK,8,0.658,11.3,-18.6,1.7,6.6,1992,2000,F
122,20170906.csv,HKSC142408,HK,10,0.82,11.9,-18.4,1.7,6.3,1992,2002,F
123,20170906.csv,HKSC142408,HK,11,0.815,13.1,-19,1.6,6.4,1992,2003,F
124,20170906.csv,HKSC142408,HK,12,0.654,11.8,-18.8,1.5,6.1,1992,2004,F
125,20170906.csv,HKSC142408,HK,13,0.734,12.4,-18.8,1.8,7,1992,2005,F
126,20170906.csv,HKSC142408,HK,14,0.724,12.5,-18.4,1.8,7,1992,2006,F
127,20170906.csv,HKSC142408,HK,15,1.278,13.4,-18.3,1.8,6.9,1992,2007,F
128,20170906.csv,HKSC151601,HK,1,1.848,15.2,-15.6,2,5.5,2000,2001,M
129,20170906.csv,HKSC151601,HK,2,0.98,13.3,-15.8,1.8,4.6,2000,2002,M
130,20170906.csv,HKSC151601,HK,3,1.086,13.2,-15.2,2,5.3,2000,2003,M
131,20170906.csv,HKSC151601,HK,4,1.099,13.6,-17.1,1.6,5.3,2000,2004,M
132,20170906.csv,HKSC151601,HK,5,1.083,13.2,-16.8,2.2,6.7,2000,2005,M
133,20170906.csv,HKSC151601,HK,6,1.384,16.4,-17.4,1.6,6.2,2000,2006,M
134,20170906.csv,HKSC151601,HK,7,1.318,14.2,-18,1.9,6.9,2000,2007,M
135,20170906.csv,HKSC151601,HK,8,1.432,14.3,-19,1.8,7,2000,2008,M
136,20170906.csv,HKSC151601,HK,9,1.197,14.2,-18.4,1.9,6.9,2000,2009,M
137,20170906.csv,HKSC151601,HK,10,0.618,13.4,-17.1,2.4,7.6,2000,2010,M
138,20170906.csv,HKSC151601,HK,11,1.056,13.9,-18,2,7,2000,2011,M
139,20170906.csv,HKSC151601,HK,12,1.274,13.9,-16.3,2,6.4,2000,2012,M
140,20170906.csv,HKSC151601,HK,13,1.614,14,-17.3,2,6.6,2000,2013,M
141,20170908.csv,HKSC101908,HK,1,0.672,13.9,-14.9,2.3,6,1992,1993,M
142,20170908.csv,HKSC101908,HK,2,0.627,11.8,-14.9,2.3,5.8,1992,1994,M
143,20170908.csv,HKSC101908,HK,3,0.729,12.3,-14.5,2.3,6,1992,1995,M
144,20170908.csv,HKSC101908,HK,4,0.803,12.5,-14.6,2.2,5.8,1992,1996,M
145,20170908.csv,HKSC101908,HK,5,0.602,12.3,-14.6,2.3,6,1992,1997,M
146,20170908.csv,HKSC101908,HK,6,0.609,10.4,-14.6,2.7,6.2,1992,1998,M
147,20170908.csv,HKSC101908,HK,7,0.803,13.7,-15.3,2.3,6.2,1992,1999,M
148,20170908.csv,HKSC101908,HK,8,0.667,14.3,-15.5,2.3,6.4,1992,2000,M
149,20170908.csv,HKSC101908,HK,9,0.773,14.5,-15.1,2.3,6.2,1992,2001,M
150,20170908.csv,HKSC101908,HK,10,0.549,14.8,-15.8,2.3,6.4,1992,2002,M
151,20170908.csv,HKSC101908,HK,11,0.483,14.5,-15.8,2.3,6.5,1992,2003,M
152,20170908.csv,HKSC101908,HK,12,0.552,15.4,-16.1,2.4,6.7,1992,2004,M
153,20170908.csv,HKSC101908,HK,13,0.59,15.7,-16.9,2.4,6.6,1992,2005,M
154,20170908.csv,HKSC101908,HK,14,0.542,14,-16.9,2.5,6.9,1992,2006,M
155,20170908.csv,HKSC101908,HK,15,0.609,15.1,-16.5,2.5,7,1992,2007,M
156,20170908.csv,HKSC122410,HK,1,1.04,16.8,-19.4,1.4,6.6,1983,1984,Un
157,20170908.csv,HKSC122410,HK,2,0.565,13.8,-18.2,1.8,7.8,1983,1985,Un
158,20170908.csv,HKSC122410,HK,3,0.536,13.5,-19.1,1.6,8,1983,1986,Un
159,20170908.csv,HKSC122410,HK,4,0.546,13.6,-16.9,1.6,6.6,1983,1987,Un
160,20170908.csv,HKSC122410,HK,5,0.529,13.2,-17.6,1.7,7.5,1983,1988,Un
161,20170908.csv,HKSC122410,HK,6,1.09,14.6,-18.2,1.5,7,1983,1989,Un
162,20170908.csv,HKSC122410,HK,15,0.513,12.6,-15.6,1.7,4.7,1983,1998,Un
163,20170908.csv,HKSC122410,HK,16,0.518,13.1,-14.8,2.1,5.3,1983,1999,Un
164,20170908.csv,HKSC122410,HK,17,0.452,12.2,-14.8,2,5.2,1983,2000,Un
165,20170908.csv,HKSC131708,HK,1,0.942,16.2,-17,1.8,6.8,1999,2000,F
166,20170908.csv,HKSC131708,HK,2,0.564,13.2,-16.6,2.1,7.4,1999,2001,F
167,20170908.csv,HKSC131708,HK,3,0.543,13.3,-17.3,1.9,7.5,1999,2002,F
168,20170908.csv,HKSC131708,HK,4,0.523,11.9,-17.4,1.9,7.1,1999,2003,F
169,20170908.csv,HKSC131708,HK,5,0.608,13.3,-16.6,1.9,6.9,1999,2004,F
170,20170908.csv,HKSC131708,HK,6,0.673,13.8,-16.7,1.9,7.2,1999,2005,F
171,20170908.csv,HKSC131708,HK,7,0.626,9,-12.9,2.2,6.1,1999,2006,F
172,20170908.csv,HKSC131708,HK,8,1.1,13.8,-12.9,2.4,6.7,1999,2007,F
173,20170908.csv,HKSC131708,HK,10,0.954,13.9,-13.3,2.5,7.2,1999,2009,F
174,20170908.csv,HKSC131708,HK,12,0.513,14.1,-15.7,2.1,8.4,1999,2011,F
175,20170908.csv,HKSC141008,HK,1,1.028,16.5,-19.3,1.8,7.7,1983,1984,F
176,20170908.csv,HKSC141008,HK,2,0.714,14.5,-19.1,1.9,7.7,1983,1985,F
177,20170908.csv,HKSC141008,HK,3,0.817,14.6,-18.2,1.8,7,1983,1986,F
178,20170908.csv,HKSC141008,HK,4,0.848,13.3,-18.7,1.9,7.4,1983,1987,F
179,20170908.csv,HKSC141008,HK,5,0.813,13.2,-17.5,1.8,7.3,1983,1988,F
180,20170908.csv,HKSC141008,HK,6,0.902,13,-17.7,1.9,7.7,1983,1989,F
181,20170908.csv,HKSC141008,HK,7,0.846,13,-17.7,2,7.5,1983,1990,F
182,20170908.csv,HKSC141008,HK,8,0.645,12.8,-16.8,2,7.1,1983,1991,F
183,20170908.csv,HKSC141008,HK,9,0.712,13.2,-17.2,2,7.6,1983,1992,F
184,20170908.csv,HKSC141008,HK,10,0.674,13.1,-17.1,2.1,7.7,1983,1993,F
185,20170908.csv,HKSC141008,HK,11,0.804,13.5,-7.8,1.9,7.6,1983,1994,F
186,20170908.csv,HKSC141008,HK,12,0.807,13.3,-17.6,2,7.8,1983,1995,F
187,20170908.csv,HKSC141008,HK,13,0.831,12.9,-17.5,1.9,7.6,1983,1996,F
188,20170908.csv,HKSC141008,HK,14,0.508,12.6,-16.5,2,7.1,1983,1997,F
189,20170908.csv,HKSC141008,HK,15,0.856,12.7,-14.8,2.3,6.6,1983,1998,F
190,20170908.csv,HKSC150505,HK,1,1.044,16.6,-16.4,2.2,6.2,1997,1998,M
191,20170908.csv,HKSC150505,HK,2,0.879,14.3,-16.8,2.3,6.1,1997,1999,M
192,20170908.csv,HKSC150505,HK,3,0.237,11.4,-18.5,1.9,6,1997,2000,M
193,20170908.csv,HKSC150505,HK,4,0.555,12.9,-16.4,2,5.7,1997,2001,M
194,20170908.csv,HKSC150505,HK,5,0.381,12.4,-18.4,2,5.9,1997,2002,M
195,20170908.csv,HKSC150505,HK,6,1.284,13.8,-18,2.1,5.9,1997,2003,M
196,20170908.csv,HKSC150505,HK,7,0.609,12.9,-17.3,2.1,6.1,1997,2004,M
197,20170908.csv,HKSC150505,HK,8,0.725,12.6,-17.9,2.2,6.1,1997,2005,M
198,20170908.csv,HKSC150505,HK,9,0.773,13.1,-17.8,2.3,6.4,1997,2006,M
199,20170908.csv,HKSC162306B,HK,1,2.172,16.8,-15,1.8,4.7,2006,2007,M
200,20170908.csv,HKSC162306B,HK,2,1.812,14.3,-14.9,2.1,5.3,2006,2008,M
201,20170908.csv,HKSC162306B,HK,3,1.674,14,-15.1,2.4,6,2006,2009,M
202,20170908.csv,HKSC162306B,HK,4,0.981,13.6,-15.5,2.2,5.7,2006,2010,M
203,20170908.csv,HKSC162306B,HK,5,1.331,14.7,-14.9,1.9,5.1,2006,2011,M
204,20170908.csv,HKSC162306B,HK,6,1.018,14.7,-14.8,2.4,6.3,2006,2012,M
205,20170908.csv,HKSC162306B,HK,7,0.902,14.4,-15.4,2.5,6.3,2006,2013,M
206,20170908.csv,HKSC162306B,HK,8,0.915,14.2,-15,2.1,5.5,2006,2014,M
207,20170908.csv,HKSC162306B,HK,9,0.883,13.6,-14.4,2.1,5.5,2006,2015,M
208,20171006.csv,HKSC111706,HK,1,0.926,14.5,-18.3,1.3,5,1990,1991,M
209,20171006.csv,HKSC111706,HK,2,0.73,13.3,-17.8,1.4,5.4,1990,1992,M
210,20171006.csv,HKSC111706,HK,3,0.88,12.9,-19.3,1.4,5.8,1990,1993,M
211,20171006.csv,HKSC111706,HK,4,0.527,12.4,-16.4,1.6,6.3,1990,1994,M
212,20171006.csv,HKSC111706,HK,6,0.69,13.2,-17.5,1.4,5.6,1990,1996,M
213,20171006.csv,HKSC111706,HK,8,0.907,15.3,-18.1,1.6,6,1990,1998,M
214,20171006.csv,HKSC111706,HK,10,1.037,14.5,-19,1.5,6,1990,2000,M
215,20171006.csv,HKSC111706,HK,11,0.784,14.1,-19.5,1.5,6.2,1990,2001,M
216,20171006.csv,HKSC111706,HK,12,0.778,12.8,-19.7,1.5,6.3,1990,2002,M
217,20171006.csv,HKSC111706,HK,13,0.687,12.7,-19.1,1.5,5.9,1990,2003,M
218,20171006.csv,HKSC111706,HK,14,0.617,13.1,-19.2,1.4,5.5,1990,2004,M
219,20171006.csv,HKSC111706,HK,15,1.154,14.4,-18.2,1.6,6.3,1990,2005,M
220,20171006.csv,HKSC120907,HK,1,1.863,15.8,-17.4,0.7,2.6,1986,1987,Un
221,20171006.csv,HKSC120907,HK,2,1.052,15.1,-16.4,1.5,5.4,1986,1988,Un
222,20171006.csv,HKSC120907,HK,3,0.629,15,-17.1,3.1,11.9,1986,1989,Un
223,20171006.csv,HKSC120907,HK,4,1.379,13.8,-17.9,0.8,3.3,1986,1990,Un
224,20171006.csv,HKSC120907,HK,5,0.386,13.1,-18.9,3.1,13.9,1986,1991,Un
225,20171006.csv,HKSC120907,HK,6,0.955,12.5,-18.9,0.8,3.9,1986,1992,Un
226,20171006.csv,HKSC120907,HK,7,0.92,13,-17.9,1.1,4.6,1986,1993,Un
227,20171006.csv,HKSC120907,HK,8,0.627,12.6,-16.8,1.2,5,1986,1994,Un
228,20171006.csv,HKSC120907,HK,9,0.487,13.3,-16.2,1.3,5.7,1986,1995,Un
229,20171006.csv,HKSC151608,HK,1,2.085,16.3,-13.5,1.6,4.9,1995,1996,F
230,20171006.csv,HKSC151608,HK,2,1.021,14.4,-19,1.5,7,1995,1997,F
231,20171006.csv,HKSC151608,HK,3,0.762,13.4,-18.7,1.4,6.1,1995,1998,F
232,20171006.csv,HKSC151608,HK,4,0.401,9.9,-17.4,1.5,6.4,1995,1999,F
233,20171006.csv,HKSC151608,HK,5,0.993,13.8,-17.7,1.5,6,1995,2000,F
234,20171006.csv,HKSC151608,HK,6,0.925,13.5,-18.4,1.5,6.4,1995,2001,F
235,20171006.csv,HKSC151608,HK,7,1.09,14.6,-18.2,1.6,6.6,1995,2002,F
236,20171006.csv,HKSC151608,HK,11,0.675,13.3,-18.3,1.5,6.4,1995,2006,F
237,20171006.csv,HKSC151608,HK,12,0.64,13.7,-18.2,1.5,6.5,1995,2007,F
238,20171009.csv,HKSC111706,HK,4,0.527,12.4,-16.4,1.58,6.32,1990,1994,M
239,20171009.csv,HKSC111706,HK,6,0.69,13.2,-17.5,1.36,5.59,1990,1996,M
240,20171009.csv,HKSC111706,HK,8,0.907,15.3,-18.1,1.57,5.97,1990,1998,M
241,20171009.csv,HKSC111706,HK,15,1.154,14.4,-18.2,1.58,6.29,1990,2005,M
254,20171009.csv,HKSC142409,HK,1,1.106,16.4,-17.2,1.2,5.7,1996,1997,F
255,20171009.csv,HKSC142409,HK,2,1.016,16.6,-17.6,1.4,6.4,1996,1998,F
256,20171009.csv,HKSC142409,HK,3,0.878,14.7,-19.5,1.4,6.5,1996,1999,F
257,20171009.csv,HKSC142409,HK,4,0.839,15.1,-19,1.5,6.6,1996,2000,F
258,20171009.csv,HKSC142409,HK,5,0.9,14.6,-19.3,1.4,6.6,1996,2001,F
259,20171009.csv,HKSC142409,HK,6,1.03,13.6,-18.4,1.5,6.5,1996,2002,F
260,20171009.csv,HKSC142409,HK,7,0.884,14,-17.8,1.6,7,1996,2003,F
261,20171009.csv,HKSC142409,HK,8,0.798,14.4,-19.2,1.3,6.6,1996,2004,F
263,20171009.csv,HKSC142409,HK,10,0.72,14.4,-17.4,1.4,6.1,1996,2006,F
264,20171009.csv,HKSC142409,HK,11,0.535,12.9,-18,1.2,5.4,1996,2007,F
265,20171009.csv,HKSC142409,HK,12,0.639,14.4,-17.3,1.4,6.1,1996,2008,F
266,20171009.csv,HKSC152403,HK,1,1.633,17,-19.3,1.13,5.4,2003,2004,F
267,20171009.csv,HKSC152403,HK,2,0.855,16.3,-18.8,1.57,6.92,2003,2005,F
268,20171009.csv,HKSC152403,HK,3,0.643,15.5,-18.2,1.64,6.7,2003,2006,F
269,20171009.csv,HKSC152403,HK,4,0.646,14.1,-18.9,1.59,6.99,2003,2007,F
270,20171009.csv,HKSC152403,HK,5,0.875,15.6,-17.5,1.6,7.1,2003,2008,F
271,20171009.csv,HKSC152403,HK,7,0.471,14.7,-16.8,1.7,6.9,2003,2010,F
272,20180905.csv,JMSC170512,NA,1,0.987,16.1,-14.5,2.8,7.6,2007,2008,Un
273,20180905.csv,JMSC170512,NA,2,0.807,14.2,-15.5,2.8,7.7,2007,2009,Un
274,20180905.csv,JMSC170512,NA,4,0.779,15.7,-11.4,3.3,8.7,2007,2011,Un
275,20180905.csv,JMSC170512,NA,5,0.643,14.2,-14,3,8.6,2007,2012,Un
276,20180905.csv,JMSC170512,NA,7,0.451,12.4,-14.3,2.9,8.1,2007,2014,Un
277,20180906.csv,JMSC170512,NA,8,0.527,11.8,-14.8,2.9,8.2,2007,2015,Un
278,20180906.csv,JMSC170512,NA,9,0.448,10.7,-15.1,2.9,8.4,2007,2016,Un
279,20180906.csv,JMSC170512,NA,10,0.533,10.8,-15.6,2.8,8,2007,2017,Un
280,20180906.csv,HKSC162306A,HK,1,1.294,15.3,-13.1,3,8.9,2015,2016,M
281,20180906.csv,JMSC170219,WPRE,1,2.362,17,-14.7,2.1,5.9,2005,2006,M
282,20180906.csv,JMSC170219,WPRE,2,1.911,16.1,-15,2.1,5.9,2005,2007,M
283,20180906.csv,JMSC170219,WPRE,3,1.822,15.6,-14.9,2.2,6.3,2005,2008,M
284,20180906.csv,JMSC170219,WPRE,4,1.537,14.8,-14.9,2.3,6.5,2005,2009,M
285,20180906.csv,JMSC170219,WPRE,5,1.355,14.1,-15,2.3,6.5,2005,2010,M
286,20180906.csv,JMSC170219,WPRE,6,0.675,13.9,-14.5,3,8.5,2005,2011,M
287,20180906.csv,JMSC170219,WPRE,7,0.876,13.6,-14.5,2.9,8.1,2005,2012,M
288,20180906.csv,JMSC170219,WPRE,9,0.668,13.1,-14.8,2.8,7.9,2005,2014,M
289,20180906.csv,JMSC170219,WPRE,10,0.612,13.3,-14.8,2.8,7.7,2005,2015,M
290,20180906.csv,JMSC170219,WPRE,11,0.735,11.9,-14.5,3.2,8.2,2005,2016,M
291,20180906.csv,JMSC170515,WPRE,1,0.532,13.5,-12.8,2.3,6.3,2016,2017,M
292,20180906.csv,JMSC170920,MPRE,1,1.291,13.8,-14.1,1.3,3.8,2000,2001,F
293,20180906.csv,JMSC170920,MPRE,2,1.152,13.6,-14,2.3,6.4,2000,2002,F
294,20180906.csv,JMSC170920,MPRE,3,0.74,14.4,-14.4,3.9,11.3,2000,2003,F
295,20180906.csv,JMSC170920,MPRE,4,0.894,16,-13.7,3.8,10.5,2000,2004,F
296,20180906.csv,JMSC170920,MPRE,5,0.5,13.2,-13.6,2.9,8.1,2000,2005,F
297,20180906.csv,JMSC170920,MPRE,6,0.639,12.4,-14,2.7,7.5,2000,2006,F
298,20180906.csv,JMSC170920,MPRE,7,0.564,12.5,-14,2.8,7.8,2000,2007,F
299,20180906.csv,JMSC170920,MPRE,8,0.373,12.8,-14,2.9,8,2000,2008,F
300,20180906.csv,JMSC170920,MPRE,9,0.407,12.3,-14.3,2.8,7.7,2000,2009,F
301,20180906.csv,JMSC170920,MPRE,10,0.419,12.2,-14.3,2.7,7.7,2000,2010,F
302,20180906.csv,JMSC170920,MPRE,11,0.34,12.1,-13.8,2.7,7.6,2000,2011,F
303,20180906.csv,JMSC170920,MPRE,12,0.341,12.1,-14.2,2.8,7.6,2000,2012,F
304,20180907.csv,JMSC140422,WPRE,1,1.351,17.7,-17.4,2.4,7.7,2007,2008,F
305,20180907.csv,JMSC140422,WPRE,2,1.816,17.1,-16.1,0.6,1.8,2007,2009,F
306,20180907.csv,JMSC140422,WPRE,3,1.643,15,-15.6,2.1,6,2007,2010,F
307,20180907.csv,JMSC140422,WPRE,4,1.003,14.3,-15.1,2.5,6.7,2007,2011,F
308,20180907.csv,JMSC140422,WPRE,5,1.002,14.7,-15.2,2,5.9,2007,2012,F
309,20180907.csv,JMSC140422,WPRE,6,0.74,14.7,-16,2.6,7.8,2007,2013,F
310,20180907.csv,JMSC140422,WPRE,7,0.603,14.2,-15.6,2.8,8,2007,2014,F
311,P7,JMSC140422-2,WPRE,1,1.76,18.4,-15,2.28,6.43,2007,2008,F
312,P8,JMSC140422-2,WPRE,2,1.056,15.8,-15.3,2.45,6.92,2007,2009,F
313,P9,JMSC140422-2,WPRE,3,0.639,14.3,-15.4,2.45,6.77,2007,2010,F
314,P10,JMSC140422-2,WPRE,4,0.989,15.1,-14.7,2.34,6.76,2007,2011,F
315,P11,JMSC140422-2,WPRE,5,0.799,13.9,-15.1,2.35,6.66,2007,2012,F
316,P12,JMSC140422-2,WPRE,6,0.71,13.6,-15.7,2.54,7.22,2007,2013,F
317,20180907.csv,JMSC150121,WPRE,1,0.419,15.7,-13.5,7.9,20.8,2004,2005,F
318,20180907.csv,JMSC150121,WPRE,2,0.763,13.8,-14,2.5,6.8,2004,2006,F
319,20180907.csv,JMSC150121,WPRE,3,0.528,13.1,-14.1,2.7,7.6,2004,2007,F
320,20180907.csv,JMSC150121,WPRE,4,0.353,12.6,-14,3.2,8.9,2004,2008,F
321,20180907.csv,JMSC150121,WPRE,5,0.557,12.6,-13.9,2.8,7.8,2004,2009,F
322,20180907.csv,JMSC150121,WPRE,6,0.386,12.9,-13.7,2.9,8,2004,2010,F
323,20180907.csv,JMSC150121,WPRE,7,0.381,12.6,-13.7,2.8,7.6,2004,2011,F
324,20180907.csv,JMSC150121,WPRE,8,0.624,14,-13.6,2.3,6.6,2004,2012,F
325,20180907.csv,JMSC150121,WPRE,9,0.213,11,-14,3.5,9.3,2004,2013,F
326,20180907.csv,JMSC150121,WPRE,10,0.218,10.5,-14.2,3.3,8.6,2004,2014,F
327,20180907.csv,MASC170718,MPRE,1,1.151,15.6,-15.7,2.5,6.6,2008,2009,M
328,20180907.csv,MASC170718,MPRE,2,1.212,14.6,-15.6,0.8,2.3,2008,2010,M
329,20180907.csv,MASC170718,MPRE,3,1.042,14.4,-16.5,2.6,7.2,2008,2011,M
330,20180907.csv,MASC170718,MPRE,4,1.123,14.6,-17.5,2.5,7.2,2008,2012,M
331,20180907.csv,MASC170718,MPRE,5,1.201,14.4,-17.5,2.5,7.4,2008,2013,M
332,20180907.csv,MASC170718,MPRE,6,1.403,14.6,-16.7,1.9,5.6,2008,2014,M
333,20180921.csv,MASC170718,MPRE,7,1.068,12.4,-16.5,2.8,8.2,2008,2015,M
334,20180921.csv,MASC170718,MPRE,8,1.004,11.7,-16.8,2.6,7.6,2008,2016,M
335,20180921.csv,JMSC170201,WPRE,1,1.102,16.6,-14.4,2.2,6.1,2009,2010,F
336,20180921.csv,JMSC170201,WPRE,2,0.873,15.1,-14.3,2.6,7.4,2009,2011,F
337,20180921.csv,MASC160323,MPRE,1,1.1,14.8,-15.1,2.3,6.6,2008,2009,F
338,20180921.csv,MASC160323,MPRE,2,0.861,14.2,-15.1,2.5,7.2,2008,2010,F
339,20180921.csv,MASC160323,MPRE,3,1.012,13.7,-15.3,2.5,7.1,2008,2011,F
340,20180921.csv,MASC160323,MPRE,4,0.937,13.8,-15.3,2.4,7.1,2008,2012,F
341,20180921.csv,MASC160323,MPRE,5,1.042,13.6,-14.9,2.4,6.8,2008,2013,F
342,20180921.csv,MASC160323,MPRE,6,1.37,14.1,-15.3,2.5,7.4,2008,2014,F
343,20180921.csv,MASC160323,MPRE,7,0.658,14,-14.9,2.8,8.3,2008,2015,F
344,20180921.csv,MASC160323,MPRE,8,0.745,13.1,-14.6,2.7,7.7,2008,2016,F
345,20180921.csv,MASC160323,MPRE,9,0.461,12.2,-15.2,3.1,9,2008,2017,F
346,20180921.csv,ZHSC180117,MPRE,1,2.42,16.8,-14.9,2.2,6.4,2010,2011,M
347,20180921.csv,ZHSC180117,MPRE,2,2.202,13.9,-16.1,0.9,2.7,2010,2012,M
348,20180921.csv,ZHSC180117,MPRE,3,0.929,13,-16.1,1.4,4.2,2010,2013,M
349,20180921.csv,ZHSC180117,MPRE,4,0.937,13.8,-15.6,2.8,8.2,2010,2014,M
350,20180921.csv,ZHSC180117,MPRE,5,1.207,13.3,-15.6,2.7,8,2010,2015,M
351,20180921.csv,ZHSC180117,MPRE,6,0.925,12.1,-16.4,2.8,8.2,2010,2016,M
352,20180921.csv,ZHSC180117,MPRE,7,0.858,12.4,-15.9,3,8.6,2010,2017,M
353,20180927.csv,JMSC170201,WPRE,3,0.721,13.7,-14.4,2.3,6.4,2009,2012,F
354,20180927.csv,JMSC170201,WPRE,4,0.592,12.9,-15.3,2.4,7,2009,2013,F
355,20180927.csv,JMSC170201,WPRE,5,0.504,12.5,-15,2.9,8.2,2009,2014,F
356,20180927.csv,JMSC170201,WPRE,6,0.546,11.8,-14.4,2.8,7.7,2009,2015,F
357,20180927.csv,JMSC170201,WPRE,7,0.56,13.8,-14.9,3.3,9.6,2009,2016,F
358,20180927.csv,ZHSC160614,NA,1,3.576,16.9,-12.3,1.3,3.4,2011,2012,Un
359,20180927.csv,ZHSC160614,NA,2,2.849,12.9,-14.8,0.3,0.9,2011,2013,Un
360,20180927.csv,ZHSC160614,NA,3,2.227,15.9,-13,1.7,5.1,2011,2014,Un
361,20180927.csv,ZHSC160614,NA,4,1.792,20.6,-18.4,1.8,5.4,2011,2015,Un
362,20180927.csv,ZHSC161214,MPRE,0,1.498,16.6,-16,2.4,7,2009,2009,M
363,20180927.csv,ZHSC161214,MPRE,1,1.418,14.4,-17.2,2.2,6.7,2009,2010,M
364,20180927.csv,ZHSC161214,MPRE,2,1.285,14.5,-17.7,2.5,7.8,2009,2011,M
365,20180927.csv,ZHSC161214,MPRE,4,1.085,13.5,-18,2.3,7.1,2009,2013,M
366,20180927.csv,ZHSC161214,MPRE,5,1.654,13.5,-17.8,2.4,7.4,2009,2014,M
367,20180927.csv,ZHSC161214,MPRE,6,1.627,12.5,-18,2.1,6.2,2009,2015,M
368,20181206.csv,ZHSC160617,MPRE,2,1.14,15.1,-13.6,2.3,6.7,2004,2006,F
369,20181206.csv,ZHSC160617,MPRE,3,0.786,13.3,-14.4,2.4,6.9,2004,2007,F
370,20181206.csv,ZHSC160617,MPRE,4,0.672,12.5,-14.9,2.3,6.7,2004,2008,F
371,20181206.csv,ZHSC160617,MPRE,5,1.633,14.4,-14,2.2,6.5,2004,2009,F
372,20181206.csv,ZHSC160617,MPRE,6,1.164,17.1,-9.9,2.3,7,2004,2010,F
373,20181206.csv,ZHSC160617,MPRE,7,1.211,13.7,-14.5,2.3,6.8,2004,2011,F
374,20181206.csv,ZHSC160617,MPRE,8,0.84,13.3,-14.6,2.4,7.1,2004,2012,F
375,20181206.csv,ZHSC160617,MPRE,9,0.86,13.7,-14.6,2.4,7,2004,2013,F
376,20181206.csv,ZHSC160617,MPRE,10,0.869,15,-14.5,2.4,7.1,2004,2014,F
377,20181206.csv,ZHSC170407,MPRE,2,2.293,16.4,-15.6,2.8,8.1,2013,2015,M
378,20181206.csv,ZHSC170407,MPRE,3,2.318,14.7,-15.1,2.4,7.1,2013,2016,M
379,20181206.csv,ZHSC170407,MPRE,4,1.713,12.4,-16.1,2.5,7.3,2013,2017,M
380,20181206.csv,ZHSC170502,MPRE,1,2.091,16.3,-14.6,2.2,6.3,2014,2015,M
381,20181206.csv,ZHSC170502,MPRE,2,1.955,14.7,-16.4,2.2,6.5,2014,2016,M
382,20181206.csv,ZHSC170502,MPRE,3,1.64,13.9,-16.6,2.4,7,2014,2017,M
383,20181206.csv,ZHSC170907,WPRE,1,1.368,16,-14.3,1.9,5.5,1996,1997,F
384,20181206.csv,ZHSC170907,WPRE,2,1.345,14.7,-15,2.1,6.1,1996,1998,F
385,20181206.csv,ZHSC170907,WPRE,3,1.319,13.8,-14.9,2.1,6.3,1996,1999,F
386,20181206.csv,ZHSC170907,WPRE,4,1.653,13.7,-14.7,2.1,6.3,1996,2000,F
387,20181206.csv,ZHSC170907,WPRE,5,1.502,14.3,-14.5,2.1,6.4,1996,2001,F
388,20181206.csv,ZHSC170907,WPRE,7,1.821,21.6,-15.6,2.3,7.2,1996,2003,F
389,20181206.csv,ZHSC170907,WPRE,8,1.16,18.7,-15.6,2.2,7,1996,2004,F
390,20190129.csv,ZHSC170907,WPRE,9,1.128,13.7,-14.4,2.39,6.96,1996,2005,F
391,20190129.csv,ZHSC170907,WPRE,10,1.039,14.2,-14.7,2.56,7.35,1996,2006,F
392,20190129.csv,ZHSC170907,WPRE,11,0.938,14,-15,2.59,7.44,1996,2007,F
393,20190129.csv,ZHSC170907,WPRE,13,0.813,14.3,-15.3,2.52,7.44,1996,2009,F
394,20190129.csv,ZHSC170907,WPRE,14,0.81,13.6,-14.9,2.55,7.51,1996,2010,F
395,20190129.csv,ZHSC170907,WPRE,15,0.824,13.8,-17.3,3.5,10.32,1996,2011,F
396,20190129.csv,ZHSC101003,EPRE,2,2.769,15.6,-15,2.05,6.03,2004,2006,M
397,20190129.csv,ZHSC101003,EPRE,3,1.939,15.3,-15.1,2.32,6.8,2004,2007,M
398,20190129.csv,ZHSC101003,EPRE,4,1.97,15,-15.3,2.25,6.73,2004,2008,M
399,20190129.csv,ZHSC101003,EPRE,5,2.18,14.8,-15.3,2.31,6.92,2004,2009,M
400,20190129.csv,ZHSC101003,EPRE,6,1.524,14.1,-15.3,2.4,7.16,2004,2010,M
401,20190129.csv,ZHSC170718,MPRE,0,2.665,17.9,-15.2,2.33,6.68,2007,2007,M
402,20190129.csv,ZHSC170718,MPRE,1,1.872,16.8,-15.5,2.55,7.39,2007,2008,M
403,20190129.csv,ZHSC170718,MPRE,2,1.586,15.7,-16.1,2.57,7.48,2007,2009,M
404,20190129.csv,ZHSC170718,MPRE,3,1.414,15,-16.9,2.73,8.02,2007,2010,M
405,20190129.csv,ZHSC170718,MPRE,5,1.513,13.8,-16.3,2.55,7.36,2007,2012,M
406,20190129.csv,ZHSC170718,MPRE,6,1.112,13.4,-15.9,2.6,7.76,2007,2013,M
407,20190129.csv,ZHSC170718,MPRE,7,0.798,12.2,-16.6,2.84,8.4,2007,2014,M
408,20190129.csv,ZHSC110915,EPRE,1,1.488,16.8,-16.4,2.43,6.87,2004,2005,F
409,20190129.csv,ZHSC110915,EPRE,2,1.599,15.7,-17.3,2.54,7.42,2004,2006,F
410,20190129.csv,ZHSC110915,EPRE,3,1.589,15.3,-17.5,2.35,6.96,2004,2007,F
411,20190129.csv,ZHSC110915,EPRE,4,1.577,15.3,-17.9,2.35,6.95,2004,2008,F
412,20190129.csv,ZHSC110915,EPRE,5,1.871,14.8,-17.8,2.57,7.59,2004,2009,F
413,20190129.csv,ZHSC110915,EPRE,6,1.069,14.1,-18.2,2.78,8.22,2004,2010,F
414,20190129.csv,ZHSC170920,MPRE,0,3.483,19.5,-14.3,2.28,6.52,2009,2009,F
415,20190129.csv,ZHSC170920,MPRE,1,2.238,17.5,-14.7,2.38,6.94,2009,2010,F
416,20190129.csv,ZHSC170920,MPRE,2,2.042,16.5,-14.6,2.46,7.34,2009,2011,F
417,20190129.csv,ZHSC170920,MPRE,3,1.746,15.8,-14.5,2.47,7.46,2009,2012,F
418,20190129.csv,ZHSC170920,MPRE,4,1.469,14.8,-15,2.62,7.98,2009,2013,F
419,20190129.csv,ZHSC170920,MPRE,5,1.248,14.4,-14.9,2.59,7.96,2009,2014,F
420,20190129.csv,ZHSC100722,EPRE,1,0.96,15.6,-14.3,2.44,7.01,2003,2004,M
421,20190129.csv,ZHSC100722,EPRE,3,1.234,14.6,-14.6,2.53,7.49,2003,2006,M
422,20190129.csv,ZHSC100722,EPRE,4,1.15,14.5,-14.8,2.42,7.21,2003,2007,M
423,20190129.csv,ZHSC100722,EPRE,5,1.316,14.5,-15,2.35,7.12,2003,2008,M
424,20190129.csv,ZHSC100722,EPRE,6,0.861,13.8,-14.9,2.39,7.14,2003,2009,M
425,20190129.csv,ZHSC100722,EPRE,7,0.649,13.3,-14.9,2.65,7.97,2003,2010,M
426,20190129.csv,ZHSC170711,MPRE,1,2.12,17.7,-13.9,1.98,5.67,1993,1994,F
427,20190129.csv,ZHSC170711,MPRE,2,1.927,15.7,-14.4,2.19,6.3,1993,1995,F
428,20190129.csv,ZHSC170711,MPRE,3,2.135,14.7,-14.6,2.24,6.45,1993,1996,F
429,20190129.csv,ZHSC170711,MPRE,4,2.485,13.8,-14.2,2.09,6.14,1993,1997,F
430,20190129.csv,ZHSC170711,MPRE,5,2.27,13.6,-14.1,2.24,6.61,1993,1998,F
431,20190129.csv,ZHSC170711,MPRE,6,1.818,13,-13.7,2.56,7.59,1993,1999,F
432,20190129.csv,ZHSC170711,MPRE,7,2.107,13.1,-13.7,2.14,6.4,1993,2000,F
433,20190129.csv,ZHSC170711,MPRE,8,2.145,13.5,-13.8,2.34,7,1993,2001,F
434,20190129.csv,ZHSC170711,MPRE,10,2.22,13.6,-14.2,2.25,6.79,1993,2003,F
435,20190129.csv,ZHSC170711,MPRE,11,1.323,13.2,-14,2.28,6.81,1993,2004,F
436,20190129.csv,ZHSC170711,MPRE,12,1.139,13.4,-13.9,2.42,7.28,1993,2005,F
437,20190129.csv,ZHSC170711,MPRE,13,0.747,12.2,-13.9,2.48,7.42,1993,2006,F
438,20190129.csv,ZHSC170711,MPRE,14,0.689,12.2,-14.1,2.5,7.5,1993,2007,F
439,20190129.csv,ZHSC170711,MPRE,15,0.702,12.2,-14.6,2.6,8,1993,2008,F
440,20190129.csv,ZHSC170827,MPRE,1,2.084,15.3,-14.2,2.19,6.2,1997,1998,F
442,20190129.csv,ZHSC170827,MPRE,3,1.491,13.5,-14,2.33,6.91,1997,2000,F
443,20190129.csv,ZHSC170827,MPRE,4,1.354,12.9,-13.8,2.22,6.62,1997,2001,F
444,20190129.csv,ZHSC170827,MPRE,5,1.334,13.4,-13.8,2.26,6.78,1997,2002,F
445,20190129.csv,ZHSC170827,MPRE,6,1.246,13.3,-13.6,2.23,6.64,1997,2003,F
446,20190129.csv,ZHSC170827,MPRE,7,0.857,13,-13.8,2.4,7.19,1997,2004,F
447,20190129.csv,ZHSC170827,MPRE,8,1.315,13.3,-13.7,2.37,7.1,1997,2005,F
448,20190129.csv,ZHSC170827,MPRE,9,1.094,13.3,-13.5,2.52,7.52,1997,2006,F
449,20190129.csv,ZHSC170827,MPRE,10,1.139,13.3,-14.2,2.55,7.7,1997,2007,F
450,20190129.csv,ZHSC170827,MPRE,11,1.074,13.5,-14,2.41,7.22,1997,2008,F
451,20190129.csv,ZHSC170827,MPRE,12,0.819,13.3,-14,2.48,7.41,1997,2009,F
452,20190129.csv,ZHSC170827,MPRE,13,0.638,12.7,-14.5,2.49,7.51,1997,2010,F
453,20190129.csv,ZHSC170827,MPRE,14,0.729,12.9,-14,2.52,7.57,1997,2011,F
454,20190129.csv,ZHSC170827,MPRE,15,0.681,12.7,-14,2.58,7.67,1997,2012,F
455,20190129.csv,ZHSC170907,WPRE,12,0.866,13.9,-15.1,2.46,7.43,1996,2008,F
457,G2,HKSC170809,HK,2,0.814,13.5,-13.8,2.21,6.54,2002,2004,F
458,G3,HKSC170809,HK,3,1.519,13.9,-13.3,2.1,6.17,2002,2005,F
459,G4,HKSC170809,HK,4,1.059,13.7,-13.5,2.17,6.43,2002,2006,F
460,G5,HKSC170809,HK,5,0.931,13.5,-13.8,2.05,6.22,2002,2007,F
461,G6,HKSC170809,HK,6,1.432,14.1,-13.4,2.24,6.74,2002,2008,F
462,G7,HKSC170809,HK,7,1.122,14.5,-13.5,2.29,6.92,2002,2009,F
463,G8,HKSC170809,HK,8,0.796,14.1,-13.7,2.24,6.77,2002,2010,F
464,G9,HKSC170809,HK,9,1.037,14.5,-13.2,2.26,6.75,2002,2011,F
465,G10,HKSC170809,HK,10,0.933,14.8,-13.1,2.3,6.93,2002,2012,F
466,G11,HKSC170809,HK,11,0.864,14.6,-13.1,2.27,6.81,2002,2013,F
467,G12,HKSC170809,HK,12,0.826,14.6,-13.6,2.26,7.03,2002,2014,F
468,G13,HKSC170809,HK,13,0.715,14.6,-13.8,2.2,6.8,2002,2015,F
469,G14,HKSC170809,HK,14,0.662,15.1,-13.6,2.37,7.25,2002,2016,F
470,G15,HKSC110602-2,HK,1,2.31,16.1,-14,1.97,5.71,1988,1989,F
471,G16,HKSC110602-2,HK,2,1.964,13.1,-14.1,2.22,6.38,1988,1990,F
472,G17,HKSC110602-2,HK,3,1.847,12.8,-14.5,2.06,6.17,1988,1991,F
473,G18,HKSC110602-2,HK,4,1.865,12.5,-14.5,1.98,5.83,1988,1992,F
474,G19,HKSC110602-2,HK,5,1.563,11.6,-14.4,2.14,6.36,1988,1993,F
475,G20,HKSC110602-2,HK,6,2.323,11.6,-14.1,2.03,6.01,1988,1994,F
476,G21,HKSC110602-2,HK,7,1.423,11.8,-14.9,2.11,6.91,1988,1995,F
477,G22,HKSC110602-2,HK,8,1.262,12.7,-13.8,2.11,6.36,1988,1996,F
478,G23,HKSC110602-2,HK,9,1.366,12.9,-14.1,2.17,6.36,1988,1997,F
479,G24,HKSC110602-2,HK,10,1.462,12.4,-13.8,2.08,6.19,1988,1998,F
480,G25,HKSC110602-2,HK,11,1.167,12.7,-14.3,2.19,6.69,1988,1999,F
481,G26,HKSC110602-2,HK,12,1.271,12,-13.8,2.24,6.74,1988,2000,F
496,G41,HKSC140407,HK,1,2.585,15.9,-15.1,2.01,5.69,2002,2003,Un
497,G42,HKSC140407,HK,2,1.439,14.1,-14.5,2.27,6.73,2002,2004,Un
498,G43,HKSC140407,HK,3,1.382,13.3,-15,2.11,5.99,2002,2005,Un
499,G44,HKSC140407,HK,4,1.275,13.6,-13.8,2.19,6.69,2002,2006,Un
500,G45,HKSC140407,HK,5,1.066,13.4,-14.4,2.05,6.25,2002,2007,Un
501,G46,HKSC140407,HK,6,0.886,12.5,-14.2,1.96,5.7,2002,2008,Un
502,G47,HKSC140407,HK,7,0.836,13.2,-14.7,2.08,6.4,2002,2009,Un
503,G48,HKSC140407,HK,8,1.692,13.9,-14.1,2.13,6.37,2002,2010,Un
504,G49,HKSC140407,HK,9,1.042,13.5,-13.6,2.14,6.55,2002,2011,Un
505,G50,HKSC140407,HK,10,0.96,13.6,-13.5,2.25,6.86,2002,2012,Un
506,G51,HKSC140407,HK,11,0.948,12.9,-13.9,2.25,6.79,2002,2013,Un
507,G52,HKSC140407,HK,12,0.8,12.7,-13.8,2.42,7.31,2002,2014,Un
508,G53,ZHSC100419,MPRE,1,1.243,17,-14.2,2.05,5.97,1992,1993,M
509,G54,ZHSC100419,MPRE,2,1.289,14.5,-14.8,2.24,6.6,1992,1994,M
510,G55,ZHSC100419,MPRE,3,1.091,13.8,-14.6,2.07,6.16,1992,1995,M
511,G56,ZHSC100419,MPRE,4,1.015,13.5,-14.7,2.05,6.14,1992,1996,M
512,G57,ZHSC100419,MPRE,5,0.857,13.3,-14.2,2.07,6.21,1992,1997,M
513,G58,ZHSC100419,MPRE,6,1.102,13.5,-14.4,1.97,5.82,1992,1998,M
514,G59,ZHSC100419,MPRE,7,0.695,13.7,-15.1,2.18,6.61,1992,1999,M
515,G60,ZHSC100419,MPRE,8,0.614,13.5,-15.4,2.04,6.18,1992,2000,M
516,G61,ZHSC100419,MPRE,9,0.733,13.5,-15.8,2.15,6.54,1992,2001,M
517,G62,ZHSC100419,MPRE,10,0.651,13.8,-15.9,2.14,6.52,1992,2002,M
518,G63,ZHSC100419,MPRE,11,0.908,14.4,-15.2,2.35,7.02,1992,2003,M
519,G64,ZHSC100419,MPRE,12,0.686,13.8,-15.4,2.36,7.05,1992,2004,M
520,G65,ZHSC100419,MPRE,13,0.614,13,-14.7,2.41,7.26,1992,2005,M
521,G66,ZHSC100419,MPRE,14,0.571,13.6,-15.6,2.412,7.37,1992,2006,M
522,G67,ZHSC100419,MPRE,15,0.511,14,-15.8,2.613,7.753,1992,2007,M
523,G68,ZHSC100419,MPRE,16,0.527,14.1,-17.4,2.566,7.55,1992,2008,M
524,G69,ZHSC170521,MPRE,0,1.856,17.9,-13.7,1.914,5.441,2002,2002,F
525,G70,ZHSC170521,MPRE,1,1.253,15.9,-14.9,2.219,6.43,2002,2003,F
526,G71,ZHSC170521,MPRE,2,1.432,15.2,-14.2,2.111,6.325,2002,2004,F
527,G72,ZHSC170521,MPRE,3,0.956,14.2,-14.1,2.14,6.41,2002,2005,F
528,G73,ZHSC170521,MPRE,4,0.726,13.9,-14.1,2.205,6.614,2002,2006,F
529,G74,ZHSC170521,MPRE,5,1.706,14.6,-13.9,2.175,6.544,2002,2007,F
530,G75,ZHSC170521,MPRE,6,0.917,14.8,-14.4,2.481,7.332,2002,2008,F
531,G76,ZHSC170521,MPRE,7,NA,NA,NA,NA,NA,2002,2009,F
532,G77,ZHSC170521,MPRE,8,0.869,15.4,-14.8,2.586,7.686,2002,2010,F
533,G78,ZHSC170521,MPRE,9,1.174,15.4,-14.7,2.543,7.472,2002,2011,F
534,G79,ZHSC170521,MPRE,10,0.702,14.5,-15.4,2.55,7.825,2002,2012,F
535,H1,HKSC151601_Hope,HK,1,0.607,14.8,-14.9,2.81,8.24,1986,1987,M
536,H10,HKSC151601_Hope,HK,10,0.558,13,-14.5,2.94,8.49,1986,1996,M
537,H11,HKSC151601_Hope,HK,11,0.653,12.9,-14.5,3.05,8.86,1986,1997,M
538,H12,HKSC151601_Hope,HK,12,0.597,12.8,-14.8,3.02,8.75,1986,1998,M
539,H13,HKSC151601_Hope,HK,13,0.49,12.8,-14.7,3.25,9.29,1986,1999,M
540,H14,HKSC151601_Hope,HK,14,0.514,12.6,-14.7,3.27,9.48,1986,2000,M
541,H15,HKSC151601_Hope,HK,15,0.508,12.4,-14.7,3.26,9.63,1986,2001,M
542,H16,HKSC151601_Hope,HK,16,0.407,12.5,-14.5,3.37,9.65,1986,2002,M
543,H17,HKSC151601_Hope,HK,17,0.329,10.7,-15.1,3.6,10.51,1986,2003,M
544,H18,HKSC151601_Hope,HK,18,0.413,11.2,-15,3.32,9.65,1986,2004,M
545,H19,HKSC151601_Hope,HK,19,0.302,11.3,-15.2,3.8,10.95,1986,2005,M
546,H2,HKSC151601_Hope,HK,2,0.831,14,-15.1,2.56,7.61,1986,1988,M
547,H3,HKSC151601_Hope,HK,3,0.96,13.5,-15,2.67,7.91,1986,1989,M
548,H4,HKSC151601_Hope,HK,4,0.96,13.3,-15.2,2.12,6.31,1986,1990,M
549,H5,HKSC151601_Hope,HK,5,0.643,12.6,-15,2.77,8.15,1986,1991,M
550,H6,HKSC151601_Hope,HK,6,0.748,12.7,-14.9,2.75,8.05,1986,1992,M
551,H7,HKSC151601_Hope,HK,7,0.98,13.6,-14.4,2.75,8.06,1986,1993,M
552,H8,HKSC151601_Hope,HK,8,1.037,13.5,-14.7,2.75,8.18,1986,1994,M
553,H9,HKSC151601_Hope,HK,9,0.722,13.3,-14.6,2.93,8.6,1986,1995,M
554,P1,ZHSC160302,MPRE,0,0.753,14.9,-15.4,2.36,6.45,2008,2008,M
555,P2,ZHSC160302,MPRE,1,0.97,14.9,-17.8,2.27,5.9,2008,2009,M
556,P3,ZHSC160302,MPRE,2,0.68,12.2,-15.2,2.16,5.94,2008,2010,M
557,P4,ZHSC160302,MPRE,3,0.808,13.8,-15.2,2.27,6.7,2008,2011,M
558,P5,ZHSC160302,MPRE,4,0.705,13.3,-15,2.3,6.61,2008,2012,M
559,P6,ZHSC160302,MPRE,5,0.676,13.1,-15,2.35,6.78,2008,2013,M
560,P13,JMSC170818,NA,1,1.084,14.6,-13.7,2.35,6.8,2012,2013,Un
561,P14,JMSC170818,NA,2,0.608,13.5,-13.7,2.51,7.19,2012,2014,Un
562,P15,JMSC170818,NA,3,0.603,12.5,-13.7,2.26,6.55,2012,2015,Un
563,P16,JMSC170818,NA,4,0.446,11.7,-14.5,2.58,7.51,2012,2016,Un
564,P17,ZHSC110512,EPRE,1,1.399,17.4,-16.1,2.04,5.95,2006,2007,M
565,P18,ZHSC110512,EPRE,2,1.056,16.2,-16.6,2.21,6.38,2006,2008,M
566,P19,ZHSC110512,EPRE,3,1.009,15.5,-17,2.34,6.7,2006,2009,M
567,P20,ZHSC110512,EPRE,4,1.145,15.6,-17.2,2.45,7.05,2006,2010,M
568,P21,ZHSC110512,EPRE,5,1.176,15.2,-17.6,2.43,7.24,2006,2011,M
569,P22,ZHSC110512,EPRE,6,1.005,14.7,-17.5,2.46,7.01,2006,2012,M
570,P23,ZHSC110512,EPRE,7,0.921,14.9,-17.6,2.49,7.32,2006,2013,M
571,P24,ZHSC171003,EPRE,1,2.99,16.6,-14.5,2.09,6.17,1998,1999,F
572,P25,ZHSC171003,EPRE,2,1.893,15.4,-14.8,2.43,7.25,1998,2000,F
573,P26,ZHSC171003,EPRE,3,1.649,14.6,-14.7,2.42,7.22,1998,2001,F
574,P27,ZHSC171003,EPRE,4,1.311,13.7,-14.8,2.49,7.44,1998,2002,F
575,P28,ZHSC171003,EPRE,5,1.254,14.1,-14.6,2.32,6.99,1998,2003,F
576,P29,ZHSC171003,EPRE,6,1.255,14.1,-14.6,2.4,7.24,1998,2004,F
577,P30,ZHSC171003,EPRE,7,1.334,13.9,-15.2,2.35,7.28,1998,2005,F
578,P31,ZHSC171003,EPRE,8,1.09,14.1,-14.9,2.41,7.39,1998,2006,F
579,P32,ZHSC171003,EPRE,9,1.017,14.1,-14.3,2.36,7,1998,2007,F
580,P33,ZHSC171003,EPRE,10,0.945,13.5,-14.3,2.41,7.17,1998,2008,F
581,P34,ZHSC171003,EPRE,11,1.489,13.7,-14,2.37,7.11,1998,2009,F
582,P35,ZHSC171003,EPRE,13,1.206,13.6,-14.2,2.45,7.45,1998,2011,F
583,P36,ZHSC171003,EPRE,15,1.028,12.8,-14.1,2.63,7.78,1998,2013,F
584,P37,ZHSC110618,EPRE,1,2.05,17.3,-14.3,2.45,7.34,1988,1989,F
585,P38,ZHSC110618,EPRE,2,0.901,14.6,-14.9,2.82,8.19,1988,1990,F
586,P39,ZHSC110618,EPRE,3,0.887,14.3,-14.7,2.75,8.25,1988,1991,F
587,P40,ZHSC110618,EPRE,4,2.703,14.7,-14.2,2.53,7.66,1988,1992,F
588,P41,ZHSC110618,EPRE,5,1.919,14.6,-15,2.35,7.38,1988,1993,F
589,P42,ZHSC110618,EPRE,6,1.687,14.5,-14.6,2.49,7.48,1988,1994,F
590,P43,ZHSC110618,EPRE,7,1.616,14.6,-14.6,2.55,7.77,1988,1995,F
591,P44,ZHSC110618,EPRE,8,1.36,14.6,-14.6,2.54,7.67,1988,1996,F
592,P45,ZHSC110618,EPRE,9,1.323,14.4,-14.5,2.66,8.03,1988,1997,F
593,P46,ZHSC110618,EPRE,10,0.877,13.9,-14.5,2.72,8.15,1988,1998,F
594,P47,ZHSC110618,EPRE,11,0.62,13.7,-14.6,2.78,8.21,1988,1999,F
595,P48,ZHSC110618,EPRE,12,0.488,12.7,-14.7,2.78,8.12,1988,2000,F
596,P49,ZHSC110618,EPRE,13,0.508,12.8,-14.4,2.48,7.25,1988,2001,F
597,P50,ZHSC110618,EPRE,14,0.409,12.7,-14.7,2.77,8.02,1988,2002,F
598,P51,ZHSC110618,EPRE,15,0.422,13,-14.8,2.69,7.81,1988,2003,F
599,P52,ZHSC161213,MPRE,1,3.758,18.3,-14.9,1.99,5.84,1997,1998,M
600,P53,ZHSC161213,MPRE,2,2.737,15.7,-16,2.24,6.77,1997,1999,M
601,P54,ZHSC161213,MPRE,3,2.737,15.1,-15.5,2.68,7.91,1997,2000,M
602,P55,ZHSC161213,MPRE,4,1.872,14.6,-15.6,2.63,7.69,1997,2001,M
603,P56,ZHSC161213,MPRE,5,2.267,14.5,-15.3,2.6,7.76,1997,2002,M
604,P57,ZHSC161213,MPRE,6,1.94,14.1,-15.5,2.39,7.19,1997,2003,M
605,P58,ZHSC161213,MPRE,7,1.941,14.1,-16,2.68,8.15,1997,2004,M
606,P59,ZHSC161213,MPRE,8,0.765,13.5,-16.4,2.9,8.7,1997,2005,M
607,P60,ZHSC161213,MPRE,9,1.433,14.1,-16.5,2.72,8.3,1997,2006,M
608,P61,ZHSC161213,MPRE,10,1.262,14.6,-16.6,2.68,8.05,1997,2007,M
609,P62,ZHSC161213,MPRE,11,1.215,14.4,-17,2.72,8.23,1997,2008,M
610,P63,ZHSC161213,MPRE,12,1.217,14.2,-16.8,2.84,8.58,1997,2009,M
611,P64,ZHSC170410,MPRE,0,0.622,16.7,-13.9,3.08,8.84,1991,1991,Un
612,P65,ZHSC170410,MPRE,1,1.154,15.1,-14.5,2.31,6.71,1991,1992,Un
613,P66,ZHSC170410,MPRE,2,0.986,14,-14.5,2.32,6.78,1991,1993,Un
614,P67,ZHSC170410,MPRE,3,1.206,13.6,-14.6,2.29,6.8,1991,1994,Un
615,P68,ZHSC170410,MPRE,4,1.25,13.2,-14.5,2.26,6.8,1991,1995,Un
616,P69,ZHSC170410,MPRE,5,1.278,12.9,-14.7,2.26,6.73,1991,1996,Un
617,P70,ZHSC170410,MPRE,6,1.103,12.7,-14.5,2.29,6.89,1991,1997,Un
618,P71,ZHSC170410,MPRE,7,1.103,13.2,-14.8,2,5.98,1991,1998,Un
619,P72,ZHSC170410,MPRE,8,0.913,12.8,-15.1,2.36,7.08,1991,1999,Un
620,P73,ZHSC170410,MPRE,9,0.865,12.9,-15.1,2.28,6.79,1991,2000,Un
621,P74,ZHSC170410,MPRE,10,0.916,13.8,-14.6,2.23,6.63,1991,2001,Un
622,P75,ZHSC170410,MPRE,11,0.933,13.9,-14.9,2.32,6.87,1991,2002,Un
623,P76,ZHSC170410,MPRE,12,0.819,13.8,-15.4,2.25,6.79,1991,2003,Un
624,P77,ZHSC170410,MPRE,13,0.683,13.6,-15.3,2.29,6.86,1991,2004,Un
625,P78,ZHSC170410,MPRE,14,0.759,13.6,-15.4,2.36,6.97,1991,2005,Un
626,P79,ZHSC170410,MPRE,15,0.67,13.2,-15.5,2.35,7.04,1991,2006,Un
627,P81,ZHSC170805,EPRE,1,1.156,17.9,-15.5,2.25,6.46,1996,1997,F
628,P82,ZHSC170805,EPRE,2,1.091,15.4,-16.5,2.18,6.35,1996,1998,F
629,P83,ZHSC170805,EPRE,3,1.717,16.3,-16.3,1.67,6.37,1996,1999,F
630,P84,ZHSC170805,EPRE,4,1.344,15.7,-15.9,2.19,6.54,1996,2000,F
631,P85,ZHSC170805,EPRE,5,1.195,17.5,-16,2.16,6.25,1996,2001,F
632,P86,ZHSC170805,EPRE,6,1.247,16.7,-16.3,2.29,6.69,1996,2002,F
633,P87,ZHSC170805,EPRE,7,1.071,16.4,-16.1,2.38,6.92,1996,2003,F
634,P88,ZHSC170805,EPRE,8,0.989,16.1,-16.1,2.41,7.05,1996,2004,F
635,P89,ZHSC170805,EPRE,9,1.076,16.3,-16.1,2.4,6.95,1996,2005,F
636,P90,ZHSC170805,EPRE,10,0.799,15.9,-16.3,2.51,7.23,1996,2006,F
637,P91,ZHSC170805,EPRE,11,0.609,15.1,-16.8,2.57,7.31,1996,2007,F
638,P92,ZHSC170805,EPRE,12,0.473,15,-16.6,2.5,7.13,1996,2008,F
639,P93,ZHSC170805,EPRE,13,1.415,17,-16.2,2.15,6.28,1996,2009,F
640,P94,ZHSC170805,EPRE,14,0.98,17.4,-15.9,2.52,7.29,1996,2010,F
641,P95,ZHSC170805,EPRE,15,NA,NA,NA,NA,NA,1996,2011,F
642,P96,ZHSC170805,EPRE,16,0.764,15.8,-16.5,2.36,6.66,1996,2012,F
643,P97,ZHSC170805,EPRE,17,NA,NA,NA,NA,NA,1996,2013,F
644,P98,ZHSC170805,EPRE,18,0.893,16.4,-17.6,2.61,7.56,1996,2014,F
645,P99,ZHSC110505,EPRE,1,2.506,17.5,-13.9,2.09,5.98,1986,1987,F
646,P100,ZHSC110505,EPRE,2,1.39,15.5,-14.8,2.31,6.61,1986,1988,F
647,P101,ZHSC110505,EPRE,3,1.392,14.9,-14.7,2.26,6.56,1986,1989,F
648,P102,ZHSC110505,EPRE,4,1.21,13.9,-14.7,2.22,6.43,1986,1990,F
649,P103,ZHSC110505,EPRE,5,1.46,13.5,-14.2,2,5.91,1986,1991,F
650,P104,ZHSC110505,EPRE,6,1.309,13.4,-13.9,2.13,6.38,1986,1992,F
651,P105,ZHSC110505,EPRE,7,1.257,13.8,-14.1,2.13,6.37,1986,1993,F
652,P106,ZHSC110505,EPRE,8,1.794,14.4,-14.4,2.25,6.73,1986,1994,F
653,P107,ZHSC110505,EPRE,9,1.271,14.3,-14.4,2.16,6.43,1986,1995,F
654,P108,ZHSC110505,EPRE,10,1.149,14.3,-14.9,2.35,7.08,1986,1996,F
655,P109,ZHSC110505,EPRE,11,1.229,14.2,-14.5,2.31,6.8,1986,1997,F
656,P110,ZHSC110505,EPRE,12,1.149,13.6,-14.4,2.36,6.89,1986,1998,F
657,P111,ZHSC110505,EPRE,13,1.146,13.8,-14.2,2.36,6.82,1986,1999,F
658,P112,ZHSC110505,EPRE,14,0.904,13.7,-14.3,2.32,6.72,1986,2000,F
659,P113,ZHSC110505,EPRE,15,0.764,13.5,-14.3,2.39,6.83,1986,2001,F
660,P114,ZHSC110505,EPRE,16,0.788,13.2,-14.6,2.38,6.88,1986,2002,F
661,P115,ZHSC110505,EPRE,17,0.586,13,-14.5,2.45,6.99,1986,2003,F
662,P116,ZHSC110505,EPRE,18,0.603,13.4,-14.3,2.53,7.16,1986,2004,F
663,P117,ZHSC110505,EPRE,19,0.539,13.1,-14.3,2.6,7.35,1986,2005,F
664,P118,ZHSC110505,EPRE,21,0.53,13,-14.3,2.57,7.22,1986,2007,F
665,P119,ZHSC110505,EPRE,8,0.58,13.3,-14.3,2.5,7.03,1986,1994,F
666,R1,ZHSC080819,EPRE,1,0.443,16.1,-14.9,2.65,7.12,2007,2008,M
667,R2,HKSC132706,HK,1,0.743,18,-14.5,2.28,6.28,2012,2013,F
668,R3,HKSC150606,HK,1,0.562,14.6,-18.6,2.31,6.66,2014,2015,F
669,R4,HKSC100809,HK,1,0.274,15.3,-14.9,2.5,6.63,2009,2010,F
670,R5,HKSC141504,HK,1,1.673,17.3,-15.9,2.15,6.09,2013,2014,M
671,R6,HKSC140606,HK,1,1.329,19,-14.4,2.33,6.57,2013,2014,F
672,R7,HKSC170506-2,HK,1,1.369,17.6,-13.9,2.37,6.58,2016,2017,Un
673,R8,ZHSC100716,EPRE,1,0.522,16.7,-16,2.66,7.27,2009,2010,M
674,R9,HKSC130210,HK,1,0.673,19.7,-18.2,2.55,7.56,2012,2013,F
675,R10,ZHSC170308,MPRE,1,0.471,14.1,-14.2,2.47,6.64,2016,2017,M
676,R11,HKSC150506,HK,1,1.008,16.8,-14.7,2.49,6.95,2014,2015,F
677,R12,HKSC110608,HK,1,0.223,14.3,-14.7,2.8,7.21,2010,2011,Un
678,R13,HKSC120505,HK,1,0.575,15.9,-15.8,2.32,6.38,2011,2012,M
679,R14,HKSC110312,HK,1,1.061,19,-14.4,2.16,6.09,2010,2011,M
680,R15,ZHSC170530,MPRE,1,1.047,12.2,-16.7,2.44,6.89,2015,2016,M
681,R16,ZHSC170530,MPRE,2,1.817,14.4,-15.6,2.15,6.13,2015,2017,M
682,R17,ZHSC170524,NA,1,0.268,14.8,-17.4,2.91,7.8,2016,2017,Un
683,R18,ZHSC120920,MPRE,1,2.151,17.9,-13.9,1.55,4.27,2011,2012,F
685,R20,ZHSC091028,EPRE,1,0.634,17.3,-15,2.42,6.8,2008,2009,M
686,R21,ZHSC150428,EPRE,1,1.249,18.3,-15,2.24,6.22,2014,2015,Un
687,R22,ZHSC110819,EPRE,1,0.958,18.8,-16.1,2.28,6.33,2010,2011,Un
688,R23,HKSC091708,HK,1,0.785,16.9,-14.5,2.35,6.48,2008,2009,Un
689,R25,HKSC121208,HK,1,0.439,17.9,-17.6,2.48,6.86,2011,2012,Un
690,R26,HKSC170506,HK,1,2.159,17.7,-13.9,1.91,5.28,2016,2017,Un
691,R28,HKSC091708,HK,1,0.312,14,-16.8,2.6,8.17,2008,2009,Un
692,R29,HKSC102412A,HK,1,0.829,17.4,-15.3,2.38,6.67,2009,2010,M
693,R30,HKSC142507,HK,1,0.482,16.6,-16.8,2.54,7.1,2013,2014,M
694,R31,HKSC082408,HK,1,0.524,16.8,-14.1,2.45,6.79,2007,2008,Un
695,R32,ZHSC160410,EPRE,1,1.056,15.9,-13.7,2.48,6.98,2004,2005,F
696,R33,ZHSC160410,EPRE,2,1.02,14.7,-13.9,2.45,7.06,2004,2006,F
697,R34,ZHSC160410,EPRE,3,2.045,13.9,-14.1,2.29,6.53,2004,2007,F
698,R35,ZHSC160410,EPRE,4,1.184,13.1,-14.1,2.21,6.35,2004,2008,F
699,R36,ZHSC160410,EPRE,5,0.993,13.2,-14.1,2.15,6.22,2004,2009,F
700,R37,ZHSC160410,EPRE,6,0.723,13.1,-14.1,2.38,6.91,2004,2010,F
701,R38,ZHSC160410,EPRE,7,0.634,12.3,-14,2.42,7,2004,2011,F
702,R39,ZHSC160410,EPRE,8,0.841,12.5,-14,2.43,7.06,2004,2012,F
703,R40,ZHSC160410,EPRE,9,0.759,12.5,-13.7,2.42,6.92,2004,2013,F
704,R41,ZHSC160410,EPRE,10,0.605,11.5,-13.6,2.6,7.38,2004,2014,F
705,R42,ZHSC160410,EPRE,11,0.35,10.2,-13.6,2.67,7.44,2004,2015,F
706,R43,ZHSC160410,EPRE,12,0.409,11.2,-13.6,2.67,7.52,2004,2016,F
707,R44,ZHSC160506,EPRE,1,1.262,15.6,-14.4,2.13,6.06,2005,2006,F
708,R45,ZHSC160506,EPRE,2,1.605,13.7,-14.8,2.16,6.31,2005,2007,F
709,R46,ZHSC160506,EPRE,3,1.473,13,-15.3,1.99,5.88,2005,2008,F
710,R47,ZHSC160506,EPRE,4,1.649,12.6,-15.4,2.07,6.22,2005,2009,F
711,R48,ZHSC160506,EPRE,5,1.457,12.5,-15.4,2.18,6.62,2005,2010,F
712,R49,ZHSC160506,EPRE,6,1.483,12.6,-14.9,2.33,6.85,2005,2011,F
713,R50,ZHSC160506,EPRE,7,1.317,12.3,-15,2.23,6.48,2005,2012,F
714,R51,ZHSC160506,EPRE,8,0.638,11.5,-15.1,2.56,7.38,2005,2013,F
715,R52,ZHSC160506,EPRE,9,1.066,12.3,-15.1,2.48,7.26,2005,2014,F
716,R53,ZHSC160506,EPRE,10,1.075,12.1,-15,2.65,7.6,2005,2015,F
717,R54,ZHSC160423,EPRE,1,NA,NA,NA,NA,NA,1999,2000,F
718,R55,ZHSC160423,EPRE,2,NA,NA,NA,NA,NA,1999,2001,F
719,R56,ZHSC160423,EPRE,3,1.068,12.7,-15.5,2.31,7,1999,2002,F
720,R57,ZHSC160423,EPRE,4,0.897,12.4,-14.6,2.48,7.13,1999,2003,F
721,R58,ZHSC160423,EPRE,5,0.887,12.2,-14.8,2.44,6.98,1999,2004,F
722,R59,ZHSC160423,EPRE,6,0.938,12.3,-14.8,2.4,6.87,1999,2005,F
723,R60,ZHSC160423,EPRE,7,1.123,12.1,-15,2.51,7.39,1999,2006,F
724,R61,ZHSC160423,EPRE,8,NA,NA,NA,NA,NA,1999,2007,F
725,R62,ZHSC160423,EPRE,9,0.833,11.8,-15,2.49,7.14,1999,2008,F
726,R63,ZHSC160423,EPRE,10,0.8,12.1,-14.7,2.65,7.63,1999,2009,F
727,R64,ZHSC160423,EPRE,11,0.875,12.2,-14.6,2.4,6.91,1999,2010,F
728,R65,ZHSC160423,EPRE,12,0.716,11.9,-14.6,2.6,7.42,1999,2011,F
729,R66,ZHSC160321,EPRE,0,1.691,14.5,-14.4,1.99,5.42,2005,2005,F
730,R67,ZHSC160321,EPRE,1,1.2,13.5,-15.1,2.05,5.8,2005,2006,F
731,R68,ZHSC160321,EPRE,2,1.261,13.6,-15.4,2.24,6.32,2005,2007,F
732,R69,ZHSC160321,EPRE,3,1.31,13.4,-15.5,2.25,6.39,2005,2008,F
733,R70,ZHSC160321,EPRE,4,1.248,13,-15.4,2.42,6.91,2005,2009,F
734,R71,ZHSC160321,EPRE,5,1.237,12.5,-15.2,2.42,6.92,2005,2010,F
735,R72,ZHSC160321,EPRE,6,1.134,12.3,-15.1,2.45,7.01,2005,2011,F
736,R73,ZHSC160321,EPRE,7,1.25,12.1,-15.1,2.4,6.87,2005,2012,F
737,R74,ZHSC160321,EPRE,8,0.859,12,-15.4,2.53,7.27,2005,2013,F
738,R75,ZHSC160321,EPRE,9,1.223,12.6,-15.5,2.36,6.88,2005,2014,F
739,R76,ZHSC160321,EPRE,10,0.936,13.2,-15.6,2.42,6.97,2005,2015,F
740,W15,ZHSC170525,NA,1,1.626,15.3,-14.4,2.11,5.85,1997,1998,Un
741,W16,ZHSC170525,NA,2,1.332,14.5,-15.3,2.17,6.18,1997,1999,Un
742,W17,ZHSC170525,NA,3,1.279,13.7,-15.3,2.23,6.34,1997,2000,Un
743,W18,ZHSC170525,NA,4,1.403,13.6,-14.9,2.13,6.09,1997,2001,Un
744,W19,ZHSC170525,NA,5,1.428,13.5,-14.8,2.25,6.46,1997,2002,Un
745,W20,ZHSC170525,NA,6,1.413,13.1,-14.7,2.18,6.14,1997,2003,Un
746,W21,ZHSC170525,NA,7,1.346,13.7,-15.4,2.27,6.61,1997,2004,Un
747,W22,ZHSC170525,NA,8,1.393,13.9,-15.2,2.28,6.71,1997,2005,Un
748,W23,ZHSC170525,NA,9,1.019,14.2,-15.1,2.32,6.79,1997,2006,Un
749,W24,ZHSC170525,NA,10,1.117,14.7,-15.2,2.26,6.54,1997,2007,Un
750,W25,ZHSC170525,NA,11,1.069,15.2,-15.2,2.23,6.6,1997,2008,Un
751,W26,ZHSC170525,NA,12,1.149,15.5,-14.3,2.17,6.35,1997,2009,Un
752,W27,ZHSC170525,NA,13,0.953,15.4,-14.4,2.29,6.81,1997,2010,Un
753,W28,ZHSC170525,NA,14,0.913,15.6,-15.4,2.23,6.64,1997,2011,Un
754,W29,ZHSC170525,NA,15,0.869,15.5,-14,2.17,6.52,1997,2012,Un
755,W30,ZHSC170525,NA,16,0.729,15.6,-13.8,2.21,6.33,1997,2013,Un
756,W31,ZHSC170525,NA,17,0.855,15.5,-13.9,2.1,6.06,1997,2014,Un
757,W32,ZHSC170525,NA,18,0.646,16,-15.3,2.44,7.06,1997,2015,Un
758,W33,ZHSC170525,NA,19,0.608,16.6,-14.7,2.48,7.14,1997,2016,Un
759,W34,HKSC181702,HK,1,0.716,15.1,-13.7,2.18,6.29,1974,1975,F
760,W35,HKSC181702,HK,2,0.518,14.7,-14,2.06,5.9,1974,1976,F
761,W36,HKSC181702,HK,3,1.389,13.8,-14.4,2.18,5.88,1974,1977,F
762,W37,HKSC181702,HK,4,1.348,14.3,-14.1,1.93,5.69,1974,1978,F
763,W38,HKSC181702,HK,5,1.315,14,-13.4,1.87,5.41,1974,1979,F
764,W39,HKSC181702,HK,6,1.256,13.6,-17,2.14,6.92,1974,1980,F
765,W40,HKSC181702,HK,7,1.256,13.7,-14.5,2.43,7.04,1974,1981,F
766,W41,HKSC181702,HK,8,1.358,13.7,-14.5,2.02,5.99,1974,1982,F
767,W42,HKSC181702,HK,9,1.435,13.8,-14.5,1.77,5.22,1974,1983,F
768,W43,HKSC181702,HK,10,0.914,13.8,-12.6,2.13,6.03,1974,1984,F
769,W44,HKSC181702,HK,11,0.888,13.6,-14.2,2.21,6.4,1974,1985,F
770,W45,HKSC181702,HK,12,0.857,13.9,-14,2.08,6.18,1974,1986,F
771,W46,HKSC181702,HK,13,0.838,13.8,-14.2,2.13,6.09,1974,1987,F
772,W47,HKSC181702,HK,14,0.793,14,-14.1,2.16,6.24,1974,1988.5,F
773,W48,HKSC181702,HK,16,0.659,13.7,-13.8,2.13,6.27,1974,1990.5,F
774,W49,HKSC181702,HK,18,0.584,13.9,-14.3,2.11,6.14,1974,1992.5,F
775,W50,HKSC181702,HK,20,0.704,14.2,-14.1,2.28,6.49,1974,1994,F
776,W51,ZHSC150921,EPRE,1,1.377,15.3,-14.2,2.35,6.83,1995,1996,Un
777,W52,ZHSC150921,EPRE,2,1.105,13.7,-14.5,2.35,6.79,1995,1997,Un
778,W53,ZHSC150921,EPRE,3,1.019,13.3,-14.5,2.37,6.86,1995,1998,Un
779,W54,ZHSC150921,EPRE,4,0.817,12.6,-14.7,2.33,6.83,1995,1999,Un
780,W55,ZHSC150921,EPRE,5,0.85,12.7,-14.3,2.29,6.69,1995,2000,Un
781,W56,ZHSC150921,EPRE,6,0.811,13,-14.7,2.21,6.59,1995,2001,Un
782,W57,ZHSC150921,EPRE,7,0.811,12.9,-14.7,2.1,6.23,1995,2002,Un
783,W58,ZHSC150921,EPRE,8,0.514,12.4,-15.1,2.29,6.95,1995,2003,Un
784,W59,ZHSC150921,EPRE,9,0.729,13,-15.1,2.26,6.83,1995,2004,Un
785,W60,ZHSC150921,EPRE,10,0.798,12.4,-14.4,2.28,6.82,1995,2005,Un
786,W61,ZHSC150921,EPRE,11,0.763,12.6,-14.3,2.16,6.28,1995,2006,Un
787,W62,ZHSC150921,EPRE,12,0.704,12.9,-14.8,2.32,7.03,1995,2007,Un
788,W63,ZHSC150921,EPRE,13,0.67,12.4,-14.7,2.32,7,1995,2008,Un
789,20160816.csv,HKSC152403-2,HK,1,2.142,15,-15.2,2.6,6.9,2003,2004,F
790,20160816.csv,HKSC152403-2,HK,3,1.258,14.8,-15,2.9,7.8,2003,2006,F
791,20160816.csv,HKSC152403-2,HK,4,1.329,15.2,-14.8,2.7,7.5,2003,2007,F
792,20160816.csv,HKSC152403-2,HK,5,1.635,14.9,-15.2,2.8,7.8,2003,2008,F
793,20160816.csv,HKSC152403-2,HK,6,1.291,15,-14.7,2.7,7.5,2003,2009,F
794,20160816.csv,HKSC152403-2,HK,7,1.354,15,-14.8,2.6,7.4,2003,2010,F
795,20160816.csv,HKSC152403-2,HK,8,1.369,14.7,-15.1,2.6,7.4,2003,2011,F
796,20160816.csv,HKSC152403-2,HK,9,1.214,14.6,-15.7,2.8,8,2003,2012,F
797,20160816.csv,HKSC152403-2,HK,10,0.23,11.7,-16,3.3,9.6,2003,2013,F