"","SC_ID","Pkey","GLG","Weight","d15N","d13C","N_per","C_per","YOB","CalenderYear","CNRatio","CNR","Site","AgeClass","sample_per_ID","Net_d15N","Weaning","Species","Sex","Lat","Lon","TBL","Region"
"1","HKSC071109",41,1,2.225,17.2,-14.5,1.9,5,1982,1983,2.63157894736842,"U","HK","Juvenile",15,0,"Y","SC","Un","22.23369444","114.0211111","189","EPRE"
"2","HKSC071109",42,2,2.022,14.4,-13.1,2.7,7.1,1982,1984,2.62962962962963,"U","HK","Juvenile",15,-2.8,"Y","SC","Un","22.23369444","114.0211111","189","EPRE"
"3","HKSC071109",43,3,2.064,14.1,-13.1,6.1,16.7,1982,1985,2.73770491803279,"U","HK","Juvenile",15,-3.1,"Y","SC","Un","22.23369444","114.0211111","189","EPRE"
"4","HKSC071109",44,4,2.086,13.6,-12.7,2.5,6.8,1982,1986,2.72,"U","HK","Juvenile",15,-3.6,"Y","SC","Un","22.23369444","114.0211111","189","EPRE"
"5","HKSC071109",45,5,1.952,13.3,-12.9,2.6,7.1,1982,1987,2.73076923076923,"U","HK","Juvenile",15,-3.9,"Y","SC","Un","22.23369444","114.0211111","189","EPRE"
"6","HKSC071109",46,6,1.935,13.2,-12.6,2.3,6.3,1982,1988,2.73913043478261,"U","HK","Juvenile",15,-4,"Y","SC","Un","22.23369444","114.0211111","189","EPRE"
"7","HKSC071109",47,7,1.506,12.6,-13.1,2.5,7.1,1982,1989,2.84,"U","HK","Juvenile",15,-4.6,"Y","SC","Un","22.23369444","114.0211111","189","EPRE"
"8","HKSC071109",48,8,1.606,13.7,-12.7,2.6,7.3,1982,1990,2.80769230769231,"U","HK","Juvenile",15,-3.5,"Y","SC","Un","22.23369444","114.0211111","189","EPRE"
"9","HKSC071109",49,9,1.405,13.9,-12.6,2.7,7.5,1982,1991,2.77777777777778,"U","HK","Juvenile",15,-3.3,"Y","SC","Un","22.23369444","114.0211111","189","EPRE"
"10","HKSC071109",50,10,1.005,13.3,-12.9,2.5,7,1982,1992,2.8,"U","HK","Juvenile",15,-3.9,"Y","SC","Un","22.23369444","114.0211111","189","EPRE"
"11","HKSC071109",51,11,1.066,13.3,-12.9,2.5,7,1982,1993,2.8,"U","HK","Adult",15,-3.9,"Y","SC","Un","22.23369444","114.0211111","189","EPRE"
"12","HKSC071109",52,12,0.908,12.7,-13.2,2.4,6.7,1982,1994,2.79166666666667,"U","HK","Adult",15,-4.5,"Y","SC","Un","22.23369444","114.0211111","189","EPRE"
"13","HKSC071109",53,13,1.029,13.2,-13,2.3,6.5,1982,1995,2.82608695652174,"U","HK","Adult",15,-4,"Y","SC","Un","22.23369444","114.0211111","189","EPRE"
"14","HKSC071109",54,14,0.87,12.9,-13.1,2.5,7,1982,1996,2.8,"U","HK","Adult",15,-4.3,"Y","SC","Un","22.23369444","114.0211111","189","EPRE"
"15","HKSC071109",55,15,0.786,13.4,-12.7,2.6,7.1,1982,1997,2.73076923076923,"U","HK","Adult",15,-3.8,"Y","SC","Un","22.23369444","114.0211111","189","EPRE"
"16","HKSC101506",1,1,1.233,16.8,-15.6,2.3,7.2,1995,1996,3.1304347826087,"U","HK","Juvenile",12,0,"Y","SC","M","22.21716667","113.9998611","264","EPRE"
"17","HKSC101506",2,2,1.611,15.4,-15.8,2.4,7.5,1995,1997,3.125,"U","HK","Juvenile",12,-1.4,"Y","SC","M","22.21716667","113.9998611","264","EPRE"
"18","HKSC101506",3,3,1.189,14.8,-15.3,2.3,7,1995,1998,3.04347826086957,"U","HK","Juvenile",12,-2,"Y","SC","M","22.21716667","113.9998611","264","EPRE"
"19","HKSC101506",4,4,1.428,14.8,-14.7,2.2,6.6,1995,1999,3,"U","HK","Juvenile",12,-2,"Y","SC","M","22.21716667","113.9998611","264","EPRE"
"20","HKSC101506",5,5,1.216,14.4,-14.8,2.3,6.5,1995,2000,2.82608695652174,"U","HK","Juvenile",12,-2.4,"Y","SC","M","22.21716667","113.9998611","264","EPRE"
"21","HKSC101506",6,6,1.069,14.5,-14.2,2.4,6.8,1995,2001,2.83333333333333,"U","HK","Juvenile",12,-2.3,"Y","SC","M","22.21716667","113.9998611","264","EPRE"
"22","HKSC101506",7,7,1.292,14.3,-14.2,2.5,7,1995,2002,2.8,"U","HK","Juvenile",12,-2.5,"Y","SC","M","22.21716667","113.9998611","264","EPRE"
"23","HKSC101506",8,8,0.626,13.8,-13.8,2.7,7.8,1995,2003,2.88888888888889,"U","HK","Juvenile",12,-3,"Y","SC","M","22.21716667","113.9998611","264","EPRE"
"24","HKSC101506",9,9,1.437,14.2,-14.9,2.6,7.4,1995,2004,2.84615384615385,"U","HK","Juvenile",12,-2.6,"Y","SC","M","22.21716667","113.9998611","264","EPRE"
"25","HKSC101506",10,10,1.024,13.8,-15.5,2.7,7.6,1995,2005,2.81481481481481,"U","HK","Juvenile",12,-3,"Y","SC","M","22.21716667","113.9998611","264","EPRE"
"26","HKSC101506",11,11,0.974,14.2,-15.8,2.7,7.8,1995,2006,2.88888888888889,"U","HK","Adult",12,-2.6,"Y","SC","M","22.21716667","113.9998611","264","EPRE"
"27","HKSC101506",12,12,0.89,13.8,-16,2.6,7.5,1995,2007,2.88461538461538,"U","HK","Adult",12,-3,"Y","SC","M","22.21716667","113.9998611","264","EPRE"
"28","HKSC101908",141,1,0.672,13.9,-14.9,2.3,6,1992,1993,2.60869565217391,"U","HK","Juvenile",15,0,"Y","SC","M","22.41066667","114.2140556","250","EPRE"
"29","HKSC101908",142,2,0.627,11.8,-14.9,2.3,5.8,1992,1994,2.52173913043478,"U","HK","Juvenile",15,-2.1,"Y","SC","M","22.41066667","114.2140556","250","EPRE"
"30","HKSC101908",143,3,0.729,12.3,-14.5,2.3,6,1992,1995,2.60869565217391,"U","HK","Juvenile",15,-1.6,"Y","SC","M","22.41066667","114.2140556","250","EPRE"
"31","HKSC101908",144,4,0.803,12.5,-14.6,2.2,5.8,1992,1996,2.63636363636364,"U","HK","Juvenile",15,-1.4,"Y","SC","M","22.41066667","114.2140556","250","EPRE"
"32","HKSC101908",145,5,0.602,12.3,-14.6,2.3,6,1992,1997,2.60869565217391,"U","HK","Juvenile",15,-1.6,"Y","SC","M","22.41066667","114.2140556","250","EPRE"
"33","HKSC101908",146,6,0.609,10.4,-14.6,2.7,6.2,1992,1998,2.2962962962963,"U","HK","Juvenile",15,-3.5,"Y","SC","M","22.41066667","114.2140556","250","EPRE"
"34","HKSC101908",147,7,0.803,13.7,-15.3,2.3,6.2,1992,1999,2.69565217391304,"U","HK","Juvenile",15,-0.200000000000001,"Y","SC","M","22.41066667","114.2140556","250","EPRE"
"35","HKSC101908",148,8,0.667,14.3,-15.5,2.3,6.4,1992,2000,2.78260869565217,"U","HK","Juvenile",15,0.4,"Y","SC","M","22.41066667","114.2140556","250","EPRE"
"36","HKSC101908",149,9,0.773,14.5,-15.1,2.3,6.2,1992,2001,2.69565217391304,"U","HK","Juvenile",15,0.6,"Y","SC","M","22.41066667","114.2140556","250","EPRE"
"37","HKSC101908",150,10,0.549,14.8,-15.8,2.3,6.4,1992,2002,2.78260869565217,"U","HK","Juvenile",15,0.9,"Y","SC","M","22.41066667","114.2140556","250","EPRE"
"38","HKSC101908",151,11,0.483,14.5,-15.8,2.3,6.5,1992,2003,2.82608695652174,"U","HK","Adult",15,0.6,"Y","SC","M","22.41066667","114.2140556","250","EPRE"
"39","HKSC101908",152,12,0.552,15.4,-16.1,2.4,6.7,1992,2004,2.79166666666667,"U","HK","Adult",15,1.5,"Y","SC","M","22.41066667","114.2140556","250","EPRE"
"40","HKSC101908",153,13,0.59,15.7,-16.9,2.4,6.6,1992,2005,2.75,"U","HK","Adult",15,1.8,"Y","SC","M","22.41066667","114.2140556","250","EPRE"
"41","HKSC101908",154,14,0.542,14,-16.9,2.5,6.9,1992,2006,2.76,"U","HK","Adult",15,0.0999999999999996,"Y","SC","M","22.41066667","114.2140556","250","EPRE"
"42","HKSC101908",155,15,0.609,15.1,-16.5,2.5,7,1992,2007,2.8,"U","HK","Adult",15,1.2,"Y","SC","M","22.41066667","114.2140556","250","EPRE"
"43","HKSC102412B",72,1,1.242,17.8,-16,2.4,6.4,2003,2004,2.66666666666667,"U","HK","Juvenile",6,0,"Y","SC","M","22.32083333","113.9453056","201","EPRE"
"44","HKSC102412B",73,2,2.069,17.3,-15.4,2.7,7.3,2003,2005,2.7037037037037,"U","HK","Juvenile",6,-0.5,"Y","SC","M","22.32083333","113.9453056","201","EPRE"
"45","HKSC102412B",74,3,1.896,16.3,-15.1,2.8,7.5,2003,2006,2.67857142857143,"U","HK","Juvenile",6,-1.5,"Y","SC","M","22.32083333","113.9453056","201","EPRE"
"46","HKSC102412B",75,4,2.031,15.6,-16.3,2.8,7.7,2003,2007,2.75,"U","HK","Juvenile",6,-2.2,"Y","SC","M","22.32083333","113.9453056","201","EPRE"
"47","HKSC102412B",76,5,1.733,15.4,-16.2,3,8.3,2003,2008,2.76666666666667,"U","HK","Juvenile",6,-2.4,"Y","SC","M","22.32083333","113.9453056","201","EPRE"
"48","HKSC102412B",77,6,0.649,13.8,-16.4,3.3,8.8,2003,2009,2.66666666666667,"U","HK","Juvenile",6,-4,"Y","SC","M","22.32083333","113.9453056","201","EPRE"
"49","HKSC110602-2",470,1,2.31,16.1,-14,1.97,5.71,1988,1989,2.89847715736041,"U","HK","Juvenile",12,0,"Y","SC","F","22.47833333","113.8933333","#N/A","EPRE"
"50","HKSC110602-2",471,2,1.964,13.1,-14.1,2.22,6.38,1988,1990,2.87387387387387,"U","HK","Juvenile",12,-3,"Y","SC","F","22.47833333","113.8933333","#N/A","EPRE"
"51","HKSC110602-2",472,3,1.847,12.8,-14.5,2.06,6.17,1988,1991,2.99514563106796,"U","HK","Juvenile",12,-3.3,"Y","SC","F","22.47833333","113.8933333","#N/A","EPRE"
"52","HKSC110602-2",473,4,1.865,12.5,-14.5,1.98,5.83,1988,1992,2.94444444444444,"U","HK","Juvenile",12,-3.6,"Y","SC","F","22.47833333","113.8933333","#N/A","EPRE"
"53","HKSC110602-2",474,5,1.563,11.6,-14.4,2.14,6.36,1988,1993,2.97196261682243,"U","HK","Juvenile",12,-4.5,"Y","SC","F","22.47833333","113.8933333","#N/A","EPRE"
"54","HKSC110602-2",475,6,2.323,11.6,-14.1,2.03,6.01,1988,1994,2.96059113300493,"U","HK","Juvenile",12,-4.5,"Y","SC","F","22.47833333","113.8933333","#N/A","EPRE"
"55","HKSC110602-2",476,7,1.423,11.8,-14.9,2.11,6.91,1988,1995,3.27488151658768,"U","HK","Juvenile",12,-4.3,"Y","SC","F","22.47833333","113.8933333","#N/A","EPRE"
"56","HKSC110602-2",477,8,1.262,12.7,-13.8,2.11,6.36,1988,1996,3.01421800947867,"U","HK","Juvenile",12,-3.4,"Y","SC","F","22.47833333","113.8933333","#N/A","EPRE"
"57","HKSC110602-2",478,9,1.366,12.9,-14.1,2.17,6.36,1988,1997,2.93087557603687,"U","HK","Juvenile",12,-3.2,"Y","SC","F","22.47833333","113.8933333","#N/A","EPRE"
"58","HKSC110602-2",479,10,1.462,12.4,-13.8,2.08,6.19,1988,1998,2.97596153846154,"U","HK","Juvenile",12,-3.7,"Y","SC","F","22.47833333","113.8933333","#N/A","EPRE"
"59","HKSC110602-2",480,11,1.167,12.7,-14.3,2.19,6.69,1988,1999,3.05479452054795,"U","HK","Adult",12,-3.4,"Y","SC","F","22.47833333","113.8933333","#N/A","EPRE"
"60","HKSC110602-2",481,12,1.271,12,-13.8,2.24,6.74,1988,2000,3.00892857142857,"U","HK","Adult",12,-4.1,"Y","SC","F","22.47833333","113.8933333","#N/A","EPRE"
"61","HKSC110607",13,1,2.623,16.1,-14.5,2.7,7.7,2005,2006,2.85185185185185,"U","HK","Juvenile",6,0,"Y","SC","M","22.30211111","113.8981944","260","EPRE"
"62","HKSC110607",14,2,1.608,13.6,-14.6,2.6,8.4,2005,2007,3.23076923076923,"U","HK","Juvenile",6,-2.5,"Y","SC","M","22.30211111","113.8981944","260","EPRE"
"63","HKSC110607",15,3,1.45,14.1,-14.1,2.8,7.8,2005,2008,2.78571428571429,"U","HK","Juvenile",6,-2,"Y","SC","M","22.30211111","113.8981944","260","EPRE"
"64","HKSC110607",16,4,0.895,14,-14.2,3.1,8.6,2005,2009,2.7741935483871,"U","HK","Juvenile",6,-2.1,"Y","SC","M","22.30211111","113.8981944","260","EPRE"
"65","HKSC110607",17,5,1.033,14.1,-14.6,3.2,8.8,2005,2010,2.75,"U","HK","Juvenile",6,-2,"Y","SC","M","22.30211111","113.8981944","260","EPRE"
"66","HKSC110607",18,6,1.435,14.1,-14.6,3.1,8.7,2005,2011,2.80645161290323,"U","HK","Juvenile",6,-2,"Y","SC","M","22.30211111","113.8981944","260","EPRE"
"67","HKSC120309",19,1,3.957,16.7,-14.4,2.2,6.3,1992,1993,2.86363636363636,"U","HK","Juvenile",8,0,"Y","SC","F","22.41080556","113.8784722","260","EPRE"
"68","HKSC120309",20,2,3.646,14.3,-14.4,2.3,6.5,1992,1994,2.82608695652174,"U","HK","Juvenile",8,-2.4,"Y","SC","F","22.41080556","113.8784722","260","EPRE"
"69","HKSC120309",21,3,3.516,14.2,-14.2,2.4,6.9,1992,1995,2.875,"U","HK","Juvenile",8,-2.5,"Y","SC","F","22.41080556","113.8784722","260","EPRE"
"70","HKSC120309",22,4,2.751,14,-14.2,2.2,6.3,1992,1996,2.86363636363636,"U","HK","Juvenile",8,-2.7,"Y","SC","F","22.41080556","113.8784722","260","EPRE"
"71","HKSC120309",23,5,2.083,14.1,-13.8,2.4,6.8,1992,1997,2.83333333333333,"U","HK","Juvenile",8,-2.6,"Y","SC","F","22.41080556","113.8784722","260","EPRE"
"72","HKSC120309",24,6,2.071,13.9,-14.2,2.3,6.6,1992,1998,2.8695652173913,"U","HK","Juvenile",8,-2.8,"Y","SC","F","22.41080556","113.8784722","260","EPRE"
"73","HKSC120309",25,7,1.425,13.7,-14,2.3,6.6,1992,1999,2.8695652173913,"U","HK","Juvenile",8,-3,"Y","SC","F","22.41080556","113.8784722","260","EPRE"
"74","HKSC120309",26,9,0.796,13.8,-13.8,2.5,7.1,1992,2001,2.84,"U","HK","Juvenile",8,-2.9,"Y","SC","F","22.41080556","113.8784722","260","EPRE"
"75","HKSC130403",61,1,1.737,15.6,-13.2,2.2,6,1996,1997,2.72727272727273,"U","HK","Juvenile",11,0,"Y","SC","F","22.32","113.9533333","236","EPRE"
"76","HKSC130403",62,2,2.999,14,-15.9,2.8,7.7,1996,1998,2.75,"U","HK","Juvenile",11,-1.6,"Y","SC","F","22.32","113.9533333","236","EPRE"
"77","HKSC130403",63,5,1.342,13.5,-13.5,2.7,7.4,1996,2001,2.74074074074074,"U","HK","Juvenile",11,-2.1,"Y","SC","F","22.32","113.9533333","236","EPRE"
"78","HKSC130403",64,6,1.164,13.1,-13.7,2.7,7.6,1996,2002,2.81481481481481,"U","HK","Juvenile",11,-2.5,"Y","SC","F","22.32","113.9533333","236","EPRE"
"79","HKSC130403",65,7,1.167,13.4,-13.4,2.7,7.6,1996,2003,2.81481481481481,"U","HK","Juvenile",11,-2.2,"Y","SC","F","22.32","113.9533333","236","EPRE"
"80","HKSC130403",66,8,1.152,13.8,-13.7,2.6,7.3,1996,2004,2.80769230769231,"U","HK","Juvenile",11,-1.8,"Y","SC","F","22.32","113.9533333","236","EPRE"
"81","HKSC130403",67,9,1.113,13.9,-13.5,2.6,7.3,1996,2005,2.80769230769231,"U","HK","Juvenile",11,-1.7,"Y","SC","F","22.32","113.9533333","236","EPRE"
"82","HKSC130403",68,10,0.95,13.6,-13.6,2.7,7.5,1996,2006,2.77777777777778,"U","HK","Juvenile",11,-2,"Y","SC","F","22.32","113.9533333","236","EPRE"
"83","HKSC130403",69,11,1.025,13.5,-14.2,2.7,7.4,1996,2007,2.74074074074074,"U","HK","Adult",11,-2.1,"Y","SC","F","22.32","113.9533333","236","EPRE"
"84","HKSC130403",70,12,0.571,13.1,-13.9,2.8,7.7,1996,2008,2.75,"U","HK","Adult",11,-2.5,"Y","SC","F","22.32","113.9533333","236","EPRE"
"85","HKSC130403",71,13,0.687,13.8,-14,2.7,7.4,1996,2009,2.74074074074074,"U","HK","Adult",11,-1.8,"Y","SC","F","22.32","113.9533333","236","EPRE"
"86","HKSC132405",86,1,1.17,15,-15.8,2.8,7.5,1997,1998,2.67857142857143,"U","HK","Juvenile",13,0,"Y","SC","M","22.40130556","113.9141667","246","EPRE"
"87","HKSC132405",87,2,1.903,13.9,-16.1,2.7,7.4,1997,1999,2.74074074074074,"U","HK","Juvenile",13,-1.1,"Y","SC","M","22.40130556","113.9141667","246","EPRE"
"88","HKSC132405",88,3,2.036,13.9,-16,2.5,7.1,1997,2000,2.84,"U","HK","Juvenile",13,-1.1,"Y","SC","M","22.40130556","113.9141667","246","EPRE"
"89","HKSC132405",89,4,2.035,13.7,-16.3,2.4,6.9,1997,2001,2.875,"U","HK","Juvenile",13,-1.3,"Y","SC","M","22.40130556","113.9141667","246","EPRE"
"90","HKSC132405",90,5,1.851,13.3,-16.4,2.6,7.4,1997,2002,2.84615384615385,"U","HK","Juvenile",13,-1.7,"Y","SC","M","22.40130556","113.9141667","246","EPRE"
"91","HKSC132405",91,6,1.321,12.7,-16.8,2.8,7.7,1997,2003,2.75,"U","HK","Juvenile",13,-2.3,"Y","SC","M","22.40130556","113.9141667","246","EPRE"
"92","HKSC132405",92,7,1.435,12.8,-16.8,2.7,7.6,1997,2004,2.81481481481481,"U","HK","Juvenile",13,-2.2,"Y","SC","M","22.40130556","113.9141667","246","EPRE"
"93","HKSC132405",93,8,1.507,13.4,-17.6,2.9,8,1997,2005,2.75862068965517,"U","HK","Juvenile",13,-1.6,"Y","SC","M","22.40130556","113.9141667","246","EPRE"
"94","HKSC132405",94,9,0.965,13.3,-16.9,2.9,8.1,1997,2006,2.79310344827586,"U","HK","Juvenile",13,-1.7,"Y","SC","M","22.40130556","113.9141667","246","EPRE"
"95","HKSC132405",95,10,1.514,13.7,-16.9,2.7,7.6,1997,2007,2.81481481481481,"U","HK","Juvenile",13,-1.3,"Y","SC","M","22.40130556","113.9141667","246","EPRE"
"96","HKSC132405",96,11,1.821,13.4,-16.9,1.2,3.5,1997,2008,2.91666666666667,"U","HK","Adult",13,-1.6,"Y","SC","M","22.40130556","113.9141667","246","EPRE"
"97","HKSC132405",97,12,0.468,12.4,-16.7,2.8,7.9,1997,2009,2.82142857142857,"U","HK","Adult",13,-2.6,"Y","SC","M","22.40130556","113.9141667","246","EPRE"
"98","HKSC132405",98,13,0.438,11.7,-17.1,2.9,8.6,1997,2010,2.96551724137931,"U","HK","Adult",13,-3.3,"Y","SC","M","22.40130556","113.9141667","246","EPRE"
"99","HKSC140407",496,1,2.585,15.9,-15.1,2.01,5.69,2002,2003,2.83084577114428,"U","HK","Juvenile",12,0,"Y","SC","Un","22.22027778","113.8966667","250","EPRE"
"100","HKSC140407",497,2,1.439,14.1,-14.5,2.27,6.73,2002,2004,2.9647577092511,"U","HK","Juvenile",12,-1.8,"Y","SC","Un","22.22027778","113.8966667","250","EPRE"
"101","HKSC140407",498,3,1.382,13.3,-15,2.11,5.99,2002,2005,2.83886255924171,"U","HK","Juvenile",12,-2.6,"Y","SC","Un","22.22027778","113.8966667","250","EPRE"
"102","HKSC140407",499,4,1.275,13.6,-13.8,2.19,6.69,2002,2006,3.05479452054795,"U","HK","Juvenile",12,-2.3,"Y","SC","Un","22.22027778","113.8966667","250","EPRE"
"103","HKSC140407",500,5,1.066,13.4,-14.4,2.05,6.25,2002,2007,3.04878048780488,"U","HK","Juvenile",12,-2.5,"Y","SC","Un","22.22027778","113.8966667","250","EPRE"
"104","HKSC140407",501,6,0.886,12.5,-14.2,1.96,5.7,2002,2008,2.90816326530612,"U","HK","Juvenile",12,-3.4,"Y","SC","Un","22.22027778","113.8966667","250","EPRE"
"105","HKSC140407",502,7,0.836,13.2,-14.7,2.08,6.4,2002,2009,3.07692307692308,"U","HK","Juvenile",12,-2.7,"Y","SC","Un","22.22027778","113.8966667","250","EPRE"
"106","HKSC140407",503,8,1.692,13.9,-14.1,2.13,6.37,2002,2010,2.9906103286385,"U","HK","Juvenile",12,-2,"Y","SC","Un","22.22027778","113.8966667","250","EPRE"
"107","HKSC140407",504,9,1.042,13.5,-13.6,2.14,6.55,2002,2011,3.0607476635514,"U","HK","Juvenile",12,-2.4,"Y","SC","Un","22.22027778","113.8966667","250","EPRE"
"108","HKSC140407",505,10,0.96,13.6,-13.5,2.25,6.86,2002,2012,3.04888888888889,"U","HK","Juvenile",12,-2.3,"Y","SC","Un","22.22027778","113.8966667","250","EPRE"
"109","HKSC140407",506,11,0.948,12.9,-13.9,2.25,6.79,2002,2013,3.01777777777778,"U","HK","Adult",12,-3,"Y","SC","Un","22.22027778","113.8966667","250","EPRE"
"110","HKSC140407",507,12,0.8,12.7,-13.8,2.42,7.31,2002,2014,3.02066115702479,"U","HK","Adult",12,-3.2,"Y","SC","Un","22.22027778","113.8966667","250","EPRE"
"111","HKSC150505",190,1,1.044,16.6,-16.4,2.2,6.2,1997,1998,2.81818181818182,"U","HK","Juvenile",9,0,"Y","SC","M","22.36277778","113.9872222","245","EPRE"
"112","HKSC150505",191,2,0.879,14.3,-16.8,2.3,6.1,1997,1999,2.65217391304348,"U","HK","Juvenile",9,-2.3,"Y","SC","M","22.36277778","113.9872222","245","EPRE"
"113","HKSC150505",192,3,0.237,11.4,-18.5,1.9,6,1997,2000,3.15789473684211,"U","HK","Juvenile",9,-5.2,"Y","SC","M","22.36277778","113.9872222","245","EPRE"
"114","HKSC150505",193,4,0.555,12.9,-16.4,2,5.7,1997,2001,2.85,"U","HK","Juvenile",9,-3.7,"Y","SC","M","22.36277778","113.9872222","245","EPRE"
"115","HKSC150505",194,5,0.381,12.4,-18.4,2,5.9,1997,2002,2.95,"U","HK","Juvenile",9,-4.2,"Y","SC","M","22.36277778","113.9872222","245","EPRE"
"116","HKSC150505",195,6,1.284,13.8,-18,2.1,5.9,1997,2003,2.80952380952381,"U","HK","Juvenile",9,-2.8,"Y","SC","M","22.36277778","113.9872222","245","EPRE"
"117","HKSC150505",196,7,0.609,12.9,-17.3,2.1,6.1,1997,2004,2.9047619047619,"U","HK","Juvenile",9,-3.7,"Y","SC","M","22.36277778","113.9872222","245","EPRE"
"118","HKSC150505",197,8,0.725,12.6,-17.9,2.2,6.1,1997,2005,2.77272727272727,"U","HK","Juvenile",9,-4,"Y","SC","M","22.36277778","113.9872222","245","EPRE"
"119","HKSC150505",198,9,0.773,13.1,-17.8,2.3,6.4,1997,2006,2.78260869565217,"U","HK","Juvenile",9,-3.5,"Y","SC","M","22.36277778","113.9872222","245","EPRE"
"120","HKSC151601_Hope",535,1,0.607,14.8,-14.9,2.81,8.24,1986,1987,2.93238434163701,"U","HK","Juvenile",19,0,"Y","SC","M","22.19233333","113.8990556","235","EPRE"
"121","HKSC151601_Hope",536,10,0.558,13,-14.5,2.94,8.49,1986,1996,2.88775510204082,"U","HK","Juvenile",19,-1.8,"Y","SC","M","22.19233333","113.8990556","235","EPRE"
"122","HKSC151601_Hope",537,11,0.653,12.9,-14.5,3.05,8.86,1986,1997,2.90491803278689,"U","HK","Adult",19,-1.9,"Y","SC","M","22.19233333","113.8990556","235","EPRE"
"123","HKSC151601_Hope",538,12,0.597,12.8,-14.8,3.02,8.75,1986,1998,2.89735099337748,"U","HK","Adult",19,-2,"Y","SC","M","22.19233333","113.8990556","235","EPRE"
"124","HKSC151601_Hope",539,13,0.49,12.8,-14.7,3.25,9.29,1986,1999,2.85846153846154,"U","HK","Adult",19,-2,"Y","SC","M","22.19233333","113.8990556","235","EPRE"
"125","HKSC151601_Hope",540,14,0.514,12.6,-14.7,3.27,9.48,1986,2000,2.89908256880734,"U","HK","Adult",19,-2.2,"Y","SC","M","22.19233333","113.8990556","235","EPRE"
"126","HKSC151601_Hope",541,15,0.508,12.4,-14.7,3.26,9.63,1986,2001,2.95398773006135,"U","HK","Adult",19,-2.4,"Y","SC","M","22.19233333","113.8990556","235","EPRE"
"127","HKSC151601_Hope",542,16,0.407,12.5,-14.5,3.37,9.65,1986,2002,2.86350148367953,"U","HK","Adult",19,-2.3,"Y","SC","M","22.19233333","113.8990556","235","EPRE"
"128","HKSC151601_Hope",543,17,0.329,10.7,-15.1,3.6,10.51,1986,2003,2.91944444444444,"U","HK","Adult",19,-4.1,"Y","SC","M","22.19233333","113.8990556","235","EPRE"
"129","HKSC151601_Hope",544,18,0.413,11.2,-15,3.32,9.65,1986,2004,2.9066265060241,"U","HK","Adult",19,-3.6,"Y","SC","M","22.19233333","113.8990556","235","EPRE"
"130","HKSC151601_Hope",545,19,0.302,11.3,-15.2,3.8,10.95,1986,2005,2.88157894736842,"U","HK","Adult",19,-3.5,"Y","SC","M","22.19233333","113.8990556","235","EPRE"
"131","HKSC151601_Hope",546,2,0.831,14,-15.1,2.56,7.61,1986,1988,2.97265625,"U","HK","Juvenile",19,-0.800000000000001,"Y","SC","M","22.19233333","113.8990556","235","EPRE"
"132","HKSC151601_Hope",547,3,0.96,13.5,-15,2.67,7.91,1986,1989,2.9625468164794,"U","HK","Juvenile",19,-1.3,"Y","SC","M","22.19233333","113.8990556","235","EPRE"
"133","HKSC151601_Hope",548,4,0.96,13.3,-15.2,2.12,6.31,1986,1990,2.97641509433962,"U","HK","Juvenile",19,-1.5,"Y","SC","M","22.19233333","113.8990556","235","EPRE"
"134","HKSC151601_Hope",549,5,0.643,12.6,-15,2.77,8.15,1986,1991,2.94223826714801,"U","HK","Juvenile",19,-2.2,"Y","SC","M","22.19233333","113.8990556","235","EPRE"
"135","HKSC151601_Hope",550,6,0.748,12.7,-14.9,2.75,8.05,1986,1992,2.92727272727273,"U","HK","Juvenile",19,-2.1,"Y","SC","M","22.19233333","113.8990556","235","EPRE"
"136","HKSC151601_Hope",551,7,0.98,13.6,-14.4,2.75,8.06,1986,1993,2.93090909090909,"U","HK","Juvenile",19,-1.2,"Y","SC","M","22.19233333","113.8990556","235","EPRE"
"137","HKSC151601_Hope",552,8,1.037,13.5,-14.7,2.75,8.18,1986,1994,2.97454545454545,"U","HK","Juvenile",19,-1.3,"Y","SC","M","22.19233333","113.8990556","235","EPRE"
"138","HKSC151601_Hope",553,9,0.722,13.3,-14.6,2.93,8.6,1986,1995,2.93515358361775,"U","HK","Juvenile",19,-1.5,"Y","SC","M","22.19233333","113.8990556","235","EPRE"
"139","HKSC162306B",199,1,2.172,16.8,-15,1.8,4.7,2006,2007,2.61111111111111,"U","HK","Juvenile",9,0,"Y","SC","M","22.36577778","114.0591667","272.5","EPRE"
"140","HKSC162306B",200,2,1.812,14.3,-14.9,2.1,5.3,2006,2008,2.52380952380952,"U","HK","Juvenile",9,-2.5,"Y","SC","M","22.36577778","114.0591667","272.5","EPRE"
"141","HKSC162306B",201,3,1.674,14,-15.1,2.4,6,2006,2009,2.5,"U","HK","Juvenile",9,-2.8,"Y","SC","M","22.36577778","114.0591667","272.5","EPRE"
"142","HKSC162306B",202,4,0.981,13.6,-15.5,2.2,5.7,2006,2010,2.59090909090909,"U","HK","Juvenile",9,-3.2,"Y","SC","M","22.36577778","114.0591667","272.5","EPRE"
"143","HKSC162306B",203,5,1.331,14.7,-14.9,1.9,5.1,2006,2011,2.68421052631579,"U","HK","Juvenile",9,-2.1,"Y","SC","M","22.36577778","114.0591667","272.5","EPRE"
"144","HKSC162306B",204,6,1.018,14.7,-14.8,2.4,6.3,2006,2012,2.625,"U","HK","Juvenile",9,-2.1,"Y","SC","M","22.36577778","114.0591667","272.5","EPRE"
"145","HKSC162306B",205,7,0.902,14.4,-15.4,2.5,6.3,2006,2013,2.52,"U","HK","Juvenile",9,-2.4,"Y","SC","M","22.36577778","114.0591667","272.5","EPRE"
"146","HKSC162306B",206,8,0.915,14.2,-15,2.1,5.5,2006,2014,2.61904761904762,"U","HK","Juvenile",9,-2.6,"Y","SC","M","22.36577778","114.0591667","272.5","EPRE"
"147","HKSC162306B",207,9,0.883,13.6,-14.4,2.1,5.5,2006,2015,2.61904761904762,"U","HK","Juvenile",9,-3.2,"Y","SC","M","22.36577778","114.0591667","272.5","EPRE"
"148","HKSC181702",759,1,0.716,15.1,-13.7,2.18,6.29,1974,1975,2.88532110091743,"U","HK","Juvenile",17,0,"Y","SC","F","22.35933333","114.06625","249","EPRE"
"149","HKSC181702",760,2,0.518,14.7,-14,2.06,5.9,1974,1976,2.86407766990291,"U","HK","Juvenile",17,-0.4,"Y","SC","F","22.35933333","114.06625","249","EPRE"
"150","HKSC181702",761,3,1.389,13.8,-14.4,2.18,5.88,1974,1977,2.69724770642202,"U","HK","Juvenile",17,-1.3,"Y","SC","F","22.35933333","114.06625","249","EPRE"
"151","HKSC181702",762,4,1.348,14.3,-14.1,1.93,5.69,1974,1978,2.94818652849741,"U","HK","Juvenile",17,-0.799999999999999,"Y","SC","F","22.35933333","114.06625","249","EPRE"
"152","HKSC181702",763,5,1.315,14,-13.4,1.87,5.41,1974,1979,2.89304812834225,"U","HK","Juvenile",17,-1.1,"Y","SC","F","22.35933333","114.06625","249","EPRE"
"153","HKSC181702",764,6,1.256,13.6,-17,2.14,6.92,1974,1980,3.23364485981308,"U","HK","Juvenile",17,-1.5,"Y","SC","F","22.35933333","114.06625","249","EPRE"
"154","HKSC181702",765,7,1.256,13.7,-14.5,2.43,7.04,1974,1981,2.89711934156379,"U","HK","Juvenile",17,-1.4,"Y","SC","F","22.35933333","114.06625","249","EPRE"
"155","HKSC181702",766,8,1.358,13.7,-14.5,2.02,5.99,1974,1982,2.96534653465347,"U","HK","Juvenile",17,-1.4,"Y","SC","F","22.35933333","114.06625","249","EPRE"
"156","HKSC181702",767,9,1.435,13.8,-14.5,1.77,5.22,1974,1983,2.94915254237288,"U","HK","Juvenile",17,-1.3,"Y","SC","F","22.35933333","114.06625","249","EPRE"
"157","HKSC181702",768,10,0.914,13.8,-12.6,2.13,6.03,1974,1984,2.83098591549296,"U","HK","Juvenile",17,-1.3,"Y","SC","F","22.35933333","114.06625","249","EPRE"
"158","HKSC181702",769,11,0.888,13.6,-14.2,2.21,6.4,1974,1985,2.89592760180996,"U","HK","Adult",17,-1.5,"Y","SC","F","22.35933333","114.06625","249","EPRE"
"159","HKSC181702",770,12,0.857,13.9,-14,2.08,6.18,1974,1986,2.97115384615385,"U","HK","Adult",17,-1.2,"Y","SC","F","22.35933333","114.06625","249","EPRE"
"160","HKSC181702",771,13,0.838,13.8,-14.2,2.13,6.09,1974,1987,2.85915492957746,"U","HK","Adult",17,-1.3,"Y","SC","F","22.35933333","114.06625","249","EPRE"
"161","HKSC181702",772,14,0.793,14,-14.1,2.16,6.24,1974,1988.5,2.88888888888889,"U","HK","Adult",17,-1.1,"Y","SC","F","22.35933333","114.06625","249","EPRE"
"162","HKSC181702",773,16,0.659,13.7,-13.8,2.13,6.27,1974,1990.5,2.94366197183099,"U","HK","Adult",17,-1.4,"Y","SC","F","22.35933333","114.06625","249","EPRE"
"163","HKSC181702",774,18,0.584,13.9,-14.3,2.11,6.14,1974,1992.5,2.90995260663507,"U","HK","Adult",17,-1.2,"Y","SC","F","22.35933333","114.06625","249","EPRE"
"164","HKSC181702",775,20,0.704,14.2,-14.1,2.28,6.49,1974,1994,2.84649122807018,"U","HK","Adult",17,-0.9,"Y","SC","F","22.35933333","114.06625","249","EPRE"
"165","JMSC140422",304,1,1.351,17.7,-17.4,2.4,7.7,2007,2008,3.20833333333333,"U","WPRE","Juvenile",7,0,"Y","SC","F","21.87782797","113.055509","229","WPRE"
"166","JMSC140422",305,2,1.816,17.1,-16.1,0.6,1.8,2007,2009,3,"U","WPRE","Juvenile",7,-0.599999999999998,"Y","SC","F","21.87782797","113.055509","229","WPRE"
"167","JMSC140422",306,3,1.643,15,-15.6,2.1,6,2007,2010,2.85714285714286,"U","WPRE","Juvenile",7,-2.7,"Y","SC","F","21.87782797","113.055509","229","WPRE"
"168","JMSC140422",307,4,1.003,14.3,-15.1,2.5,6.7,2007,2011,2.68,"U","WPRE","Juvenile",7,-3.4,"Y","SC","F","21.87782797","113.055509","229","WPRE"
"169","JMSC140422",308,5,1.002,14.7,-15.2,2,5.9,2007,2012,2.95,"U","WPRE","Juvenile",7,-3,"Y","SC","F","21.87782797","113.055509","229","WPRE"
"170","JMSC140422",309,6,0.74,14.7,-16,2.6,7.8,2007,2013,3,"U","WPRE","Juvenile",7,-3,"Y","SC","F","21.87782797","113.055509","229","WPRE"
"171","JMSC140422",310,7,0.603,14.2,-15.6,2.8,8,2007,2014,2.85714285714286,"U","WPRE","Juvenile",7,-3.5,"Y","SC","F","21.87782797","113.055509","229","WPRE"
"172","JMSC140422-2",311,1,1.76,18.4,-15,2.28,6.43,2007,2008,2.82017543859649,"U","WPRE","Juvenile",6,0,"Y","SC","F","21.87782797","113.055509","229","WPRE"
"173","JMSC140422-2",312,2,1.056,15.8,-15.3,2.45,6.92,2007,2009,2.82448979591837,"U","WPRE","Juvenile",6,-2.6,"Y","SC","F","21.87782797","113.055509","229","WPRE"
"174","JMSC140422-2",313,3,0.639,14.3,-15.4,2.45,6.77,2007,2010,2.76326530612245,"U","WPRE","Juvenile",6,-4.1,"Y","SC","F","21.87782797","113.055509","229","WPRE"
"175","JMSC140422-2",314,4,0.989,15.1,-14.7,2.34,6.76,2007,2011,2.88888888888889,"U","WPRE","Juvenile",6,-3.3,"Y","SC","F","21.87782797","113.055509","229","WPRE"
"176","JMSC140422-2",315,5,0.799,13.9,-15.1,2.35,6.66,2007,2012,2.83404255319149,"U","WPRE","Juvenile",6,-4.5,"Y","SC","F","21.87782797","113.055509","229","WPRE"
"177","JMSC140422-2",316,6,0.71,13.6,-15.7,2.54,7.22,2007,2013,2.84251968503937,"U","WPRE","Juvenile",6,-4.8,"Y","SC","F","21.87782797","113.055509","229","WPRE"
"178","JMSC150121",317,1,0.419,15.7,-13.5,7.9,20.8,2004,2005,2.63291139240506,"U","WPRE","Juvenile",10,0,"Y","SC","F","21.697889","112.594564","224","WPRE"
"179","JMSC150121",318,2,0.763,13.8,-14,2.5,6.8,2004,2006,2.72,"U","WPRE","Juvenile",10,-1.9,"Y","SC","F","21.697889","112.594564","224","WPRE"
"180","JMSC150121",319,3,0.528,13.1,-14.1,2.7,7.6,2004,2007,2.81481481481481,"U","WPRE","Juvenile",10,-2.6,"Y","SC","F","21.697889","112.594564","224","WPRE"
"181","JMSC150121",320,4,0.353,12.6,-14,3.2,8.9,2004,2008,2.78125,"U","WPRE","Juvenile",10,-3.1,"Y","SC","F","21.697889","112.594564","224","WPRE"
"182","JMSC150121",321,5,0.557,12.6,-13.9,2.8,7.8,2004,2009,2.78571428571429,"U","WPRE","Juvenile",10,-3.1,"Y","SC","F","21.697889","112.594564","224","WPRE"
"183","JMSC150121",322,6,0.386,12.9,-13.7,2.9,8,2004,2010,2.75862068965517,"U","WPRE","Juvenile",10,-2.8,"Y","SC","F","21.697889","112.594564","224","WPRE"
"184","JMSC150121",323,7,0.381,12.6,-13.7,2.8,7.6,2004,2011,2.71428571428571,"U","WPRE","Juvenile",10,-3.1,"Y","SC","F","21.697889","112.594564","224","WPRE"
"185","JMSC150121",324,8,0.624,14,-13.6,2.3,6.6,2004,2012,2.8695652173913,"U","WPRE","Juvenile",10,-1.7,"Y","SC","F","21.697889","112.594564","224","WPRE"
"186","JMSC150121",325,9,0.213,11,-14,3.5,9.3,2004,2013,2.65714285714286,"U","WPRE","Juvenile",10,-4.7,"Y","SC","F","21.697889","112.594564","224","WPRE"
"187","JMSC150121",326,10,0.218,10.5,-14.2,3.3,8.6,2004,2014,2.60606060606061,"U","WPRE","Juvenile",10,-5.2,"Y","SC","F","21.697889","112.594564","224","WPRE"
"188","JMSC170201",335,1,1.102,16.6,-14.4,2.2,6.1,2009,2010,2.77272727272727,"U","WPRE","Juvenile",7,0,"Y","SC","F","21.688826","112.79904","220","WPRE"
"189","JMSC170201",336,2,0.873,15.1,-14.3,2.6,7.4,2009,2011,2.84615384615385,"U","WPRE","Juvenile",7,-1.5,"Y","SC","F","21.688826","112.79904","220","WPRE"
"190","JMSC170201",354,4,0.592,12.9,-15.3,2.4,7,2009,2013,2.91666666666667,"U","WPRE","Juvenile",7,-3.7,"Y","SC","F","21.688826","112.79904","220","WPRE"
"191","JMSC170201",355,5,0.504,12.5,-15,2.9,8.2,2009,2014,2.82758620689655,"U","WPRE","Juvenile",7,-4.1,"Y","SC","F","21.688826","112.79904","220","WPRE"
"192","JMSC170201",356,6,0.546,11.8,-14.4,2.8,7.7,2009,2015,2.75,"U","WPRE","Juvenile",7,-4.8,"Y","SC","F","21.688826","112.79904","220","WPRE"
"193","JMSC170201",353,3,0.721,13.7,-14.4,2.3,6.4,2009,2012,2.78260869565217,"U","WPRE","Juvenile",7,-2.9,"Y","SC","F","21.688826","112.79904","220","WPRE"
"194","JMSC170201",357,7,0.56,13.8,-14.9,3.3,9.6,2009,2016,2.90909090909091,"U","WPRE","Juvenile",7,-2.8,"Y","SC","F","21.688826","112.79904","220","WPRE"
"195","JMSC170219",281,1,2.362,17,-14.7,2.1,5.9,2005,2006,2.80952380952381,"U","WPRE","Juvenile",10,0,"Y","SC","M","21.875739","113.022175","224","WPRE"
"196","JMSC170219",282,2,1.911,16.1,-15,2.1,5.9,2005,2007,2.80952380952381,"U","WPRE","Juvenile",10,-0.899999999999999,"Y","SC","M","21.875739","113.022175","224","WPRE"
"197","JMSC170219",283,3,1.822,15.6,-14.9,2.2,6.3,2005,2008,2.86363636363636,"U","WPRE","Juvenile",10,-1.4,"Y","SC","M","21.875739","113.022175","224","WPRE"
"198","JMSC170219",284,4,1.537,14.8,-14.9,2.3,6.5,2005,2009,2.82608695652174,"U","WPRE","Juvenile",10,-2.2,"Y","SC","M","21.875739","113.022175","224","WPRE"
"199","JMSC170219",285,5,1.355,14.1,-15,2.3,6.5,2005,2010,2.82608695652174,"U","WPRE","Juvenile",10,-2.9,"Y","SC","M","21.875739","113.022175","224","WPRE"
"200","JMSC170219",286,6,0.675,13.9,-14.5,3,8.5,2005,2011,2.83333333333333,"U","WPRE","Juvenile",10,-3.1,"Y","SC","M","21.875739","113.022175","224","WPRE"
"201","JMSC170219",287,7,0.876,13.6,-14.5,2.9,8.1,2005,2012,2.79310344827586,"U","WPRE","Juvenile",10,-3.4,"Y","SC","M","21.875739","113.022175","224","WPRE"
"202","JMSC170219",288,9,0.668,13.1,-14.8,2.8,7.9,2005,2014,2.82142857142857,"U","WPRE","Juvenile",10,-3.9,"Y","SC","M","21.875739","113.022175","224","WPRE"
"203","JMSC170219",289,10,0.612,13.3,-14.8,2.8,7.7,2005,2015,2.75,"U","WPRE","Juvenile",10,-3.7,"Y","SC","M","21.875739","113.022175","224","WPRE"
"204","JMSC170219",290,11,0.735,11.9,-14.5,3.2,8.2,2005,2016,2.5625,"U","WPRE","Adult",10,-5.1,"Y","SC","M","21.875739","113.022175","224","WPRE"
"205","JMSC170512",272,1,0.987,16.1,-14.5,2.8,7.6,2007,2008,2.71428571428571,"U",NA,"Juvenile",8,0,"Y","SC","Un",NA,NA,NA,NA
"206","JMSC170512",273,2,0.807,14.2,-15.5,2.8,7.7,2007,2009,2.75,"U",NA,"Juvenile",8,-1.9,"Y","SC","Un",NA,NA,NA,NA
"207","JMSC170512",274,4,0.779,15.7,-11.4,3.3,8.7,2007,2011,2.63636363636364,"U",NA,"Juvenile",8,-0.400000000000002,"Y","SC","Un",NA,NA,NA,NA
"208","JMSC170512",275,5,0.643,14.2,-14,3,8.6,2007,2012,2.86666666666667,"U",NA,"Juvenile",8,-1.9,"Y","SC","Un",NA,NA,NA,NA
"209","JMSC170512",276,7,0.451,12.4,-14.3,2.9,8.1,2007,2014,2.79310344827586,"U",NA,"Juvenile",8,-3.7,"Y","SC","Un",NA,NA,NA,NA
"210","JMSC170512",277,8,0.527,11.8,-14.8,2.9,8.2,2007,2015,2.82758620689655,"U",NA,"Juvenile",8,-4.3,"Y","SC","Un",NA,NA,NA,NA
"211","JMSC170512",278,9,0.448,10.7,-15.1,2.9,8.4,2007,2016,2.89655172413793,"U",NA,"Juvenile",8,-5.4,"Y","SC","Un",NA,NA,NA,NA
"212","JMSC170512",279,10,0.533,10.8,-15.6,2.8,8,2007,2017,2.85714285714286,"U",NA,"Juvenile",8,-5.3,"Y","SC","Un",NA,NA,NA,NA
"213","JMSC170920",292,1,1.291,13.8,-14.1,1.3,3.8,2000,2001,2.92307692307692,"U","MPRE","Juvenile",12,0,"Y","SC","F","22.107223","113.545207","228","MPRE"
"214","JMSC170920",293,2,1.152,13.6,-14,2.3,6.4,2000,2002,2.78260869565217,"U","MPRE","Juvenile",12,-0.200000000000001,"Y","SC","F","22.107223","113.545207","228","MPRE"
"215","JMSC170920",294,3,0.74,14.4,-14.4,3.9,11.3,2000,2003,2.8974358974359,"U","MPRE","Juvenile",12,0.6,"Y","SC","F","22.107223","113.545207","228","MPRE"
"216","JMSC170920",295,4,0.894,16,-13.7,3.8,10.5,2000,2004,2.76315789473684,"U","MPRE","Juvenile",12,2.2,"Y","SC","F","22.107223","113.545207","228","MPRE"
"217","JMSC170920",296,5,0.5,13.2,-13.6,2.9,8.1,2000,2005,2.79310344827586,"U","MPRE","Juvenile",12,-0.600000000000001,"Y","SC","F","22.107223","113.545207","228","MPRE"
"218","JMSC170920",297,6,0.639,12.4,-14,2.7,7.5,2000,2006,2.77777777777778,"U","MPRE","Juvenile",12,-1.4,"Y","SC","F","22.107223","113.545207","228","MPRE"
"219","JMSC170920",298,7,0.564,12.5,-14,2.8,7.8,2000,2007,2.78571428571429,"U","MPRE","Juvenile",12,-1.3,"Y","SC","F","22.107223","113.545207","228","MPRE"
"220","JMSC170920",299,8,0.373,12.8,-14,2.9,8,2000,2008,2.75862068965517,"U","MPRE","Juvenile",12,-1,"Y","SC","F","22.107223","113.545207","228","MPRE"
"221","JMSC170920",300,9,0.407,12.3,-14.3,2.8,7.7,2000,2009,2.75,"U","MPRE","Juvenile",12,-1.5,"Y","SC","F","22.107223","113.545207","228","MPRE"
"222","JMSC170920",301,10,0.419,12.2,-14.3,2.7,7.7,2000,2010,2.85185185185185,"U","MPRE","Juvenile",12,-1.6,"Y","SC","F","22.107223","113.545207","228","MPRE"
"223","JMSC170920",302,11,0.34,12.1,-13.8,2.7,7.6,2000,2011,2.81481481481481,"U","MPRE","Adult",12,-1.7,"Y","SC","F","22.107223","113.545207","228","MPRE"
"224","JMSC170920",303,12,0.341,12.1,-14.2,2.8,7.6,2000,2012,2.71428571428571,"U","MPRE","Adult",12,-1.7,"Y","SC","F","22.107223","113.545207","228","MPRE"
"225","MASC160323",337,1,1.1,14.8,-15.1,2.3,6.6,2008,2009,2.8695652173913,"U","MPRE","Juvenile",9,0,"Y","SC","F","22.13932653","113.5816146","245.5","MPRE"
"226","MASC160323",338,2,0.861,14.2,-15.1,2.5,7.2,2008,2010,2.88,"U","MPRE","Juvenile",9,-0.600000000000001,"Y","SC","F","22.13932653","113.5816146","245.5","MPRE"
"227","MASC160323",339,3,1.012,13.7,-15.3,2.5,7.1,2008,2011,2.84,"U","MPRE","Juvenile",9,-1.1,"Y","SC","F","22.13932653","113.5816146","245.5","MPRE"
"228","MASC160323",345,9,0.461,12.2,-15.2,3.1,9,2008,2017,2.90322580645161,"U","MPRE","Juvenile",9,-2.6,"Y","SC","F","22.13932653","113.5816146","245.5","MPRE"
"229","MASC160323",341,5,1.042,13.6,-14.9,2.4,6.8,2008,2013,2.83333333333333,"U","MPRE","Juvenile",9,-1.2,"Y","SC","F","22.13932653","113.5816146","245.5","MPRE"
"230","MASC160323",342,6,1.37,14.1,-15.3,2.5,7.4,2008,2014,2.96,"U","MPRE","Juvenile",9,-0.700000000000001,"Y","SC","F","22.13932653","113.5816146","245.5","MPRE"
"231","MASC160323",343,7,0.658,14,-14.9,2.8,8.3,2008,2015,2.96428571428571,"U","MPRE","Juvenile",9,-0.800000000000001,"Y","SC","F","22.13932653","113.5816146","245.5","MPRE"
"232","MASC160323",340,4,0.937,13.8,-15.3,2.4,7.1,2008,2012,2.95833333333333,"U","MPRE","Juvenile",9,-1,"Y","SC","F","22.13932653","113.5816146","245.5","MPRE"
"233","MASC160323",344,8,0.745,13.1,-14.6,2.7,7.7,2008,2016,2.85185185185185,"U","MPRE","Juvenile",9,-1.7,"Y","SC","F","22.13932653","113.5816146","245.5","MPRE"
"234","MASC170718",327,1,1.151,15.6,-15.7,2.5,6.6,2008,2009,2.64,"U","MPRE","Juvenile",8,0,"Y","SC","M","22.112201","113.564258","224","MPRE"
"235","MASC170718",328,2,1.212,14.6,-15.6,0.8,2.3,2008,2010,2.875,"U","MPRE","Juvenile",8,-1,"Y","SC","M","22.112201","113.564258","224","MPRE"
"236","MASC170718",329,3,1.042,14.4,-16.5,2.6,7.2,2008,2011,2.76923076923077,"U","MPRE","Juvenile",8,-1.2,"Y","SC","M","22.112201","113.564258","224","MPRE"
"237","MASC170718",330,4,1.123,14.6,-17.5,2.5,7.2,2008,2012,2.88,"U","MPRE","Juvenile",8,-1,"Y","SC","M","22.112201","113.564258","224","MPRE"
"238","MASC170718",331,5,1.201,14.4,-17.5,2.5,7.4,2008,2013,2.96,"U","MPRE","Juvenile",8,-1.2,"Y","SC","M","22.112201","113.564258","224","MPRE"
"239","MASC170718",332,6,1.403,14.6,-16.7,1.9,5.6,2008,2014,2.94736842105263,"U","MPRE","Juvenile",8,-1,"Y","SC","M","22.112201","113.564258","224","MPRE"
"240","MASC170718",333,7,1.068,12.4,-16.5,2.8,8.2,2008,2015,2.92857142857143,"U","MPRE","Juvenile",8,-3.2,"Y","SC","M","22.112201","113.564258","224","MPRE"
"241","MASC170718",334,8,1.004,11.7,-16.8,2.6,7.6,2008,2016,2.92307692307692,"U","MPRE","Juvenile",8,-3.9,"Y","SC","M","22.112201","113.564258","224","MPRE"
"242","ZHSC100419",508,1,1.243,17,-14.2,2.05,5.97,1992,1993,2.91219512195122,"U","MPRE","Juvenile",16,0,"Y","SC","M","22.021736","113.717382","239","MPRE"
"243","ZHSC100419",509,2,1.289,14.5,-14.8,2.24,6.6,1992,1994,2.94642857142857,"U","MPRE","Juvenile",16,-2.5,"Y","SC","M","22.021736","113.717382","239","MPRE"
"244","ZHSC100419",510,3,1.091,13.8,-14.6,2.07,6.16,1992,1995,2.97584541062802,"U","MPRE","Juvenile",16,-3.2,"Y","SC","M","22.021736","113.717382","239","MPRE"
"245","ZHSC100419",511,4,1.015,13.5,-14.7,2.05,6.14,1992,1996,2.99512195121951,"U","MPRE","Juvenile",16,-3.5,"Y","SC","M","22.021736","113.717382","239","MPRE"
"246","ZHSC100419",512,5,0.857,13.3,-14.2,2.07,6.21,1992,1997,3,"U","MPRE","Juvenile",16,-3.7,"Y","SC","M","22.021736","113.717382","239","MPRE"
"247","ZHSC100419",513,6,1.102,13.5,-14.4,1.97,5.82,1992,1998,2.95431472081218,"U","MPRE","Juvenile",16,-3.5,"Y","SC","M","22.021736","113.717382","239","MPRE"
"248","ZHSC100419",514,7,0.695,13.7,-15.1,2.18,6.61,1992,1999,3.03211009174312,"U","MPRE","Juvenile",16,-3.3,"Y","SC","M","22.021736","113.717382","239","MPRE"
"249","ZHSC100419",515,8,0.614,13.5,-15.4,2.04,6.18,1992,2000,3.02941176470588,"U","MPRE","Juvenile",16,-3.5,"Y","SC","M","22.021736","113.717382","239","MPRE"
"250","ZHSC100419",516,9,0.733,13.5,-15.8,2.15,6.54,1992,2001,3.04186046511628,"U","MPRE","Juvenile",16,-3.5,"Y","SC","M","22.021736","113.717382","239","MPRE"
"251","ZHSC100419",517,10,0.651,13.8,-15.9,2.14,6.52,1992,2002,3.04672897196262,"U","MPRE","Juvenile",16,-3.2,"Y","SC","M","22.021736","113.717382","239","MPRE"
"252","ZHSC100419",518,11,0.908,14.4,-15.2,2.35,7.02,1992,2003,2.98723404255319,"U","MPRE","Adult",16,-2.6,"Y","SC","M","22.021736","113.717382","239","MPRE"
"253","ZHSC100419",519,12,0.686,13.8,-15.4,2.36,7.05,1992,2004,2.98728813559322,"U","MPRE","Adult",16,-3.2,"Y","SC","M","22.021736","113.717382","239","MPRE"
"254","ZHSC100419",520,13,0.614,13,-14.7,2.41,7.26,1992,2005,3.01244813278008,"U","MPRE","Adult",16,-4,"Y","SC","M","22.021736","113.717382","239","MPRE"
"255","ZHSC100419",521,14,0.571,13.6,-15.6,2.412,7.37,1992,2006,3.05555555555556,"U","MPRE","Adult",16,-3.4,"Y","SC","M","22.021736","113.717382","239","MPRE"
"256","ZHSC100419",522,15,0.511,14,-15.8,2.613,7.753,1992,2007,2.96708763872943,"U","MPRE","Adult",16,-3,"Y","SC","M","22.021736","113.717382","239","MPRE"
"257","ZHSC100419",523,16,0.527,14.1,-17.4,2.566,7.55,1992,2008,2.9423226812159,"U","MPRE","Adult",16,-2.9,"Y","SC","M","22.021736","113.717382","239","MPRE"
"258","ZHSC110505",645,1,2.506,17.5,-13.9,2.09,5.98,1986,1987,2.86124401913876,"U","EPRE","Juvenile",21,0,"Y","SC","F","22.947161","113.003566","254","EPRE"
"259","ZHSC110505",646,2,1.39,15.5,-14.8,2.31,6.61,1986,1988,2.86147186147186,"U","EPRE","Juvenile",21,-2,"Y","SC","F","22.947161","113.003566","254","EPRE"
"260","ZHSC110505",647,3,1.392,14.9,-14.7,2.26,6.56,1986,1989,2.90265486725664,"U","EPRE","Juvenile",21,-2.6,"Y","SC","F","22.947161","113.003566","254","EPRE"
"261","ZHSC110505",648,4,1.21,13.9,-14.7,2.22,6.43,1986,1990,2.8963963963964,"U","EPRE","Juvenile",21,-3.6,"Y","SC","F","22.947161","113.003566","254","EPRE"
"262","ZHSC110505",649,5,1.46,13.5,-14.2,2,5.91,1986,1991,2.955,"U","EPRE","Juvenile",21,-4,"Y","SC","F","22.947161","113.003566","254","EPRE"
"263","ZHSC110505",650,6,1.309,13.4,-13.9,2.13,6.38,1986,1992,2.99530516431925,"U","EPRE","Juvenile",21,-4.1,"Y","SC","F","22.947161","113.003566","254","EPRE"
"264","ZHSC110505",651,7,1.257,13.8,-14.1,2.13,6.37,1986,1993,2.9906103286385,"U","EPRE","Juvenile",21,-3.7,"Y","SC","F","22.947161","113.003566","254","EPRE"
"265","ZHSC110505",652,8,1.794,14.4,-14.4,2.25,6.73,1986,1994,2.99111111111111,"U","EPRE","Juvenile",21,-3.1,"Y","SC","F","22.947161","113.003566","254","EPRE"
"266","ZHSC110505",653,9,1.271,14.3,-14.4,2.16,6.43,1986,1995,2.97685185185185,"U","EPRE","Juvenile",21,-3.2,"Y","SC","F","22.947161","113.003566","254","EPRE"
"267","ZHSC110505",654,10,1.149,14.3,-14.9,2.35,7.08,1986,1996,3.01276595744681,"U","EPRE","Juvenile",21,-3.2,"Y","SC","F","22.947161","113.003566","254","EPRE"
"268","ZHSC110505",655,11,1.229,14.2,-14.5,2.31,6.8,1986,1997,2.94372294372294,"U","EPRE","Adult",21,-3.3,"Y","SC","F","22.947161","113.003566","254","EPRE"
"269","ZHSC110505",656,12,1.149,13.6,-14.4,2.36,6.89,1986,1998,2.91949152542373,"U","EPRE","Adult",21,-3.9,"Y","SC","F","22.947161","113.003566","254","EPRE"
"270","ZHSC110505",657,13,1.146,13.8,-14.2,2.36,6.82,1986,1999,2.88983050847458,"U","EPRE","Adult",21,-3.7,"Y","SC","F","22.947161","113.003566","254","EPRE"
"271","ZHSC110505",658,14,0.904,13.7,-14.3,2.32,6.72,1986,2000,2.89655172413793,"U","EPRE","Adult",21,-3.8,"Y","SC","F","22.947161","113.003566","254","EPRE"
"272","ZHSC110505",659,15,0.764,13.5,-14.3,2.39,6.83,1986,2001,2.85774058577406,"U","EPRE","Adult",21,-4,"Y","SC","F","22.947161","113.003566","254","EPRE"
"273","ZHSC110505",660,16,0.788,13.2,-14.6,2.38,6.88,1986,2002,2.89075630252101,"U","EPRE","Adult",21,-4.3,"Y","SC","F","22.947161","113.003566","254","EPRE"
"274","ZHSC110505",661,17,0.586,13,-14.5,2.45,6.99,1986,2003,2.8530612244898,"U","EPRE","Adult",21,-4.5,"Y","SC","F","22.947161","113.003566","254","EPRE"
"275","ZHSC110505",662,18,0.603,13.4,-14.3,2.53,7.16,1986,2004,2.8300395256917,"U","EPRE","Adult",21,-4.1,"Y","SC","F","22.947161","113.003566","254","EPRE"
"276","ZHSC110505",663,19,0.539,13.1,-14.3,2.6,7.35,1986,2005,2.82692307692308,"U","EPRE","Adult",21,-4.4,"Y","SC","F","22.947161","113.003566","254","EPRE"
"277","ZHSC110505",664,21,0.53,13,-14.3,2.57,7.22,1986,2007,2.80933852140078,"U","EPRE","Adult",21,-4.5,"Y","SC","F","22.947161","113.003566","254","EPRE"
"278","ZHSC110505",665,8,0.58,13.3,-14.3,2.5,7.03,1986,1994,2.812,"U","EPRE","Juvenile",21,-4.2,"Y","SC","F","22.947161","113.003566","254","EPRE"
"279","ZHSC110512",564,1,1.399,17.4,-16.1,2.04,5.95,2006,2007,2.91666666666667,"U","EPRE","Juvenile",7,0,"Y","SC","M","22.340167","113.594932","221","EPRE"
"280","ZHSC110512",565,2,1.056,16.2,-16.6,2.21,6.38,2006,2008,2.8868778280543,"U","EPRE","Juvenile",7,-1.2,"Y","SC","M","22.340167","113.594932","221","EPRE"
"281","ZHSC110512",566,3,1.009,15.5,-17,2.34,6.7,2006,2009,2.86324786324786,"U","EPRE","Juvenile",7,-1.9,"Y","SC","M","22.340167","113.594932","221","EPRE"
"282","ZHSC110512",567,4,1.145,15.6,-17.2,2.45,7.05,2006,2010,2.87755102040816,"U","EPRE","Juvenile",7,-1.8,"Y","SC","M","22.340167","113.594932","221","EPRE"
"283","ZHSC110512",568,5,1.176,15.2,-17.6,2.43,7.24,2006,2011,2.97942386831276,"U","EPRE","Juvenile",7,-2.2,"Y","SC","M","22.340167","113.594932","221","EPRE"
"284","ZHSC110512",569,6,1.005,14.7,-17.5,2.46,7.01,2006,2012,2.84959349593496,"U","EPRE","Juvenile",7,-2.7,"Y","SC","M","22.340167","113.594932","221","EPRE"
"285","ZHSC110512",570,7,0.921,14.9,-17.6,2.49,7.32,2006,2013,2.93975903614458,"U","EPRE","Juvenile",7,-2.5,"Y","SC","M","22.340167","113.594932","221","EPRE"
"286","ZHSC110618",584,1,2.05,17.3,-14.3,2.45,7.34,1988,1989,2.99591836734694,"U","EPRE","Juvenile",15,0,"Y","SC","F","22.762829","113.544547","250","EPRE"
"287","ZHSC110618",585,2,0.901,14.6,-14.9,2.82,8.19,1988,1990,2.90425531914894,"U","EPRE","Juvenile",15,-2.7,"Y","SC","F","22.762829","113.544547","250","EPRE"
"288","ZHSC110618",586,3,0.887,14.3,-14.7,2.75,8.25,1988,1991,3,"U","EPRE","Juvenile",15,-3,"Y","SC","F","22.762829","113.544547","250","EPRE"
"289","ZHSC110618",587,4,2.703,14.7,-14.2,2.53,7.66,1988,1992,3.02766798418972,"U","EPRE","Juvenile",15,-2.6,"Y","SC","F","22.762829","113.544547","250","EPRE"
"290","ZHSC110618",588,5,1.919,14.6,-15,2.35,7.38,1988,1993,3.14042553191489,"U","EPRE","Juvenile",15,-2.7,"Y","SC","F","22.762829","113.544547","250","EPRE"
"291","ZHSC110618",589,6,1.687,14.5,-14.6,2.49,7.48,1988,1994,3.00401606425703,"U","EPRE","Juvenile",15,-2.8,"Y","SC","F","22.762829","113.544547","250","EPRE"
"292","ZHSC110618",590,7,1.616,14.6,-14.6,2.55,7.77,1988,1995,3.04705882352941,"U","EPRE","Juvenile",15,-2.7,"Y","SC","F","22.762829","113.544547","250","EPRE"
"293","ZHSC110618",591,8,1.36,14.6,-14.6,2.54,7.67,1988,1996,3.01968503937008,"U","EPRE","Juvenile",15,-2.7,"Y","SC","F","22.762829","113.544547","250","EPRE"
"294","ZHSC110618",592,9,1.323,14.4,-14.5,2.66,8.03,1988,1997,3.0187969924812,"U","EPRE","Juvenile",15,-2.9,"Y","SC","F","22.762829","113.544547","250","EPRE"
"295","ZHSC110618",593,10,0.877,13.9,-14.5,2.72,8.15,1988,1998,2.99632352941176,"U","EPRE","Juvenile",15,-3.4,"Y","SC","F","22.762829","113.544547","250","EPRE"
"296","ZHSC110618",594,11,0.62,13.7,-14.6,2.78,8.21,1988,1999,2.95323741007194,"U","EPRE","Adult",15,-3.6,"Y","SC","F","22.762829","113.544547","250","EPRE"
"297","ZHSC110618",595,12,0.488,12.7,-14.7,2.78,8.12,1988,2000,2.92086330935252,"U","EPRE","Adult",15,-4.6,"Y","SC","F","22.762829","113.544547","250","EPRE"
"298","ZHSC110618",596,13,0.508,12.8,-14.4,2.48,7.25,1988,2001,2.92338709677419,"U","EPRE","Adult",15,-4.5,"Y","SC","F","22.762829","113.544547","250","EPRE"
"299","ZHSC110618",597,14,0.409,12.7,-14.7,2.77,8.02,1988,2002,2.89530685920578,"U","EPRE","Adult",15,-4.6,"Y","SC","F","22.762829","113.544547","250","EPRE"
"300","ZHSC110618",598,15,0.422,13,-14.8,2.69,7.81,1988,2003,2.90334572490706,"U","EPRE","Adult",15,-4.3,"Y","SC","F","22.762829","113.544547","250","EPRE"
"301","ZHSC110915",408,1,1.488,16.8,-16.4,2.43,6.87,2004,2005,2.82716049382716,"U","EPRE","Juvenile",6,0,"Y","SC","F","22.30372","113.58167","222","EPRE"
"302","ZHSC110915",409,2,1.599,15.7,-17.3,2.54,7.42,2004,2006,2.92125984251969,"U","EPRE","Juvenile",6,-1.1,"Y","SC","F","22.30372","113.58167","222","EPRE"
"303","ZHSC110915",411,4,1.577,15.3,-17.9,2.35,6.95,2004,2008,2.95744680851064,"U","EPRE","Juvenile",6,-1.5,"Y","SC","F","22.30372","113.58167","222","EPRE"
"304","ZHSC110915",412,5,1.871,14.8,-17.8,2.57,7.59,2004,2009,2.95330739299611,"U","EPRE","Juvenile",6,-2,"Y","SC","F","22.30372","113.58167","222","EPRE"
"305","ZHSC110915",413,6,1.069,14.1,-18.2,2.78,8.22,2004,2010,2.9568345323741,"U","EPRE","Juvenile",6,-2.7,"Y","SC","F","22.30372","113.58167","222","EPRE"
"306","ZHSC110915",410,3,1.589,15.3,-17.5,2.35,6.96,2004,2007,2.96170212765957,"U","EPRE","Juvenile",6,-1.5,"Y","SC","F","22.30372","113.58167","222","EPRE"
"307","ZHSC150921",776,1,1.377,15.3,-14.2,2.35,6.83,1995,1996,2.9063829787234,"U","EPRE","Juvenile",13,0,"Y","SC","Un","22.415928","113.802244","259","EPRE"
"308","ZHSC150921",777,2,1.105,13.7,-14.5,2.35,6.79,1995,1997,2.88936170212766,"U","EPRE","Juvenile",13,-1.6,"Y","SC","Un","22.415928","113.802244","259","EPRE"
"309","ZHSC150921",778,3,1.019,13.3,-14.5,2.37,6.86,1995,1998,2.89451476793249,"U","EPRE","Juvenile",13,-2,"Y","SC","Un","22.415928","113.802244","259","EPRE"
"310","ZHSC150921",779,4,0.817,12.6,-14.7,2.33,6.83,1995,1999,2.931330472103,"U","EPRE","Juvenile",13,-2.7,"Y","SC","Un","22.415928","113.802244","259","EPRE"
"311","ZHSC150921",780,5,0.85,12.7,-14.3,2.29,6.69,1995,2000,2.92139737991266,"U","EPRE","Juvenile",13,-2.6,"Y","SC","Un","22.415928","113.802244","259","EPRE"
"312","ZHSC150921",781,6,0.811,13,-14.7,2.21,6.59,1995,2001,2.98190045248869,"U","EPRE","Juvenile",13,-2.3,"Y","SC","Un","22.415928","113.802244","259","EPRE"
"313","ZHSC150921",782,7,0.811,12.9,-14.7,2.1,6.23,1995,2002,2.96666666666667,"U","EPRE","Juvenile",13,-2.4,"Y","SC","Un","22.415928","113.802244","259","EPRE"
"314","ZHSC150921",783,8,0.514,12.4,-15.1,2.29,6.95,1995,2003,3.03493449781659,"U","EPRE","Juvenile",13,-2.9,"Y","SC","Un","22.415928","113.802244","259","EPRE"
"315","ZHSC150921",784,9,0.729,13,-15.1,2.26,6.83,1995,2004,3.02212389380531,"U","EPRE","Juvenile",13,-2.3,"Y","SC","Un","22.415928","113.802244","259","EPRE"
"316","ZHSC150921",785,10,0.798,12.4,-14.4,2.28,6.82,1995,2005,2.99122807017544,"U","EPRE","Juvenile",13,-2.9,"Y","SC","Un","22.415928","113.802244","259","EPRE"
"317","ZHSC150921",786,11,0.763,12.6,-14.3,2.16,6.28,1995,2006,2.90740740740741,"U","EPRE","Adult",13,-2.7,"Y","SC","Un","22.415928","113.802244","259","EPRE"
"318","ZHSC150921",787,12,0.704,12.9,-14.8,2.32,7.03,1995,2007,3.0301724137931,"U","EPRE","Adult",13,-2.4,"Y","SC","Un","22.415928","113.802244","259","EPRE"
"319","ZHSC150921",788,13,0.67,12.4,-14.7,2.32,7,1995,2008,3.01724137931035,"U","EPRE","Adult",13,-2.9,"Y","SC","Un","22.415928","113.802244","259","EPRE"
"320","ZHSC160302",555,1,0.97,14.9,-17.8,2.27,5.9,2008,2009,2.59911894273128,"U","MPRE","Juvenile",6,0,"Y","SC","M","21.917066","113.281361","230","MPRE"
"321","ZHSC160302",556,2,0.68,12.2,-15.2,2.16,5.94,2008,2010,2.75,"U","MPRE","Juvenile",6,-2.7,"Y","SC","M","21.917066","113.281361","230","MPRE"
"322","ZHSC160302",557,3,0.808,13.8,-15.2,2.27,6.7,2008,2011,2.95154185022026,"U","MPRE","Juvenile",6,-1.1,"Y","SC","M","21.917066","113.281361","230","MPRE"
"323","ZHSC160302",558,4,0.705,13.3,-15,2.3,6.61,2008,2012,2.87391304347826,"U","MPRE","Juvenile",6,-1.6,"Y","SC","M","21.917066","113.281361","230","MPRE"
"324","ZHSC160302",559,5,0.676,13.1,-15,2.35,6.78,2008,2013,2.88510638297872,"U","MPRE","Juvenile",6,-1.8,"Y","SC","M","21.917066","113.281361","230","MPRE"
"325","ZHSC160321",730,1,1.2,13.5,-15.1,2.05,5.8,2005,2006,2.82926829268293,"U","EPRE","Juvenile",11,-1,"Y","SC","F","22.39618813","113.6501832","253","EPRE"
"326","ZHSC160321",731,2,1.261,13.6,-15.4,2.24,6.32,2005,2007,2.82142857142857,"U","EPRE","Juvenile",11,-0.9,"Y","SC","F","22.39618813","113.6501832","253","EPRE"
"327","ZHSC160321",732,3,1.31,13.4,-15.5,2.25,6.39,2005,2008,2.84,"U","EPRE","Juvenile",11,-1.1,"Y","SC","F","22.39618813","113.6501832","253","EPRE"
"328","ZHSC160321",733,4,1.248,13,-15.4,2.42,6.91,2005,2009,2.85537190082645,"U","EPRE","Juvenile",11,-1.5,"Y","SC","F","22.39618813","113.6501832","253","EPRE"
"329","ZHSC160321",734,5,1.237,12.5,-15.2,2.42,6.92,2005,2010,2.85950413223141,"U","EPRE","Juvenile",11,-2,"Y","SC","F","22.39618813","113.6501832","253","EPRE"
"330","ZHSC160321",735,6,1.134,12.3,-15.1,2.45,7.01,2005,2011,2.86122448979592,"U","EPRE","Juvenile",11,-2.2,"Y","SC","F","22.39618813","113.6501832","253","EPRE"
"331","ZHSC160321",736,7,1.25,12.1,-15.1,2.4,6.87,2005,2012,2.8625,"U","EPRE","Juvenile",11,-2.4,"Y","SC","F","22.39618813","113.6501832","253","EPRE"
"332","ZHSC160321",737,8,0.859,12,-15.4,2.53,7.27,2005,2013,2.87351778656126,"U","EPRE","Juvenile",11,-2.5,"Y","SC","F","22.39618813","113.6501832","253","EPRE"
"333","ZHSC160321",738,9,1.223,12.6,-15.5,2.36,6.88,2005,2014,2.91525423728814,"U","EPRE","Juvenile",11,-1.9,"Y","SC","F","22.39618813","113.6501832","253","EPRE"
"334","ZHSC160321",739,10,0.936,13.2,-15.6,2.42,6.97,2005,2015,2.8801652892562,"U","EPRE","Juvenile",11,-1.3,"Y","SC","F","22.39618813","113.6501832","253","EPRE"
"335","ZHSC160410",695,1,1.056,15.9,-13.7,2.48,6.98,2004,2005,2.81451612903226,"U","EPRE","Juvenile",12,0,"Y","SC","F","23.253063","112.838064","254","EPRE"
"336","ZHSC160410",696,2,1.02,14.7,-13.9,2.45,7.06,2004,2006,2.88163265306122,"U","EPRE","Juvenile",12,-1.2,"Y","SC","F","23.253063","112.838064","254","EPRE"
"337","ZHSC160410",697,3,2.045,13.9,-14.1,2.29,6.53,2004,2007,2.85152838427948,"U","EPRE","Juvenile",12,-2,"Y","SC","F","23.253063","112.838064","254","EPRE"
"338","ZHSC160410",698,4,1.184,13.1,-14.1,2.21,6.35,2004,2008,2.87330316742081,"U","EPRE","Juvenile",12,-2.8,"Y","SC","F","23.253063","112.838064","254","EPRE"
"339","ZHSC160410",699,5,0.993,13.2,-14.1,2.15,6.22,2004,2009,2.89302325581395,"U","EPRE","Juvenile",12,-2.7,"Y","SC","F","23.253063","112.838064","254","EPRE"
"340","ZHSC160410",700,6,0.723,13.1,-14.1,2.38,6.91,2004,2010,2.90336134453782,"U","EPRE","Juvenile",12,-2.8,"Y","SC","F","23.253063","112.838064","254","EPRE"
"341","ZHSC160410",701,7,0.634,12.3,-14,2.42,7,2004,2011,2.89256198347107,"U","EPRE","Juvenile",12,-3.6,"Y","SC","F","23.253063","112.838064","254","EPRE"
"342","ZHSC160410",702,8,0.841,12.5,-14,2.43,7.06,2004,2012,2.90534979423868,"U","EPRE","Juvenile",12,-3.4,"Y","SC","F","23.253063","112.838064","254","EPRE"
"343","ZHSC160410",703,9,0.759,12.5,-13.7,2.42,6.92,2004,2013,2.85950413223141,"U","EPRE","Juvenile",12,-3.4,"Y","SC","F","23.253063","112.838064","254","EPRE"
"344","ZHSC160410",704,10,0.605,11.5,-13.6,2.6,7.38,2004,2014,2.83846153846154,"U","EPRE","Juvenile",12,-4.4,"Y","SC","F","23.253063","112.838064","254","EPRE"
"345","ZHSC160410",705,11,0.35,10.2,-13.6,2.67,7.44,2004,2015,2.78651685393258,"U","EPRE","Adult",12,-5.7,"Y","SC","F","23.253063","112.838064","254","EPRE"
"346","ZHSC160410",706,12,0.409,11.2,-13.6,2.67,7.52,2004,2016,2.81647940074906,"U","EPRE","Adult",12,-4.7,"Y","SC","F","23.253063","112.838064","254","EPRE"
"347","ZHSC160506",707,1,1.262,15.6,-14.4,2.13,6.06,2005,2006,2.84507042253521,"U","EPRE","Juvenile",10,0,"Y","SC","F","22.23972191","113.6159775","233","EPRE"
"348","ZHSC160506",708,2,1.605,13.7,-14.8,2.16,6.31,2005,2007,2.9212962962963,"U","EPRE","Juvenile",10,-1.9,"Y","SC","F","22.23972191","113.6159775","233","EPRE"
"349","ZHSC160506",709,3,1.473,13,-15.3,1.99,5.88,2005,2008,2.95477386934673,"U","EPRE","Juvenile",10,-2.6,"Y","SC","F","22.23972191","113.6159775","233","EPRE"
"350","ZHSC160506",710,4,1.649,12.6,-15.4,2.07,6.22,2005,2009,3.0048309178744,"U","EPRE","Juvenile",10,-3,"Y","SC","F","22.23972191","113.6159775","233","EPRE"
"351","ZHSC160506",711,5,1.457,12.5,-15.4,2.18,6.62,2005,2010,3.03669724770642,"U","EPRE","Juvenile",10,-3.1,"Y","SC","F","22.23972191","113.6159775","233","EPRE"
"352","ZHSC160506",712,6,1.483,12.6,-14.9,2.33,6.85,2005,2011,2.93991416309013,"U","EPRE","Juvenile",10,-3,"Y","SC","F","22.23972191","113.6159775","233","EPRE"
"353","ZHSC160506",713,7,1.317,12.3,-15,2.23,6.48,2005,2012,2.90582959641256,"U","EPRE","Juvenile",10,-3.3,"Y","SC","F","22.23972191","113.6159775","233","EPRE"
"354","ZHSC160506",714,8,0.638,11.5,-15.1,2.56,7.38,2005,2013,2.8828125,"U","EPRE","Juvenile",10,-4.1,"Y","SC","F","22.23972191","113.6159775","233","EPRE"
"355","ZHSC160506",715,9,1.066,12.3,-15.1,2.48,7.26,2005,2014,2.92741935483871,"U","EPRE","Juvenile",10,-3.3,"Y","SC","F","22.23972191","113.6159775","233","EPRE"
"356","ZHSC160506",716,10,1.075,12.1,-15,2.65,7.6,2005,2015,2.86792452830189,"U","EPRE","Juvenile",10,-3.5,"Y","SC","F","22.23972191","113.6159775","233","EPRE"
"357","ZHSC161213",599,1,3.758,18.3,-14.9,1.99,5.84,1997,1998,2.93467336683417,"U","MPRE","Juvenile",12,0,"Y","SC","M","22.03568","113.397412","241","MPRE"
"358","ZHSC161213",600,2,2.737,15.7,-16,2.24,6.77,1997,1999,3.02232142857143,"U","MPRE","Juvenile",12,-2.6,"Y","SC","M","22.03568","113.397412","241","MPRE"
"359","ZHSC161213",601,3,2.737,15.1,-15.5,2.68,7.91,1997,2000,2.95149253731343,"U","MPRE","Juvenile",12,-3.2,"Y","SC","M","22.03568","113.397412","241","MPRE"
"360","ZHSC161213",602,4,1.872,14.6,-15.6,2.63,7.69,1997,2001,2.92395437262357,"U","MPRE","Juvenile",12,-3.7,"Y","SC","M","22.03568","113.397412","241","MPRE"
"361","ZHSC161213",603,5,2.267,14.5,-15.3,2.6,7.76,1997,2002,2.98461538461538,"U","MPRE","Juvenile",12,-3.8,"Y","SC","M","22.03568","113.397412","241","MPRE"
"362","ZHSC161213",604,6,1.94,14.1,-15.5,2.39,7.19,1997,2003,3.00836820083682,"U","MPRE","Juvenile",12,-4.2,"Y","SC","M","22.03568","113.397412","241","MPRE"
"363","ZHSC161213",605,7,1.941,14.1,-16,2.68,8.15,1997,2004,3.0410447761194,"U","MPRE","Juvenile",12,-4.2,"Y","SC","M","22.03568","113.397412","241","MPRE"
"364","ZHSC161213",606,8,0.765,13.5,-16.4,2.9,8.7,1997,2005,3,"U","MPRE","Juvenile",12,-4.8,"Y","SC","M","22.03568","113.397412","241","MPRE"
"365","ZHSC161213",607,9,1.433,14.1,-16.5,2.72,8.3,1997,2006,3.05147058823529,"U","MPRE","Juvenile",12,-4.2,"Y","SC","M","22.03568","113.397412","241","MPRE"
"366","ZHSC161213",608,10,1.262,14.6,-16.6,2.68,8.05,1997,2007,3.00373134328358,"U","MPRE","Juvenile",12,-3.7,"Y","SC","M","22.03568","113.397412","241","MPRE"
"367","ZHSC161213",609,11,1.215,14.4,-17,2.72,8.23,1997,2008,3.02573529411765,"U","MPRE","Adult",12,-3.9,"Y","SC","M","22.03568","113.397412","241","MPRE"
"368","ZHSC161213",610,12,1.217,14.2,-16.8,2.84,8.58,1997,2009,3.02112676056338,"U","MPRE","Adult",12,-4.1,"Y","SC","M","22.03568","113.397412","241","MPRE"
"369","ZHSC161214",363,1,1.418,14.4,-17.2,2.2,6.7,2009,2010,3.04545454545455,"U","MPRE","Juvenile",6,-2.2,"Y","SC","M","22.065639","113.507694","224","MPRE"
"370","ZHSC161214",364,2,1.285,14.5,-17.7,2.5,7.8,2009,2011,3.12,"U","MPRE","Juvenile",6,-2.1,"Y","SC","M","22.065639","113.507694","224","MPRE"
"371","ZHSC161214",365,4,1.085,13.5,-18,2.3,7.1,2009,2013,3.08695652173913,"U","MPRE","Juvenile",6,-3.1,"Y","SC","M","22.065639","113.507694","224","MPRE"
"372","ZHSC161214",366,5,1.654,13.5,-17.8,2.4,7.4,2009,2014,3.08333333333333,"U","MPRE","Juvenile",6,-3.1,"Y","SC","M","22.065639","113.507694","224","MPRE"
"373","ZHSC161214",367,6,1.627,12.5,-18,2.1,6.2,2009,2015,2.95238095238095,"U","MPRE","Juvenile",6,-4.1,"Y","SC","M","22.065639","113.507694","224","MPRE"
"374","ZHSC170410",612,1,1.154,15.1,-14.5,2.31,6.71,1991,1992,2.9047619047619,"U","MPRE","Juvenile",16,-1.6,"Y","SC","Un","22.033938","113.244132","233","MPRE"
"375","ZHSC170410",613,2,0.986,14,-14.5,2.32,6.78,1991,1993,2.92241379310345,"U","MPRE","Juvenile",16,-2.7,"Y","SC","Un","22.033938","113.244132","233","MPRE"
"376","ZHSC170410",614,3,1.206,13.6,-14.6,2.29,6.8,1991,1994,2.96943231441048,"U","MPRE","Juvenile",16,-3.1,"Y","SC","Un","22.033938","113.244132","233","MPRE"
"377","ZHSC170410",615,4,1.25,13.2,-14.5,2.26,6.8,1991,1995,3.00884955752212,"U","MPRE","Juvenile",16,-3.5,"Y","SC","Un","22.033938","113.244132","233","MPRE"
"378","ZHSC170410",616,5,1.278,12.9,-14.7,2.26,6.73,1991,1996,2.97787610619469,"U","MPRE","Juvenile",16,-3.8,"Y","SC","Un","22.033938","113.244132","233","MPRE"
"379","ZHSC170410",617,6,1.103,12.7,-14.5,2.29,6.89,1991,1997,3.00873362445415,"U","MPRE","Juvenile",16,-4,"Y","SC","Un","22.033938","113.244132","233","MPRE"
"380","ZHSC170410",618,7,1.103,13.2,-14.8,2,5.98,1991,1998,2.99,"U","MPRE","Juvenile",16,-3.5,"Y","SC","Un","22.033938","113.244132","233","MPRE"
"381","ZHSC170410",619,8,0.913,12.8,-15.1,2.36,7.08,1991,1999,3,"U","MPRE","Juvenile",16,-3.9,"Y","SC","Un","22.033938","113.244132","233","MPRE"
"382","ZHSC170410",620,9,0.865,12.9,-15.1,2.28,6.79,1991,2000,2.9780701754386,"U","MPRE","Juvenile",16,-3.8,"Y","SC","Un","22.033938","113.244132","233","MPRE"
"383","ZHSC170410",621,10,0.916,13.8,-14.6,2.23,6.63,1991,2001,2.97309417040359,"U","MPRE","Juvenile",16,-2.9,"Y","SC","Un","22.033938","113.244132","233","MPRE"
"384","ZHSC170410",622,11,0.933,13.9,-14.9,2.32,6.87,1991,2002,2.96120689655172,"U","MPRE","Adult",16,-2.8,"Y","SC","Un","22.033938","113.244132","233","MPRE"
"385","ZHSC170410",623,12,0.819,13.8,-15.4,2.25,6.79,1991,2003,3.01777777777778,"U","MPRE","Adult",16,-2.9,"Y","SC","Un","22.033938","113.244132","233","MPRE"
"386","ZHSC170410",624,13,0.683,13.6,-15.3,2.29,6.86,1991,2004,2.99563318777293,"U","MPRE","Adult",16,-3.1,"Y","SC","Un","22.033938","113.244132","233","MPRE"
"387","ZHSC170410",625,14,0.759,13.6,-15.4,2.36,6.97,1991,2005,2.95338983050847,"U","MPRE","Adult",16,-3.1,"Y","SC","Un","22.033938","113.244132","233","MPRE"
"388","ZHSC170410",626,15,0.67,13.2,-15.5,2.35,7.04,1991,2006,2.99574468085106,"U","MPRE","Adult",16,-3.5,"Y","SC","Un","22.033938","113.244132","233","MPRE"
"389","ZHSC170521",525,1,1.253,15.9,-14.9,2.219,6.43,2002,2003,2.89770166741776,"U","MPRE","Juvenile",10,-2,"Y","SC","F","21.935887","113.277993","253","MPRE"
"390","ZHSC170521",526,2,1.432,15.2,-14.2,2.111,6.325,2002,2004,2.99621032685931,"U","MPRE","Juvenile",10,-2.7,"Y","SC","F","21.935887","113.277993","253","MPRE"
"391","ZHSC170521",527,3,0.956,14.2,-14.1,2.14,6.41,2002,2005,2.99532710280374,"U","MPRE","Juvenile",10,-3.7,"Y","SC","F","21.935887","113.277993","253","MPRE"
"392","ZHSC170521",528,4,0.726,13.9,-14.1,2.205,6.614,2002,2006,2.99954648526077,"U","MPRE","Juvenile",10,-4,"Y","SC","F","21.935887","113.277993","253","MPRE"
"393","ZHSC170521",529,5,1.706,14.6,-13.9,2.175,6.544,2002,2007,3.00873563218391,"U","MPRE","Juvenile",10,-3.3,"Y","SC","F","21.935887","113.277993","253","MPRE"
"394","ZHSC170521",530,6,0.917,14.8,-14.4,2.481,7.332,2002,2008,2.9552599758162,"U","MPRE","Juvenile",10,-3.1,"Y","SC","F","21.935887","113.277993","253","MPRE"
"395","ZHSC170521",532,8,0.869,15.4,-14.8,2.586,7.686,2002,2010,2.97215777262181,"U","MPRE","Juvenile",10,-2.5,"Y","SC","F","21.935887","113.277993","253","MPRE"
"396","ZHSC170521",533,9,1.174,15.4,-14.7,2.543,7.472,2002,2011,2.93826189539914,"U","MPRE","Juvenile",10,-2.5,"Y","SC","F","21.935887","113.277993","253","MPRE"
"397","ZHSC170521",534,10,0.702,14.5,-15.4,2.55,7.825,2002,2012,3.06862745098039,"U","MPRE","Juvenile",10,-3.4,"Y","SC","F","21.935887","113.277993","253","MPRE"
"398","ZHSC170525",740,1,1.626,15.3,-14.4,2.11,5.85,1997,1998,2.77251184834123,"U",NA,"Juvenile",19,0,"Y","SC","Un",NA,NA,NA,NA
"399","ZHSC170525",741,2,1.332,14.5,-15.3,2.17,6.18,1997,1999,2.84792626728111,"U",NA,"Juvenile",19,-0.800000000000001,"Y","SC","Un",NA,NA,NA,NA
"400","ZHSC170525",742,3,1.279,13.7,-15.3,2.23,6.34,1997,2000,2.84304932735426,"U",NA,"Juvenile",19,-1.6,"Y","SC","Un",NA,NA,NA,NA
"401","ZHSC170525",743,4,1.403,13.6,-14.9,2.13,6.09,1997,2001,2.85915492957746,"U",NA,"Juvenile",19,-1.7,"Y","SC","Un",NA,NA,NA,NA
"402","ZHSC170525",744,5,1.428,13.5,-14.8,2.25,6.46,1997,2002,2.87111111111111,"U",NA,"Juvenile",19,-1.8,"Y","SC","Un",NA,NA,NA,NA
"403","ZHSC170525",745,6,1.413,13.1,-14.7,2.18,6.14,1997,2003,2.81651376146789,"U",NA,"Juvenile",19,-2.2,"Y","SC","Un",NA,NA,NA,NA
"404","ZHSC170525",746,7,1.346,13.7,-15.4,2.27,6.61,1997,2004,2.91189427312775,"U",NA,"Juvenile",19,-1.6,"Y","SC","Un",NA,NA,NA,NA
"405","ZHSC170525",747,8,1.393,13.9,-15.2,2.28,6.71,1997,2005,2.94298245614035,"U",NA,"Juvenile",19,-1.4,"Y","SC","Un",NA,NA,NA,NA
"406","ZHSC170525",748,9,1.019,14.2,-15.1,2.32,6.79,1997,2006,2.92672413793103,"U",NA,"Juvenile",19,-1.1,"Y","SC","Un",NA,NA,NA,NA
"407","ZHSC170525",749,10,1.117,14.7,-15.2,2.26,6.54,1997,2007,2.89380530973451,"U",NA,"Juvenile",19,-0.600000000000001,"Y","SC","Un",NA,NA,NA,NA
"408","ZHSC170525",750,11,1.069,15.2,-15.2,2.23,6.6,1997,2008,2.95964125560538,"U",NA,"Adult",19,-0.100000000000001,"Y","SC","Un",NA,NA,NA,NA
"409","ZHSC170525",751,12,1.149,15.5,-14.3,2.17,6.35,1997,2009,2.92626728110599,"U",NA,"Adult",19,0.199999999999999,"Y","SC","Un",NA,NA,NA,NA
"410","ZHSC170525",752,13,0.953,15.4,-14.4,2.29,6.81,1997,2010,2.97379912663755,"U",NA,"Adult",19,0.0999999999999996,"Y","SC","Un",NA,NA,NA,NA
"411","ZHSC170525",753,14,0.913,15.6,-15.4,2.23,6.64,1997,2011,2.97757847533632,"U",NA,"Adult",19,0.299999999999999,"Y","SC","Un",NA,NA,NA,NA
"412","ZHSC170525",754,15,0.869,15.5,-14,2.17,6.52,1997,2012,3.00460829493088,"U",NA,"Adult",19,0.199999999999999,"Y","SC","Un",NA,NA,NA,NA
"413","ZHSC170525",755,16,0.729,15.6,-13.8,2.21,6.33,1997,2013,2.86425339366516,"U",NA,"Adult",19,0.299999999999999,"Y","SC","Un",NA,NA,NA,NA
"414","ZHSC170525",756,17,0.855,15.5,-13.9,2.1,6.06,1997,2014,2.88571428571429,"U",NA,"Adult",19,0.199999999999999,"Y","SC","Un",NA,NA,NA,NA
"415","ZHSC170525",757,18,0.646,16,-15.3,2.44,7.06,1997,2015,2.89344262295082,"U",NA,"Adult",19,0.699999999999999,"Y","SC","Un",NA,NA,NA,NA
"416","ZHSC170525",758,19,0.608,16.6,-14.7,2.48,7.14,1997,2016,2.87903225806452,"U",NA,"Adult",19,1.3,"Y","SC","Un",NA,NA,NA,NA
"417","ZHSC170711",426,1,2.12,17.7,-13.9,1.98,5.67,1993,1994,2.86363636363636,"U","MPRE","Juvenile",14,0,"Y","SC","F","22.000437","113.312802","241","MPRE"
"418","ZHSC170711",427,2,1.927,15.7,-14.4,2.19,6.3,1993,1995,2.87671232876712,"U","MPRE","Juvenile",14,-2,"Y","SC","F","22.000437","113.312802","241","MPRE"
"419","ZHSC170711",429,4,2.485,13.8,-14.2,2.09,6.14,1993,1997,2.9377990430622,"U","MPRE","Juvenile",14,-3.9,"Y","SC","F","22.000437","113.312802","241","MPRE"
"420","ZHSC170711",430,5,2.27,13.6,-14.1,2.24,6.61,1993,1998,2.95089285714286,"U","MPRE","Juvenile",14,-4.1,"Y","SC","F","22.000437","113.312802","241","MPRE"
"421","ZHSC170711",431,6,1.818,13,-13.7,2.56,7.59,1993,1999,2.96484375,"U","MPRE","Juvenile",14,-4.7,"Y","SC","F","22.000437","113.312802","241","MPRE"
"422","ZHSC170711",432,7,2.107,13.1,-13.7,2.14,6.4,1993,2000,2.99065420560748,"U","MPRE","Juvenile",14,-4.6,"Y","SC","F","22.000437","113.312802","241","MPRE"
"423","ZHSC170711",433,8,2.145,13.5,-13.8,2.34,7,1993,2001,2.99145299145299,"U","MPRE","Juvenile",14,-4.2,"Y","SC","F","22.000437","113.312802","241","MPRE"
"424","ZHSC170711",434,10,2.22,13.6,-14.2,2.25,6.79,1993,2003,3.01777777777778,"U","MPRE","Juvenile",14,-4.1,"Y","SC","F","22.000437","113.312802","241","MPRE"
"425","ZHSC170711",435,11,1.323,13.2,-14,2.28,6.81,1993,2004,2.98684210526316,"U","MPRE","Adult",14,-4.5,"Y","SC","F","22.000437","113.312802","241","MPRE"
"426","ZHSC170711",436,12,1.139,13.4,-13.9,2.42,7.28,1993,2005,3.00826446280992,"U","MPRE","Adult",14,-4.3,"Y","SC","F","22.000437","113.312802","241","MPRE"
"427","ZHSC170711",437,13,0.747,12.2,-13.9,2.48,7.42,1993,2006,2.99193548387097,"U","MPRE","Adult",14,-5.5,"Y","SC","F","22.000437","113.312802","241","MPRE"
"428","ZHSC170711",438,14,0.689,12.2,-14.1,2.5,7.5,1993,2007,3,"U","MPRE","Adult",14,-5.5,"Y","SC","F","22.000437","113.312802","241","MPRE"
"429","ZHSC170711",439,15,0.702,12.2,-14.6,2.6,8,1993,2008,3.07692307692308,"U","MPRE","Adult",14,-5.5,"Y","SC","F","22.000437","113.312802","241","MPRE"
"430","ZHSC170711",428,3,2.135,14.7,-14.6,2.24,6.45,1993,1996,2.87946428571429,"U","MPRE","Juvenile",14,-3,"Y","SC","F","22.000437","113.312802","241","MPRE"
"431","ZHSC170718",402,1,1.872,16.8,-15.5,2.55,7.39,2007,2008,2.89803921568627,"U","MPRE","Juvenile",7,-1.1,"Y","SC","M","22.112152","113.564226","224","MPRE"
"432","ZHSC170718",403,2,1.586,15.7,-16.1,2.57,7.48,2007,2009,2.91050583657588,"U","MPRE","Juvenile",7,-2.2,"Y","SC","M","22.112152","113.564226","224","MPRE"
"433","ZHSC170718",404,3,1.414,15,-16.9,2.73,8.02,2007,2010,2.93772893772894,"U","MPRE","Juvenile",7,-2.9,"Y","SC","M","22.112152","113.564226","224","MPRE"
"434","ZHSC170718",405,5,1.513,13.8,-16.3,2.55,7.36,2007,2012,2.88627450980392,"U","MPRE","Juvenile",7,-4.1,"Y","SC","M","22.112152","113.564226","224","MPRE"
"435","ZHSC170718",406,6,1.112,13.4,-15.9,2.6,7.76,2007,2013,2.98461538461538,"U","MPRE","Juvenile",7,-4.5,"Y","SC","M","22.112152","113.564226","224","MPRE"
"436","ZHSC170718",407,7,0.798,12.2,-16.6,2.84,8.4,2007,2014,2.95774647887324,"U","MPRE","Juvenile",7,-5.7,"Y","SC","M","22.112152","113.564226","224","MPRE"
"437","ZHSC170907",383,1,1.368,16,-14.3,1.9,5.5,1996,1997,2.89473684210526,"U","WPRE","Juvenile",14,0,"Y","SC","F","22.063252","113.107943","226","WPRE"
"438","ZHSC170907",384,2,1.345,14.7,-15,2.1,6.1,1996,1998,2.9047619047619,"U","WPRE","Juvenile",14,-1.3,"Y","SC","F","22.063252","113.107943","226","WPRE"
"439","ZHSC170907",385,3,1.319,13.8,-14.9,2.1,6.3,1996,1999,3,"U","WPRE","Juvenile",14,-2.2,"Y","SC","F","22.063252","113.107943","226","WPRE"
"440","ZHSC170907",386,4,1.653,13.7,-14.7,2.1,6.3,1996,2000,3,"U","WPRE","Juvenile",14,-2.3,"Y","SC","F","22.063252","113.107943","226","WPRE"
"441","ZHSC170907",387,5,1.502,14.3,-14.5,2.1,6.4,1996,2001,3.04761904761905,"U","WPRE","Juvenile",14,-1.7,"Y","SC","F","22.063252","113.107943","226","WPRE"
"442","ZHSC170907",389,8,1.16,18.7,-15.6,2.2,7,1996,2004,3.18181818181818,"U","WPRE","Juvenile",14,2.7,"Y","SC","F","22.063252","113.107943","226","WPRE"
"443","ZHSC170907",390,9,1.128,13.7,-14.4,2.39,6.96,1996,2005,2.91213389121339,"U","WPRE","Juvenile",14,-2.3,"Y","SC","F","22.063252","113.107943","226","WPRE"
"444","ZHSC170907",391,10,1.039,14.2,-14.7,2.56,7.35,1996,2006,2.87109375,"U","WPRE","Juvenile",14,-1.8,"Y","SC","F","22.063252","113.107943","226","WPRE"
"445","ZHSC170907",392,11,0.938,14,-15,2.59,7.44,1996,2007,2.87258687258687,"U","WPRE","Adult",14,-2,"Y","SC","F","22.063252","113.107943","226","WPRE"
"446","ZHSC170907",393,13,0.813,14.3,-15.3,2.52,7.44,1996,2009,2.95238095238095,"U","WPRE","Adult",14,-1.7,"Y","SC","F","22.063252","113.107943","226","WPRE"
"447","ZHSC170907",394,14,0.81,13.6,-14.9,2.55,7.51,1996,2010,2.94509803921569,"U","WPRE","Adult",14,-2.4,"Y","SC","F","22.063252","113.107943","226","WPRE"
"448","ZHSC170907",395,15,0.824,13.8,-17.3,3.5,10.32,1996,2011,2.94857142857143,"U","WPRE","Adult",14,-2.2,"Y","SC","F","22.063252","113.107943","226","WPRE"
"449","ZHSC170907",455,12,0.866,13.9,-15.1,2.46,7.43,1996,2008,3.02032520325203,"U","WPRE","Adult",14,-2.1,"Y","SC","F","22.063252","113.107943","226","WPRE"
"450","ZHSC170920",415,1,2.238,17.5,-14.7,2.38,6.94,2009,2010,2.91596638655462,"U","MPRE","Juvenile",6,-2,"Y","SC","F","22.10474","113.544767","228","MPRE"
"451","ZHSC170920",416,2,2.042,16.5,-14.6,2.46,7.34,2009,2011,2.98373983739837,"U","MPRE","Juvenile",6,-3,"Y","SC","F","22.10474","113.544767","228","MPRE"
"452","ZHSC170920",417,3,1.746,15.8,-14.5,2.47,7.46,2009,2012,3.02024291497976,"U","MPRE","Juvenile",6,-3.7,"Y","SC","F","22.10474","113.544767","228","MPRE"
"453","ZHSC170920",418,4,1.469,14.8,-15,2.62,7.98,2009,2013,3.04580152671756,"U","MPRE","Juvenile",6,-4.7,"Y","SC","F","22.10474","113.544767","228","MPRE"
"454","ZHSC170920",419,5,1.248,14.4,-14.9,2.59,7.96,2009,2014,3.07335907335907,"U","MPRE","Juvenile",6,-5.1,"Y","SC","F","22.10474","113.544767","228","MPRE"
"455","ZHSC171003",571,1,2.99,16.6,-14.5,2.09,6.17,1998,1999,2.95215311004785,"U","EPRE","Juvenile",13,0,"Y","SC","F","22.25100851","113.5932934","230","EPRE"
"456","ZHSC171003",572,2,1.893,15.4,-14.8,2.43,7.25,1998,2000,2.98353909465021,"U","EPRE","Juvenile",13,-1.2,"Y","SC","F","22.25100851","113.5932934","230","EPRE"
"457","ZHSC171003",573,3,1.649,14.6,-14.7,2.42,7.22,1998,2001,2.98347107438017,"U","EPRE","Juvenile",13,-2,"Y","SC","F","22.25100851","113.5932934","230","EPRE"
"458","ZHSC171003",574,4,1.311,13.7,-14.8,2.49,7.44,1998,2002,2.98795180722892,"U","EPRE","Juvenile",13,-2.9,"Y","SC","F","22.25100851","113.5932934","230","EPRE"
"459","ZHSC171003",575,5,1.254,14.1,-14.6,2.32,6.99,1998,2003,3.01293103448276,"U","EPRE","Juvenile",13,-2.5,"Y","SC","F","22.25100851","113.5932934","230","EPRE"
"460","ZHSC171003",576,6,1.255,14.1,-14.6,2.4,7.24,1998,2004,3.01666666666667,"U","EPRE","Juvenile",13,-2.5,"Y","SC","F","22.25100851","113.5932934","230","EPRE"
"461","ZHSC171003",577,7,1.334,13.9,-15.2,2.35,7.28,1998,2005,3.09787234042553,"U","EPRE","Juvenile",13,-2.7,"Y","SC","F","22.25100851","113.5932934","230","EPRE"
"462","ZHSC171003",578,8,1.09,14.1,-14.9,2.41,7.39,1998,2006,3.06639004149378,"U","EPRE","Juvenile",13,-2.5,"Y","SC","F","22.25100851","113.5932934","230","EPRE"
"463","ZHSC171003",579,9,1.017,14.1,-14.3,2.36,7,1998,2007,2.96610169491525,"U","EPRE","Juvenile",13,-2.5,"Y","SC","F","22.25100851","113.5932934","230","EPRE"
"464","ZHSC171003",580,10,0.945,13.5,-14.3,2.41,7.17,1998,2008,2.97510373443983,"U","EPRE","Juvenile",13,-3.1,"Y","SC","F","22.25100851","113.5932934","230","EPRE"
"465","ZHSC171003",581,11,1.489,13.7,-14,2.37,7.11,1998,2009,3,"U","EPRE","Adult",13,-2.9,"Y","SC","F","22.25100851","113.5932934","230","EPRE"
"466","ZHSC171003",582,13,1.206,13.6,-14.2,2.45,7.45,1998,2011,3.04081632653061,"U","EPRE","Adult",13,-3,"Y","SC","F","22.25100851","113.5932934","230","EPRE"
"467","ZHSC171003",583,15,1.028,12.8,-14.1,2.63,7.78,1998,2013,2.95817490494297,"U","EPRE","Adult",13,-3.8,"Y","SC","F","22.25100851","113.5932934","230","EPRE"
"468","ZHSC180117",346,1,2.42,16.8,-14.9,2.2,6.4,2010,2011,2.90909090909091,"U","MPRE","Juvenile",7,0,"Y","SC","M","21.934183","113.278827","213","MPRE"
"469","ZHSC180117",347,2,2.202,13.9,-16.1,0.9,2.7,2010,2012,3,"U","MPRE","Juvenile",7,-2.9,"Y","SC","M","21.934183","113.278827","213","MPRE"
"470","ZHSC180117",348,3,0.929,13,-16.1,1.4,4.2,2010,2013,3,"U","MPRE","Juvenile",7,-3.8,"Y","SC","M","21.934183","113.278827","213","MPRE"
"471","ZHSC180117",350,5,1.207,13.3,-15.6,2.7,8,2010,2015,2.96296296296296,"U","MPRE","Juvenile",7,-3.5,"Y","SC","M","21.934183","113.278827","213","MPRE"
"472","ZHSC180117",351,6,0.925,12.1,-16.4,2.8,8.2,2010,2016,2.92857142857143,"U","MPRE","Juvenile",7,-4.7,"Y","SC","M","21.934183","113.278827","213","MPRE"
"473","ZHSC180117",352,7,0.858,12.4,-15.9,3,8.6,2010,2017,2.86666666666667,"U","MPRE","Juvenile",7,-4.4,"Y","SC","M","21.934183","113.278827","213","MPRE"
"474","ZHSC180117",349,4,0.937,13.8,-15.6,2.8,8.2,2010,2014,2.92857142857143,"U","MPRE","Juvenile",7,-3,"Y","SC","M","21.934183","113.278827","213","MPRE"
