Pkey,Date,League,H,D,A,FH,FD,FA,HandH,HandA,Hand_H,Hand_A,HHH,HHD,HHA,HH_H,HH_A,Hilo,Hi,Lo,F_Hilo,F_Hi,F_Lo,H_Mean,H_SD,H_CV,D_Mean,D_SD,D_CV,A_Mean,A_SD,A_CV,Num,H_Prob,D_Prob,A_Prob,F_HG,F_AG,HG,AG,Half_T,Full_T,Half_R,Full_R,Stat
1,20190716,6,5,3.75,1.52,5.3,2.25,2.02,2.03,1.8,[+0.5/+1.0],[-0.5/-1.0],2.28,3.3,2.58,1,-1,2.5/2.5,1.68,2.05,1.5/1.5,2.5,1.46,4.32,0.23,0.05,3.66,0.13,0.04,1.71,0.05,0.03,9,0%,22%,78%,1,0,2,2,1,4,H,D,7.98
2,20190716,36,1.58,3.55,4.8,2.17,2.15,5,1.86,1.9,[-0.5/-1.0],[+0.5/+1.0],2.78,3.3,2.15,-1,1,2.5/2.5,1.75,1.95,1.5/1.5,2.55,1.45,1.47,0.07,0.05,4.32,0.34,0.08,5.61,0.68,0.12,3,67%,0%,33%,1,0,2,1,1,3,H,H,9.93
3,20190716,106,1.49,3.7,5.5,2.15,2.05,5.7,2.1,1.75,[-1.0/-1.0],[+1.0/+1.0],2.6,3.15,2.35,-1,1,2.0/2.5,1.8,1.9,1.5/1.5,2.04,1.79,1.49,0.04,0.02,3.85,0.16,0.04,6.47,0.53,0.08,22,64%,27%,9%,0,1,2,1,1,3,A,H,10.33
4,20190716,144,1.97,3.4,3.1,2.55,2.2,3.55,1.8,1.97,[+0.0/-0.5],[-0.0/+0.5],3.7,3.65,1.7,-1,1,2.5/2.5,1.72,2,1.5/1.5,2.5,1.46,2.02,0.09,0.04,3.5,0.13,0.04,3.33,0.23,0.07,8,38%,50%,13%,1,1,2,1,2,3,D,H,6.83
5,20190717,93,3.7,3.3,1.82,4.4,2.1,2.35,2.17,1.66,[+0.0/+0.5],[-0.0/-0.5],1.83,3.4,3.45,1,-1,2.0/2.5,1.68,2.05,1.5/1.5,2.83,1.37,3.63,0.22,0.06,3.42,0.11,0.03,1.95,0.07,0.04,4,25%,50%,25%,0,3,0,4,3,4,A,A,7.05
6,20190717,93,1.78,3.55,3.55,2.52,2.2,3.6,2.25,1.65,[-0.5/-1.0],[+0.5/+1.0],3.2,3.6,1.85,[-1],[+1],2.5/2.5,1.65,2.1,1.0/1.5,1.92,1.78,1.33,0.05,0.04,5.02,0.38,0.08,7.78,1.04,0.13,0,0%,0%,0%,2,1,4,1,3,5,H,H,12.8
7,20190717,6,1.19,5,12,1.63,2.45,9.25,NaN,NaN,NaN,NaN,1.71,3.65,3.7,[-1],[+1],2.5/2.5,1.72,2,1.5/1.5,2.5,1.46,1.22,0.05,0.04,5.86,0.52,0.09,10.9,2.42,0.22,16,81%,6%,13%,0,0,3,1,0,4,D,H,16.75
8,20190717,6,1.08,7.25,19,1.42,2.95,11.75,NaN,NaN,NaN,NaN,2.1,3.9,2.52,[-2],[+2],2.5/2.5,1.45,2.55,1.5/1.5,2.1,1.65,1.11,0.02,0.02,8.26,0.87,0.11,17.57,3.55,0.2,3,100%,0%,0%,1,0,4,0,1,4,H,H,25.83
9,20190717,6,1.6,3.45,4.8,2.15,2.1,5.3,1.86,1.91,[-0.5/-1.0],[+0.5/+1.0],2.9,3.25,2.1,[-1],[+1],2.5/2.5,2,1.72,1.5/1.5,2.92,1.35,1.71,0.06,0.03,3.54,0.12,0.03,4.52,0.34,0.07,16,50%,44%,6%,1,2,2,3,3,5,A,A,8.05
10,20190717,6,1.68,3.25,4.55,2.32,1.95,5.4,2.02,1.76,[-0.5/-1.0],[+0.5/+1.0],3.2,3.25,1.98,[-1],[+1],2.5/2.5,2.35,1.52,1.5/1.5,3.55,1.25,1.85,0.09,0.05,3.42,0.13,0.04,3.9,0.35,0.09,21,48%,43%,10%,2,1,3,1,3,4,H,H,7.32
11,20190717,6,1.9,3.15,3.6,2.55,2,4.25,NaN,NaN,NaN,NaN,3.8,3.4,1.75,[-1],[+1],2.5/2.5,2.2,1.59,1.5/1.5,3.3,1.28,1.93,0.1,0.05,3.37,0.15,0.04,3.67,0.23,0.06,21,48%,19%,33%,1,0,1,2,1,3,H,A,7.04
12,20190717,6,1.14,5.8,13.5,1.51,2.75,9.75,NaN,NaN,NaN,NaN,2.45,3.9,2.15,[-2],[+2],2.5/3.0,1.68,2.05,1.5/1.5,2.2,1.59,1.13,0.03,0.03,7.54,0.7,0.09,15.21,2.49,0.16,6,67%,17%,17%,1,0,2,1,1,3,H,H,22.75
13,20190717,69,2.9,3,2.25,3.65,1.92,3,1.78,2.06,[+0.0/+0.5],[-0.0/-0.5],1.53,3.7,4.85,[+1],[-1],3.5/3.5,3.8,1.22,1.0/1.5,2.48,1.47,2.94,0.12,0.04,2.98,0.08,0.03,2.51,0.09,0.03,3,33%,33%,33%,0,1,0,1,1,1,A,A,5.92
14,20190717,78,1.9,3.35,3.35,2.4,2.1,4.25,NaN,NaN,NaN,NaN,3.55,3.55,1.77,[-1],[+1],2.5/2.5,1.95,1.75,1.5/1.5,2.92,1.35,2.04,0.09,0.04,3.17,0.12,0.04,3.52,0.3,0.09,12,58%,8%,33%,1,0,2,0,1,2,H,H,6.7
15,20190717,78,2.8,2.7,2.52,3.9,1.78,3.25,1.98,1.79,[+0.0/+0.0],[-0.0/-0.0],1.45,3.75,5.85,[+1],[-1],2.5/2.5,2.75,1.39,1.5/1.5,3.9,1.21,2.87,0.13,0.05,2.87,0.11,0.04,2.54,0.11,0.04,4,25%,50%,25%,0,0,0,1,0,1,D,A,5.73
16,20190717,79,1.52,4,4.65,2,2.35,4.9,1.76,2.08,[-0.5/-1.0],[+0.5/+1.0],2.4,3.6,2.3,[-1],[+1],2.5/3.0,1.68,2.05,1.5/2.0,2.75,1.39,1.56,0.04,0.03,4.1,0.18,0.04,5.22,0.48,0.09,44,61%,23%,16%,2,0,5,0,2,5,H,H,9.32
17,20190717,79,1.38,4.35,5.9,1.82,2.5,5.6,NaN,NaN,NaN,NaN,2.15,3.6,2.6,[-1],[+1],2.5/3.0,1.67,2.07,1.5/1.5,2.29,1.55,1.52,0.1,0.07,4.27,0.3,0.07,5.51,0.67,0.12,38,63%,21%,16%,1,0,4,0,1,4,H,H,9.79
18,20190717,79,1.53,3.8,4.85,2.1,2.25,4.9,NaN,NaN,NaN,NaN,2.57,3.4,2.25,[-1],[+1],2.5/3.0,1.9,1.8,1.5/1.5,2.55,1.45,1.74,0.12,0.07,3.77,0.19,0.05,4.33,0.59,0.14,88,64%,18%,18%,1,0,2,2,1,4,H,D,8.1
19,20190717,79,1.65,3.85,3.9,2.15,2.35,4.2,1.95,1.87,[-0.5/-1.0],[+0.5/+1.0],2.75,3.65,2.05,[-1],[+1],2.5/3.0,1.65,2.1,1.5/1.5,2.25,1.57,1.77,0.1,0.06,3.82,0.18,0.05,4,0.29,0.07,65,62%,23%,15%,2,0,3,1,2,4,H,H,7.82
20,20190717,106,1.14,5.75,14,1.58,2.5,10.5,1.91,1.86,[-1.5/-2.0],[+1.5/+2.0],2.65,3.8,2.05,[-2],[+2],2.5/2.5,1.7,2.02,1.5/1.5,2.55,1.45,1.23,0.02,0.02,5.36,0.35,0.07,11.55,1.74,0.15,4,75%,25%,0%,0,0,2,0,0,2,D,H,16.91
21,20190717,78,1.46,3.75,5.8,2,2.25,5.5,NaN,NaN,NaN,NaN,2.4,3.3,2.45,[-1],[+1],2.5/2.5,1.9,1.8,1.5/1.5,2.8,1.38,1.43,0.03,0.02,3.89,0.16,0.04,7.43,0.81,0.11,4,75%,25%,0%,0,0,1,1,0,2,D,D,11.32
22,20190717,78,2.35,2.8,2.95,3.15,1.8,3.95,2.08,1.72,[+0.0/-0.5],[-0.0/+0.5],5.25,3.7,1.5,[-1],[+1],2.5/2.5,2.65,1.42,1.5/1.5,3.8,1.22,2.32,0.07,0.03,2.82,0.09,0.03,3.27,0.16,0.05,1,0%,0%,100%,1,0,1,0,1,1,H,H,6.1
23,20190718,7,4.9,3.4,1.6,5.1,2.05,2.25,1.88,1.88,[+0.5/+1.0],[-0.5/-1.0],2.15,3.25,2.8,[+1],[-1],2.5/2.5,2,1.72,0.5/1.0,1.57,2.25,3.64,0.5,0.14,3.43,0.13,0.04,1.92,0.13,0.07,41,27%,22%,51%,1,1,1,2,2,3,D,A,7.07
24,20190718,72,1.75,3.75,3.5,2.2,2.4,3.85,NaN,NaN,NaN,NaN,3,3.7,1.9,[-1],[+1],2.5/3.0,1.62,2.15,1.5/1.5,2.15,1.62,1.6,0.05,0.03,4.03,0.18,0.04,4.38,0.24,0.06,5,60%,20%,20%,0,1,2,1,1,3,A,H,8.4
25,20190718,7,1.18,5.25,11.5,1.65,2.4,9.5,NaN,NaN,NaN,NaN,1.68,3.6,3.9,[-1],[+1],2.5/2.5,1.72,2,1.5/1.5,2.55,1.45,1.2,0.04,0.03,6.05,0.49,0.08,10.38,1.41,0.14,3,67%,33%,0%,1,0,2,1,1,3,H,H,16.43
26,20190718,7,1.12,6.1,15,1.51,2.65,11.5,NaN,NaN,NaN,NaN,2.52,3.9,2.1,[-2],[+2],2.5/2.5,1.59,2.2,1.5/1.5,2.35,1.52,1.1,0.05,0.04,8.67,1.42,0.16,15.42,3.34,0.22,0,0%,0%,0%,0,0,0,2,0,2,D,A,24.09
27,20190718,7,2.6,3.1,2.4,3.25,2.01,3.1,1.96,1.81,[+0.0/+0.0],[-0.0/-0.0],1.48,3.95,5,[+1],[-1],2.5/2.5,2.02,1.7,1.5/1.5,3,1.33,2.62,0.1,0.04,3.16,0.11,0.03,2.52,0.1,0.04,47,17%,34%,49%,0,0,2,1,0,3,D,H,5.77
28,20190718,93,2.8,3.2,2.2,3.45,2.05,2.85,NaN,NaN,NaN,NaN,1.56,3.85,4.4,[+1],[-1],2.5/2.5,1.9,1.8,1.5/1.5,2.8,1.38,2.98,0.12,0.04,3.33,0.08,0.02,2.14,0.04,0.02,4,25%,0%,75%,2,1,2,4,3,6,H,A,6.31
29,20190718,79,2.2,3.35,2.7,2.82,2.1,3.35,1.72,2.07,[+0.0/+0.0],[-0.0/-0.0],4.15,3.95,1.58,[-1],[+1],2.5/2.5,1.72,2,0.5/1.0,1.45,2.55,2.56,0.09,0.03,3.37,0.12,0.04,2.55,0.08,0.03,59,39%,29%,32%,0,1,1,4,1,5,A,A,5.92
30,20190718,106,2.17,2.82,3.25,3,1.78,4.3,1.92,1.85,[+0.0/-0.5],[-0.0/+0.5],4.75,3.4,1.6,[-1],[+1],2.0/2.5,2.35,1.52,1.5/1.5,3.9,1.21,2.39,0.09,0.04,2.82,0.08,0.03,3.18,0.16,0.05,11,27%,46%,27%,0,0,0,1,0,1,D,A,6
31,20190718,93,1.92,3.3,3.35,2.5,2.15,3.8,NaN,NaN,NaN,NaN,3.6,3.65,1.73,[-1],[+1],2.5/2.5,1.78,1.92,1.5/1.5,2.65,1.42,2.02,0.04,0.02,3.53,0.12,0.03,3.13,0.12,0.04,2,50%,50%,0%,0,1,2,1,1,3,A,H,6.66
32,20190719,72,6,4.7,1.34,5.7,2.5,1.8,NaN,NaN,NaN,NaN,2.85,3.6,2,[+1],[-1],2.5/2.5,1.43,2.6,1.5/1.5,1.95,1.75,8.27,2.09,0.25,5.35,0.73,0.14,1.29,0.08,0.06,0,0%,0%,0%,0,0,1,0,0,1,D,H,13.62
33,20190719,72,1.7,3.55,3.9,2.25,2.2,4.3,NaN,NaN,NaN,NaN,3,3.45,1.97,[-1],[+1],2.5/2.5,1.72,2,1.5/1.5,2.5,1.46,2.26,0.18,0.08,3.31,0.11,0.03,2.86,0.28,0.1,23,57%,17%,26%,0,0,1,0,0,1,D,H,6.17
34,20190719,36,1.4,4.05,6.2,1.88,2.32,6,NaN,NaN,NaN,NaN,2.25,3.4,2.57,[-1],[+1],2.5/3.0,1.85,1.85,1.5/1.5,2.35,1.52,1.44,0.04,0.03,4.24,0.18,0.04,6.05,0.77,0.13,2,50%,0%,50%,1,0,4,0,1,4,H,H,10.29
35,20190719,69,2.65,2.45,2.95,3.55,1.7,3.85,1.85,1.99,[+0.0/+0.0],[-0.0/-0.0],7.1,3.65,1.4,[-1],[+1],1.5/2.0,1.75,1.95,0.5/1.0,1.93,1.77,2.62,0.14,0.05,2.9,0.12,0.04,2.91,0.16,0.05,7,71%,14%,14%,0,1,0,1,1,1,A,A,5.81
36,20190719,124,2.3,3,2.82,3,2,3.4,2.1,1.76,[+0.0/-0.5],[-0.0/+0.5],4.8,3.8,1.52,[-1],[+1],3.5/3.5,3.7,1.23,1.0/1.5,2.35,1.52,2.32,0.12,0.05,3.25,0.14,0.04,2.85,0.1,0.04,195,37%,28%,34%,1,1,1,3,2,4,D,A,6.11
37,20190719,72,2.22,3.55,2.55,2.8,2.27,3,NaN,NaN,NaN,NaN,1.43,4.45,4.8,[+1],[-1],2.5/2.5,1.46,2.5,1.5/1.5,2.1,1.65,2.02,0.08,0.04,3.69,0.18,0.05,3.04,0.17,0.06,5,60%,40%,0%,1,1,2,3,2,5,D,A,6.74
38,20190719,79,3.9,4,1.62,4.15,2.5,2.05,1.87,1.95,[+0.5/+1.0],[-0.5/-1.0],2.12,3.7,2.58,[+1],[-1],2.5/2.5,1.4,2.7,1.5/2.0,2.5,1.46,3.42,0.32,0.09,3.94,0.21,0.05,1.89,0.11,0.06,2,100%,0%,0%,1,1,3,2,2,5,D,H,7.36
39,20190719,124,1.8,3.25,3.85,2.4,2.05,4.5,NaN,NaN,NaN,NaN,3.45,3.35,1.85,[-1],[+1],2.5/2.5,2.05,1.68,1.5/1.5,2.97,1.34,1.92,0.09,0.05,3.38,0.1,0.03,3.69,0.34,0.09,146,47%,32%,21%,0,0,1,0,0,1,D,H,7.07
40,20190720,55,1.79,3.55,3.5,2.2,2.27,4.3,1.97,1.87,[-0.5/-1.0],[+0.5/+1.0],2.9,3.45,2.03,[-1],[+1],2.5/3.0,2.08,1.66,1.5/1.5,2.6,1.43,1.77,0.06,0.04,3.62,0.17,0.05,4.15,0.2,0.05,46,57%,17%,26%,2,1,5,2,3,7,H,H,7.77
41,20190720,55,2.5,3.9,2.15,3.05,2.4,2.6,2.07,1.78,[+0.0/+0.0],[-0.0/-0.0],1.6,4.05,3.9,[+1],[-1],3.0/3.5,1.8,1.9,1.0/1.5,1.8,1.9,2.51,0.09,0.04,3.64,0.17,0.05,2.43,0.11,0.05,4,75%,0%,25%,0,1,0,2,1,2,A,A,6.16
42,20190720,55,4.4,3.25,1.7,5.4,1.9,2.4,1.77,2.09,[+0.5/+1.0],[-0.5/-1.0],2,3.15,3.2,[+1],[-1],2.5/2.5,2.4,1.5,0.5/1.0,1.83,1.87,3.96,0.24,0.06,3.22,0.13,0.04,1.92,0.09,0.05,16,38%,6%,56%,0,0,2,2,0,4,D,D,7.19
43,20190720,55,1.87,3.8,3.1,2.4,2.3,3.6,1.76,2.1,[+0.0/-0.5],[-0.0/+0.5],3.3,3.7,1.8,[-1],[+1],2.5/2.5,1.55,2.29,0.5/1.0,1.42,2.65,1.99,0.07,0.04,3.52,0.17,0.05,3.37,0.14,0.04,40,48%,28%,25%,2,1,2,2,3,4,H,D,6.89
44,20190720,87,1.45,3.85,5.75,2.05,2.1,6.1,NaN,NaN,NaN,NaN,2.4,3.2,2.5,[-1],[+1],2.5/2.5,1.98,1.73,1.5/1.5,3.2,1.3,1.59,0.05,0.03,3.64,0.12,0.03,5.35,0.34,0.06,52,58%,15%,27%,0,1,2,1,1,3,A,H,8.99
45,20190720,87,2.15,3.45,2.7,2.8,2.1,3.4,2.01,1.82,[+0.0/-0.5],[-0.0/+0.5],4.1,3.85,1.6,[-1],[+1],3.5/3.5,3.25,1.29,1.5/1.5,2.88,1.36,2.31,0.07,0.03,3.25,0.1,0.03,2.86,0.09,0.03,120,41%,24%,35%,1,0,3,0,1,3,H,H,6.11
46,20190720,87,3,3.45,2,3.7,2.08,2.65,NaN,NaN,NaN,NaN,1.7,3.65,3.75,[+1],[-1],2.5/2.5,1.85,1.85,1.5/1.5,3,1.33,3.06,0.16,0.05,3.35,0.13,0.04,2.16,0.14,0.07,26,31%,12%,58%,0,0,1,0,0,1,D,H,6.41
47,20190720,93,3.15,3.4,1.95,3.8,2.12,2.55,2,1.78,[+0.0/+0.5],[-0.0/-0.5],1.7,3.75,3.65,[+1],[-1],3.5/3.5,3.2,1.3,1.5/2.0,3.3,1.28,3.13,0.29,0.09,3.38,0.14,0.04,2.18,0.28,0.13,4,25%,0%,75%,1,0,1,0,1,1,H,H,6.51
48,20190720,55,1.57,3.6,4.8,2.13,2.12,5.4,1.85,1.99,[-0.5/-1.0],[+0.5/+1.0],2.77,3.2,2.2,[-1],[+1],2.5/2.5,2.07,1.67,1.0/1.5,2.7,1.4,1.63,0.05,0.03,3.63,0.2,0.05,5.2,0.52,0.1,36,42%,44%,14%,2,1,2,1,3,3,H,H,8.82
49,20190720,55,1.63,3.6,4.3,2.2,2.07,5.25,1.99,1.85,[-0.5/-1.0],[+0.5/+1.0],2.95,3.25,2.07,[-1],[+1],2.0/2.5,1.78,1.92,1.0/1.5,2.68,1.41,1.74,0.04,0.03,3.54,0.16,0.05,4.46,0.25,0.06,61,43%,31%,26%,0,0,0,0,0,0,D,D,8
50,20190720,55,2.48,3.15,2.48,3.4,1.86,3.4,1.9,1.94,[+0.0/+0.0],[-0.0/-0.0],5.35,3.9,1.46,[-1],[+1],3.5/3.5,4.4,1.17,0.5/1.0,1.75,1.95,2.59,0.12,0.05,3.11,0.13,0.04,2.66,0.1,0.04,78,39%,19%,42%,0,3,1,3,3,4,A,A,5.77
51,20190720,55,2.9,3.45,2.05,3.8,2.05,2.65,1.91,1.93,[+0.0/+0.5],[-0.0/-0.5],1.66,3.7,3.9,[+1],[-1],2.5/2.5,1.83,1.87,0.5/1.0,1.55,2.29,3,0.19,0.06,3.3,0.13,0.04,2.24,0.1,0.04,89,27%,28%,45%,0,2,0,2,2,2,A,A,6.31
52,20190720,87,1.72,3.35,4.1,2.4,2,4.7,NaN,NaN,NaN,NaN,3.2,3.3,1.95,[-1],[+1],2.5/2.5,2.1,1.65,1.5/1.5,3.4,1.27,1.74,0.05,0.03,3.47,0.14,0.04,4.39,0.22,0.05,67,51%,27%,22%,1,0,1,0,1,1,H,H,7.86
53,20190720,87,2.4,3.1,2.6,3.2,1.9,3.45,1.83,1.99,[+0.0/+0.0],[-0.0/-0.0],5.25,3.8,1.48,[-1],[+1],2.5/2.5,2.3,1.54,1.5/1.5,3.7,1.23,1.28,0.03,0.03,5.06,0.19,0.04,7.65,0.63,0.08,0,0%,0%,0%,2,0,3,2,2,5,H,H,12.71
54,20190720,87,2.55,3.6,2.2,3.15,2.2,2.8,NaN,NaN,NaN,NaN,1.57,4,4.15,[+1],[-1],2.5/2.5,1.6,2.19,1.5/1.5,2.55,1.45,2.58,0.08,0.03,3.4,0.11,0.03,2.44,0.12,0.05,11,27%,18%,55%,0,0,2,2,0,4,D,D,5.98
55,20190720,87,2.35,3.15,2.62,3.15,1.92,3.45,NaN,NaN,NaN,NaN,5,3.8,1.5,[-1],[+1],2.5/2.5,2.2,1.59,1.5/1.5,3.55,1.25,2.25,0.09,0.04,3.13,0.12,0.04,3.09,0.28,0.09,223,41%,31%,28%,0,2,3,2,2,5,A,H,6.22
56,20190720,88,3.75,3.4,1.78,4.1,2.2,2.33,NaN,NaN,NaN,NaN,1.87,3.55,3.2,[+1],[-1],2.5/2.5,1.7,2.02,1.5/1.5,2.68,1.41,3.84,0.2,0.05,3.51,0.11,0.03,1.84,0.07,0.04,12,0%,33%,67%,1,1,2,4,2,6,D,A,7.35
57,20190720,88,2.22,3.2,2.77,2.9,2.02,3.45,NaN,NaN,NaN,NaN,4.4,3.85,1.56,[-1],[+1],2.5/2.5,1.8,1.9,1.5/1.5,2.82,1.37,2.2,0.06,0.03,3.36,0.11,0.03,2.96,0.13,0.04,40,20%,48%,33%,1,2,2,2,3,4,A,D,6.32
58,20190720,88,1.67,3.3,4.5,2.3,2.03,4.95,NaN,NaN,NaN,NaN,3.05,3.25,2.03,[-1],[+1],2.5/2.5,2.02,1.7,1.5/1.5,3.2,1.3,1.7,0.04,0.03,3.53,0.13,0.04,4.59,0.26,0.06,28,57%,21%,21%,0,0,1,2,0,3,D,A,8.12
59,20190720,122,3.9,3.1,1.84,4.8,1.95,2.45,2.19,1.7,[+0.0/+0.5],[-0.0/-0.5],1.83,3.3,3.6,[+1],[-1],2.0/2.5,1.98,1.73,1.5/1.5,3.3,1.28,4.52,0.68,0.15,3.3,0.21,0.06,1.82,0.15,0.08,24,42%,25%,33%,2,0,2,3,2,5,H,A,7.81
60,20190720,144,1.95,3.5,3.05,2.5,2.2,3.65,1.79,1.98,[+0.0/-0.5],[-0.0/+0.5],3.6,3.75,1.71,[-1],[+1],2.5/2.5,1.68,2.05,1.5/1.5,2.5,1.46,2.14,0.06,0.03,3.49,0.12,0.03,3.06,0.12,0.04,13,39%,15%,46%,0,0,1,0,0,1,D,H,6.55
61,20190720,93,6.2,4.3,1.37,6,2.45,1.81,1.79,1.98,[+1.0/+1.5],[-1.0/-1.5],2.7,3.55,2.1,[+1],[-1],3.5/3.5,2.55,1.45,1.5/1.5,2.3,1.54,6.07,0.51,0.08,4.46,0.19,0.04,1.44,0.03,0.02,0,0%,0%,0%,0,0,0,0,0,0,D,D,10.53
62,20190720,122,2.25,2.88,3,3,1.8,4.15,2.05,1.8,[+0.0/-0.5],[-0.0/+0.5],4.95,3.55,1.55,[-1],[+1],2.0/2.5,2.15,1.62,1.5/1.5,3.6,1.24,2.5,0.14,0.06,3.02,0.13,0.04,2.85,0.2,0.07,76,37%,37%,26%,1,2,2,3,3,5,A,A,5.87
63,20190720,56,2.28,3,2.85,3.05,1.94,3.5,NaN,NaN,NaN,NaN,4.75,3.8,1.53,[-1],[+1],2.5/2.5,2.15,1.62,1.5/1.5,3.2,1.3,2.26,0.08,0.04,3.17,0.11,0.04,3.11,0.17,0.06,176,45%,26%,30%,0,1,2,1,1,3,A,H,6.28
64,20190720,58,2.08,3.3,2.95,2.65,2.15,3.5,1.93,1.91,[+0.0/-0.5],[-0.0/+0.5],3.9,3.8,1.64,[-1],[+1],2.5/2.5,1.75,1.95,1.5/1.5,2.55,1.45,1.9,0.15,0.08,3.5,0.16,0.05,3.78,0.47,0.12,64,48%,33%,19%,3,0,4,0,3,4,H,H,7.29
65,20190720,58,1.53,3.35,5.8,2.1,2,6.55,1.89,1.95,[-0.5/-1.0],[+0.5/+1.0],2.78,3.05,2.28,[-1],[+1],2.5/2.5,2.3,1.54,1.5/1.5,3.25,1.29,1.61,0.05,0.03,3.51,0.15,0.04,5.67,0.39,0.07,0,0%,0%,0%,1,0,2,0,1,2,H,H,9.18
66,20190720,36,1.93,3.35,3.25,2.52,2.2,3.6,NaN,NaN,NaN,NaN,3.65,3.65,1.73,[-1],[+1],2.5/2.5,1.7,2.02,1.5/1.5,2.48,1.47,1.94,0.05,0.03,3.51,0.11,0.03,3.4,0.17,0.05,0,0%,0%,0%,1,1,2,2,2,4,D,D,6.91
67,20190720,36,1.2,5.4,9.5,1.59,2.75,7.5,NaN,NaN,NaN,NaN,1.68,3.85,3.65,[-1],[+1],3.0/3.5,1.93,1.77,1.5/1.5,2.05,1.68,1.27,0.02,0.02,5.2,0.26,0.05,8.62,0.96,0.11,2,50%,50%,0%,0,0,2,0,0,2,D,H,13.82
68,20190720,122,1.41,3.7,6.9,1.92,2.15,7,1.88,1.96,[-1.0/-1.0],[+1.0/+1.0],2.37,3.2,2.55,[-1],[+1],2.0/2.5,1.8,1.9,1.5/1.5,2.98,1.34,1.48,0.05,0.03,3.82,0.21,0.06,6.85,0.66,0.1,31,61%,29%,10%,2,1,2,1,3,3,H,H,10.67
69,20190720,58,4.7,3.55,1.59,5.05,2.15,2.15,1.95,1.89,[+0.5/+1.0],[-0.5/-1.0],2.13,3.3,2.8,[+1],[-1],2.5/2.5,1.87,1.83,1.5/1.5,2.7,1.4,4.34,0.3,0.07,3.46,0.14,0.04,1.78,0.07,0.04,13,31%,0%,69%,0,0,0,1,0,1,D,A,7.8
70,20190720,122,2.38,2.9,2.78,3.1,1.88,3.65,1.77,2.09,[+0.0/+0.0],[-0.0/-0.0],5.15,3.75,1.5,[-1],[+1],2.0/2.5,2.05,1.68,1.5/1.5,3.4,1.27,2.59,0.26,0.1,3.13,0.14,0.05,2.7,0.3,0.11,50,34%,40%,26%,1,1,1,2,2,3,D,A,5.83
71,20190720,125,2.05,3.2,3.1,2.65,2.03,3.85,NaN,NaN,NaN,NaN,4.1,3.6,1.65,[-1],[+1],2.5/2.5,1.95,1.75,1.5/1.5,2.95,1.34,2.14,0.05,0.02,3.27,0.11,0.04,3.13,0.12,0.04,17,59%,12%,29%,2,1,3,1,3,4,H,H,6.39
72,20190720,144,1.23,5.15,8.5,1.64,2.65,7,NaN,NaN,NaN,NaN,1.72,3.8,3.5,[-1],[+1],2.5/3.0,1.62,2.15,1.5/1.5,2.2,1.59,1.6,0.28,0.18,4.22,0.74,0.18,5.99,2.62,0.44,0,0%,0%,0%,1,0,3,0,1,3,H,H,10.21
73,20190720,56,1.73,3.15,4.4,2.45,1.9,5.2,NaN,NaN,NaN,NaN,3.35,3.2,1.93,[-1],[+1],2.5/2.5,2.4,1.5,1.5/1.5,3.55,1.25,1.97,0.11,0.05,3.22,0.11,0.04,3.84,0.36,0.09,153,52%,27%,21%,0,0,0,0,0,0,D,D,7.07
74,20190720,117,4.5,2.9,1.8,5.1,1.88,2.5,NaN,NaN,NaN,NaN,1.85,3.2,3.65,[+1],[-1],2.5/2.5,2.6,1.43,1.5/1.5,3.6,1.24,3.78,0.4,0.11,3.07,0.12,0.04,1.99,0.13,0.06,5,0%,20%,80%,0,1,1,1,1,2,A,D,6.85
75,20190720,125,2.3,3.2,2.65,3,2,3.4,NaN,NaN,NaN,NaN,4.8,3.8,1.52,[-1],[+1],2.5/2.5,2,1.72,1.5/1.5,3.05,1.32,2.37,0.1,0.04,3.23,0.12,0.04,2.79,0.24,0.08,6,33%,33%,33%,1,0,1,1,1,2,H,D,6.02
76,20190720,144,1.72,3.65,3.75,2.25,2.35,3.85,NaN,NaN,NaN,NaN,3,3.65,1.92,[-1],[+1],2.5/3.0,1.75,1.95,1.5/1.5,2.35,1.52,2.02,0.06,0.03,3.57,0.11,0.03,3.31,0.13,0.04,7,43%,43%,14%,1,0,3,0,1,3,H,H,6.88
77,20190720,56,3.8,2.88,1.95,4.6,1.85,2.7,NaN,NaN,NaN,NaN,1.72,3.3,4.1,[+1],[-1],2.5/2.5,2.65,1.42,1.5/1.5,3.8,1.22,4.08,0.26,0.06,3.26,0.14,0.04,1.9,0.09,0.04,5,0%,40%,60%,1,0,2,0,1,2,H,H,7.33
78,20190720,56,2.8,2.95,2.35,3.75,1.9,3,NaN,NaN,NaN,NaN,1.5,3.8,5.05,[+1],[-1],2.5/2.5,2.3,1.54,1.5/1.5,3.4,1.27,2.74,0.26,0.09,3.08,0.11,0.04,2.59,0.22,0.09,106,36%,31%,33%,0,1,0,4,1,4,A,A,5.82
79,20190720,56,2.2,2.8,3.2,3,1.78,4.3,NaN,NaN,NaN,NaN,4.8,3.55,1.57,[-1],[+1],2.5/2.5,2.7,1.4,1.5/1.5,3.8,1.22,2.15,0.07,0.03,3.03,0.1,0.03,3.51,0.17,0.05,58,60%,24%,16%,1,0,1,1,1,2,H,D,6.54
80,20190720,124,2.63,2.95,2.47,3.35,1.95,3.15,NaN,NaN,NaN,NaN,1.44,4,5.4,[+1],[-1],2.5/2.5,2.07,1.67,1.5/1.5,2.97,1.34,2.49,0.12,0.05,3.19,0.13,0.04,2.66,0.09,0.04,193,32%,30%,39%,0,0,0,2,0,2,D,A,5.85
81,20190720,124,2.35,3.25,2.57,2.9,2.15,3.15,1.84,2,[+0.0/+0.0],[-0.0/-0.0],4.65,4.05,1.5,[-1],[+1],2.5/2.5,1.7,2.02,1.5/1.5,2.45,1.48,2.41,0.07,0.03,3.34,0.12,0.04,2.67,0.09,0.03,81,38%,26%,36%,0,2,1,3,2,4,A,A,6.01
82,20190720,79,1.68,3.8,3.75,2.15,2.35,4.2,2,1.82,[-0.5/-1.0],[+0.5/+1.0],2.78,3.65,2.02,[-1],[+1],2.5/2.5,1.52,2.35,1.5/1.5,2.3,1.54,1.66,0.06,0.04,4.07,0.2,0.05,4.38,0.32,0.07,28,54%,21%,25%,1,0,2,0,1,2,H,H,8.44
83,20190720,79,1.75,3.4,3.9,2.35,2.1,4.4,NaN,NaN,NaN,NaN,3.15,3.45,1.92,[-1],[+1],2.5/2.5,1.9,1.8,1.5/1.5,2.82,1.37,1.97,0.1,0.05,3.44,0.13,0.04,3.6,0.37,0.1,201,54%,23%,23%,1,1,2,1,2,3,D,H,7.04
84,20190720,79,1.6,4,4,2.05,2.45,4.3,NaN,NaN,NaN,NaN,2.55,3.7,2.15,[-1],[+1],3.0/3.5,1.98,1.73,1.5/1.5,2.19,1.6,1.72,0.08,0.05,3.98,0.24,0.06,4.12,0.29,0.07,23,61%,26%,13%,0,2,1,3,2,4,A,A,8.1
85,20190720,144,2.55,3.65,2.17,3.15,2.3,2.65,1.76,2.02,[+0.0/+0.5],[-0.0/-0.5],1.57,4.15,3.95,[+1],[-1],2.5/2.5,1.45,2.55,1.5/2.0,2.55,1.45,2.71,0.13,0.05,3.59,0.12,0.03,2.34,0.11,0.05,3,33%,33%,33%,1,0,3,1,1,4,H,H,6.29
86,20190720,124,2.12,3.1,3.05,2.8,2,3.7,1.96,1.88,[+0.0/-0.5],[-0.0/+0.5],4.3,3.65,1.61,[-1],[+1],2.5/2.5,2.02,1.7,1.5/1.5,2.88,1.36,2.31,0.09,0.04,3.19,0.12,0.04,2.92,0.12,0.04,211,40%,29%,31%,2,2,4,2,4,6,D,H,6.11
87,20190720,79,1.6,3.8,4.25,2.1,2.35,4.4,NaN,NaN,NaN,NaN,2.65,3.5,2.15,[-1],[+1],2.5/3.0,1.77,1.93,1.5/1.5,2.4,1.5,1.74,0.08,0.04,3.79,0.19,0.05,4.2,0.31,0.07,89,60%,23%,18%,0,1,0,2,1,2,A,A,8
88,20190720,79,2.68,3.5,2.15,3.2,2.25,2.7,1.82,2,[+0.0/+0.5],[-0.0/-0.5],1.6,4,3.95,[+1],[-1],2.5/2.5,1.55,2.29,1.0/1.5,1.92,1.78,2.96,0.14,0.05,3.67,0.23,0.06,2.15,0.1,0.05,5,40%,0%,60%,1,1,1,2,2,3,D,A,6.63
89,20190720,79,1.95,3.55,3.05,2.5,2.3,3.4,1.79,2.04,[+0.0/-0.5],[-0.0/+0.5],3.45,3.8,1.74,[-1],[+1],2.5/2.5,1.6,2.19,1.0/1.5,1.95,1.75,1.83,0.1,0.06,3.75,0.24,0.06,3.83,0.38,0.1,69,64%,16%,20%,0,0,1,1,0,2,D,D,7.58
90,20190720,79,2.85,3.6,2.02,3.45,2.25,2.55,NaN,NaN,NaN,NaN,1.68,3.9,3.6,[+1],[-1],2.5/3.0,1.68,2.05,1.5/1.5,2.3,1.54,2.69,0.2,0.08,3.63,0.2,0.05,2.33,0.17,0.07,13,31%,8%,62%,1,2,1,3,3,4,A,A,6.33
91,20190720,124,3.1,3.15,2.08,3.8,2,2.75,NaN,NaN,NaN,NaN,1.63,3.6,4.2,[+1],[-1],2.5/2.5,2.02,1.7,1.5/1.5,2.92,1.35,2.72,0.17,0.06,3.16,0.13,0.04,2.46,0.11,0.04,114,25%,32%,43%,0,0,0,0,0,0,D,D,5.88
92,20190720,124,1.34,4.25,7,1.82,2.35,6.5,NaN,NaN,NaN,NaN,2.07,3.4,2.85,[-1],[+1],2.5/2.5,1.7,2.02,1.5/1.5,2.45,1.48,1.43,0.03,0.02,4.14,0.23,0.06,6.75,0.56,0.08,17,82%,12%,6%,3,0,4,2,3,6,H,H,10.89
93,20190721,87,1.66,3.65,4.05,2.25,2.15,4.6,2.03,1.81,[-0.5/-1.0],[+0.5/+1.0],2.85,3.45,2.05,[-1],[+1],3.5/3.5,3.1,1.31,1.0/1.5,2.3,1.54,2.26,0.07,0.03,3.17,0.07,0.02,2.87,0.07,0.03,130,37%,25%,38%,2,0,3,1,2,4,H,H,6.04
94,20190721,87,3.05,3.15,2.1,3.9,1.92,2.85,1.88,1.96,[+0.0/+0.5],[-0.0/-0.5],1.63,3.55,4.3,[+1],[-1],2.5/2.5,2.25,1.57,1.5/1.5,3.6,1.24,2.83,0.18,0.06,3.06,0.1,0.03,2.44,0.2,0.08,183,24%,34%,42%,0,2,0,3,2,3,A,A,5.9
95,20190721,87,2.35,3,2.75,3.25,1.83,3.65,1.76,2.1,[+0.0/+0.0],[-0.0/-0.0],5.2,3.7,1.5,[-1],[+1],2.5/2.5,2.5,1.46,1.5/1.5,4,1.2,2.29,0.08,0.04,2.96,0.08,0.03,3.17,0.14,0.05,141,43%,27%,30%,0,0,1,0,0,1,D,H,6.13
96,20190721,88,2.77,2.97,2.35,3.65,1.9,3.05,NaN,NaN,NaN,NaN,1.5,3.8,5.05,[+1],[-1],2.5/2.5,2.19,1.6,1.5/1.5,3.4,1.27,2.75,0.07,0.02,3.1,0.1,0.03,2.48,0.06,0.03,38,26%,42%,32%,1,0,2,0,1,2,H,H,5.85
97,20190721,88,1.72,3.15,4.4,2.35,2,4.9,NaN,NaN,NaN,NaN,3.2,3.25,1.97,[-1],[+1],2.5/2.5,2.15,1.62,1.5/1.5,3.3,1.28,1.81,0.05,0.03,3.34,0.12,0.04,4.21,0.27,0.07,29,59%,21%,21%,0,1,1,2,1,3,A,A,7.55
98,20190721,88,1.8,3.45,3.6,2.4,2.22,3.85,NaN,NaN,NaN,NaN,3.15,3.7,1.85,[-1],[+1],2.5/2.5,1.62,2.15,1.5/1.5,2.55,1.45,1.79,0.05,0.03,3.59,0.13,0.04,3.95,0.28,0.07,15,40%,40%,20%,0,1,2,1,1,3,A,H,7.54
99,20190721,144,1.95,3.45,3.1,2.5,2.25,3.5,1.8,1.97,[+0.0/-0.5],[-0.0/+0.5],3.65,3.7,1.71,[-1],[+1],2.5/3.0,1.85,1.85,1.5/2.0,3.02,1.33,2.08,0.05,0.03,3.41,0.1,0.03,3.25,0.15,0.05,11,46%,27%,27%,0,1,2,3,1,5,A,A,6.67
100,20190721,58,1.39,3.8,7.1,1.93,2.17,6.7,1.87,1.97,[-1.0/-1.0],[+1.0/+1.0],2.33,3.15,2.62,[-1],[+1],3.5/3.5,3.6,1.24,1.5/1.5,2.82,1.37,1.51,0.07,0.05,3.92,0.32,0.08,6.02,0.46,0.08,16,75%,19%,6%,1,0,1,0,1,1,H,H,9.94
101,20190721,58,1.21,5,10.5,1.65,2.52,8,NaN,NaN,NaN,NaN,1.75,3.6,3.6,[-1],[+1],2.5/3.0,1.77,1.93,1.5/1.5,2.3,1.54,1.28,0.06,0.05,5.21,0.54,0.1,8.99,1.28,0.14,16,69%,6%,25%,1,1,1,1,2,2,D,D,14.2
102,20190721,122,1.23,4.65,10.5,1.72,2.3,9,NaN,NaN,NaN,NaN,1.85,3.4,3.4,[-1],[+1],2.5/2.5,1.85,1.85,1.5/1.5,2.7,1.4,1.29,0.04,0.03,4.77,0.35,0.07,10.38,1.45,0.14,10,70%,20%,10%,2,1,2,1,3,3,H,H,15.15
103,20190721,56,3.05,3,2.17,4.1,1.9,2.8,1.85,1.99,[+0.0/+0.5],[-0.0/-0.5],1.58,3.65,4.5,[+1],[-1],2.5/2.5,2.25,1.57,1.5/1.5,3.3,1.28,2.81,0.21,0.08,2.99,0.1,0.03,2.59,0.2,0.08,51,29%,37%,33%,0,0,0,1,0,1,D,A,5.8
104,20190721,36,1.97,3.35,3.15,2.55,2.15,3.7,NaN,NaN,NaN,NaN,3.7,3.65,1.71,[-1],[+1],2.5/2.5,1.75,1.95,1.5/1.5,2.55,1.45,1.96,0.1,0.05,3.47,0.11,0.03,3.4,0.24,0.07,1,0%,100%,0%,1,2,1,2,3,3,A,A,6.87
105,20190721,58,1.48,3.75,5.5,2,2.25,5.5,1.77,2.09,[-0.5/-1.0],[+0.5/+1.0],2.48,3.3,2.38,[-1],[+1],2.5/2.5,1.77,1.93,1.5/1.5,2.55,1.45,1.7,0.07,0.04,3.65,0.17,0.05,4.58,0.34,0.07,62,50%,26%,24%,2,0,3,0,2,3,H,H,8.23
106,20190721,122,1.73,3,4.7,2.5,1.85,5.3,2.14,1.73,[-0.5/-1.0],[+0.5/+1.0],3.35,3.15,1.95,[-1],[+1],2.0/2.5,2.25,1.57,1.5/1.5,3.7,1.23,1.75,0.07,0.04,3.26,0.16,0.05,4.86,0.31,0.06,28,64%,21%,14%,0,0,-,,0,0,D,H,8.12
107,20190721,59,1.34,4.15,7.3,1.82,2.3,7,2.04,1.81,[-1.0/-1.5],[+1.0/+1.5],2.15,3.25,2.8,[-1],[+1],2.5/2.5,1.8,1.9,1.5/1.5,2.6,1.43,1.47,0.07,0.05,4.16,0.23,0.05,6.38,0.89,0.14,31,71%,23%,7%,0,0,2,1,0,3,D,H,10.54
108,20190721,124,1.46,3.85,5.6,2,2.25,5.4,1.73,2.14,[-0.5/-1.0],[+0.5/+1.0],2.42,3.3,2.42,[-1],[+1],2.5/2.5,1.8,1.9,1.5/1.5,2.6,1.43,1.57,0.04,0.03,3.76,0.17,0.04,5.29,0.35,0.07,42,57%,21%,21%,0,0,0,2,0,2,D,A,9.05
109,20190721,59,1.44,4.05,5.5,1.9,2.42,5.3,1.92,1.92,[-1.0/-1.0],[+1.0/+1.0],2.32,3.45,2.45,[-1],[+1],2.5/3.0,1.75,1.95,1.5/1.5,2.29,1.55,1.47,0.06,0.04,4.23,0.22,0.05,6.12,0.58,0.09,37,70%,22%,8%,1,0,2,1,1,3,H,H,10.35
110,20190721,122,5.25,3.55,1.54,5.5,2.1,2.13,NaN,NaN,NaN,NaN,2.22,3.35,2.65,[+1],[-1],2.5/2.5,1.93,1.77,1.5/1.5,2.82,1.37,6.25,0.74,0.12,3.94,0.24,0.06,1.5,0.05,0.04,5,0%,40%,60%,0,1,0,2,1,2,A,A,10.2
111,20190721,56,1.42,3.75,6.5,1.98,2.1,6.75,NaN,NaN,NaN,NaN,2.42,3.15,2.52,[-1],[+1],2.5/2.5,2.02,1.7,1.5/1.5,2.92,1.35,1.62,0.07,0.04,3.68,0.22,0.06,5.27,0.35,0.07,63,60%,29%,11%,2,0,2,2,2,4,H,D,8.96
112,20190721,56,2.63,2.75,2.63,3.55,1.77,3.55,NaN,NaN,NaN,NaN,6.4,3.8,1.41,[-1],[+1],2.5/2.5,2.7,1.4,1.5/1.5,3.8,1.22,2.71,0.13,0.05,2.92,0.1,0.04,2.72,0.13,0.05,28,46%,36%,18%,0,0,1,1,0,2,D,D,5.64
113,20190721,79,1.38,4.3,6,1.85,2.45,5.55,1.8,2.03,[-1.0/-1.0],[+1.0/+1.0],2.15,3.55,2.62,[-1],[+1],2.5/3.0,1.63,2.13,1.5/1.5,2.22,1.58,1.56,0.05,0.03,4.17,0.2,0.05,5.12,0.42,0.08,39,59%,28%,13%,0,0,2,0,0,2,D,H,9.29
114,20190721,56,1.85,3.1,3.85,2.5,1.95,4.7,NaN,NaN,NaN,NaN,3.65,3.35,1.8,[-1],[+1],2.5/2.5,2.3,1.54,1.5/1.5,3.4,1.27,2.17,0.13,0.06,3.07,0.1,0.03,3.44,0.27,0.08,94,52%,30%,18%,0,0,0,0,0,0,D,D,6.51
115,20190721,79,2.9,3.55,2.02,3.35,2.25,2.6,NaN,NaN,NaN,NaN,1.68,3.85,3.7,[+1],[-1],2.5/3.0,1.73,1.98,1.5/1.5,2.35,1.52,2.54,0.26,0.1,3.54,0.19,0.05,2.52,0.26,0.1,30,40%,27%,33%,0,1,0,2,1,2,A,A,6.08
116,20190721,93,2.25,3.1,2.8,2.9,2,3.5,NaN,NaN,NaN,NaN,4.65,3.75,1.54,[-1],[+1],2.5/2.5,2,1.72,1.5/1.5,2.97,1.34,2.14,0.07,0.03,3.15,0.15,0.05,3.06,0.18,0.06,8,63%,13%,25%,1,1,1,2,2,3,D,A,6.22
117,20190721,72,1.75,3.9,3.35,2.15,2.45,3.85,1.62,2.24,[+0.0/-0.5],[-0.0/+0.5],3,3.65,1.9,[-1],[+1],3.0/3.5,1.88,1.82,1.5/1.5,2.05,1.68,1.87,0.08,0.05,3.75,0.17,0.04,3.38,0.25,0.07,4,0%,75%,25%,1,1,1,2,2,3,D,A,7.13
118,20190721,79,2.1,3.45,2.8,2.7,2.17,3.35,1.95,1.89,[+0.0/-0.5],[-0.0/+0.5],3.9,3.85,1.63,[-1],[+1],2.5/3.0,1.78,1.92,1.5/2.0,3,1.33,2.12,0.1,0.05,3.61,0.16,0.04,3.04,0.14,0.05,52,46%,25%,29%,0,1,0,1,1,1,A,A,6.66
119,20190721,124,1.86,3.2,3.65,2.45,2.05,4.3,1.74,2.13,[+0.0/-0.5],[-0.0/+0.5],3.6,3.4,1.8,[-1],[+1],2.5/2.5,2.02,1.7,1.5/1.5,2.92,1.35,2.1,0.09,0.04,3.18,0.13,0.04,3.33,0.2,0.06,178,51%,23%,26%,1,0,3,0,1,3,H,H,6.51
120,20190721,93,2.75,3.3,2.18,3.4,2.1,2.8,NaN,NaN,NaN,NaN,1.57,3.9,4.2,[+1],[-1],2.5/2.5,1.73,1.98,1.5/1.5,2.55,1.45,2.36,0.06,0.02,3.28,0.1,0.03,2.61,0.04,0.02,3,0%,100%,0%,1,1,1,2,2,3,D,A,5.89
121,20190721,79,1.82,3.6,3.4,2.35,2.3,3.75,1.71,2.18,[+0.0/-0.5],[-0.0/+0.5],3.15,3.7,1.85,[-1],[+1],3.5/3.5,2.5,1.46,1.5/2.0,2.92,1.35,1.9,0.07,0.04,3.68,0.22,0.06,3.59,0.18,0.05,66,56%,17%,27%,0,1,1,2,1,3,A,A,7.27
122,20190722,58,3.3,2.9,2.1,4.2,1.84,2.9,1.94,1.9,[+0.0/+0.5],[-0.0/-0.5],1.62,3.5,4.45,[+1],[-1],2.5/2.5,2.35,1.52,1.5/1.5,3.3,1.28,3.38,0.18,0.05,3.03,0.11,0.04,2.19,0.08,0.04,1,0%,0%,100%,0,0,0,1,0,1,D,A,6.41
123,20190722,58,1.4,4.2,5.8,1.86,2.4,5.7,2.07,1.78,[-1.0/-1.5],[+1.0/+1.5],2.2,3.5,2.58,[-1],[+1],2.5/3.0,1.65,2.1,1.5/1.5,2.15,1.62,1.48,0.04,0.03,4.4,0.22,0.05,5.57,0.42,0.08,7,86%,14%,0%,4,1,5,2,5,7,H,H,9.97
124,20190722,56,1.38,3.75,7.5,1.96,2.1,7,1.89,1.95,[-1.0/-1.0],[+1.0/+1.0],2.4,3.05,2.6,[-1],[+1],2.5/2.5,2.13,1.63,1.5/1.5,3.07,1.32,1.44,0.06,0.04,3.9,0.25,0.06,7.94,1.12,0.14,6,83%,17%,0%,0,0,4,0,0,4,D,H,11.84
125,20190723,72,2.07,3.6,2.75,2.55,2.3,3.3,1.87,1.89,[+0.0/-0.5],[-0.0/+0.5],3.7,4.1,1.63,[-1],[+1],3.5/3.5,2.4,1.5,1.5/2.0,2.65,1.42,2.27,0.13,0.06,3.47,0.14,0.04,2.76,0.18,0.06,15,40%,33%,27%,0,1,1,2,1,3,A,A,6.22
126,20190723,7,2.3,3.05,2.78,3.05,1.95,3.5,1.73,2.06,[+0.0/+0.0],[-0.0/-0.0],4.75,3.9,1.51,[-1],[+1],2.5/2.5,2.05,1.68,1.5/1.5,3.05,1.32,2.52,0.1,0.04,3.19,0.12,0.04,2.62,0.12,0.05,66,38%,32%,30%,1,1,2,2,2,4,D,D,5.81
127,20190723,6,2.33,2.95,2.82,3,1.9,3.7,2.07,1.72,[+0.0/-0.5],[-0.0/+0.5],4.9,3.8,1.51,[-1],[+1],2.5/2.5,2.25,1.57,1.5/1.5,3.3,1.28,2.43,0.08,0.03,3.16,0.11,0.04,2.8,0.1,0.04,27,56%,22%,22%,0,0,0,0,0,0,D,D,5.95
128,20190723,6,1.5,3.7,5.3,2,2.25,5.4,1.73,2.06,[-0.5/-1.0],[+0.5/+1.0],2.52,3.35,2.32,[-1],[+1],3.5/3.5,3.1,1.31,1.5/1.5,2.6,1.43,1.65,0.1,0.06,3.67,0.21,0.06,4.95,0.64,0.13,23,35%,57%,9%,1,1,3,2,2,5,D,H,8.62
129,20190723,6,9.25,4.75,1.24,7.5,2.5,1.68,NaN,NaN,NaN,NaN,3.4,3.65,1.78,[+1],[-1],2.5/2.5,1.62,2.15,1.5/1.5,2.4,1.5,7.47,1.25,0.17,4.88,0.3,0.06,1.34,0.05,0.04,6,17%,17%,67%,0,1,0,2,1,2,A,A,12.35
130,20190723,36,1.23,5,9,1.67,2.55,7.25,NaN,NaN,NaN,NaN,1.77,3.65,3.45,[-1],[+1],2.5/3.0,1.72,2,1.5/1.5,2.29,1.55,1.53,0.09,0.06,4.12,0.29,0.07,5.19,0.83,0.16,4,75%,25%,0%,2,0,3,0,2,3,H,H,9.32
131,20190723,106,2.85,2.8,2.42,3.7,1.82,3.25,NaN,NaN,NaN,NaN,1.48,3.7,5.5,[+1],[-1],2.0/2.5,2.2,1.59,1.5/1.5,3.7,1.23,2.39,0.22,0.09,3.03,0.19,0.06,2.98,0.28,0.1,30,37%,47%,17%,0,0,1,0,0,1,D,H,6.02
132,20190723,71,1.67,3.05,5.1,2.45,1.9,5.15,2.02,1.76,[-0.5/-1.0],[+0.5/+1.0],3.25,3.1,2.02,[-1],[+1],2.5/2.5,2.5,1.46,1.5/1.5,3.45,1.26,1.68,0.1,0.06,3.4,0.21,0.06,5.31,0.58,0.11,19,42%,16%,42%,0,0,0,0,0,0,D,D,8.72
133,20190723,144,1.88,3.75,3.05,2.37,2.45,3.35,1.75,2.04,[+0.0/-0.5],[-0.0/+0.5],3.25,3.85,1.78,[-1],[+1],2.5/2.5,1.42,2.65,1.0/1.5,1.73,1.98,2.05,0.07,0.03,3.74,0.14,0.04,3.12,0.13,0.04,0,0%,0%,0%,0,2,2,2,2,4,A,D,6.85
134,20190723,71,4.6,2.95,1.77,5.3,1.85,2.5,1.66,2.17,[+0.5/+1.0],[-0.5/-1.0],1.88,3.1,3.65,[+1],[-1],1.5/2.0,1.7,2.02,0.5/1.0,1.85,1.85,3.57,0.47,0.13,3.25,0.17,0.05,2.05,0.18,0.09,9,11%,11%,78%,2,1,2,2,3,4,H,D,6.83
135,20190723,71,1.61,3.3,5,2.25,2,5.5,NaN,NaN,NaN,NaN,3.05,3.1,2.1,[-1],[+1],2.5/2.5,2.3,1.54,1.5/1.5,3.2,1.3,1.82,0.12,0.06,3.38,0.18,0.05,4.29,0.46,0.11,35,66%,17%,17%,1,0,3,1,1,4,H,H,7.68
136,20190723,106,1.88,3,3.9,2.65,1.92,4.35,1.69,2.12,[+0.0/-0.5],[-0.0/+0.5],3.85,3.25,1.78,[-1],[+1],2.5/2.5,2.45,1.48,1.5/1.5,3.55,1.25,1.97,0.05,0.02,3.01,0.1,0.03,4.02,0.25,0.06,8,38%,50%,13%,0,1,1,2,1,3,A,A,7.03
137,20190723,144,1.49,4.1,4.8,1.92,2.5,4.8,1.97,1.8,[-1.0/-1.0],[+1.0/+1.0],2.37,3.6,2.33,[-1],[+1],2.5/2.5,1.46,2.5,1.5/1.5,2.1,1.65,1.79,0.1,0.06,3.87,0.17,0.04,3.91,0.34,0.09,1,0%,100%,0%,1,0,1,0,1,1,H,H,7.78
138,20190723,144,13.5,6.35,1.12,10.5,2.75,1.49,NaN,NaN,NaN,NaN,2.05,3.85,2.62,[+2],[-2],2.5/3.0,1.65,2.1,1.5/1.5,2.2,1.59,11.34,1.46,0.13,6.28,0.37,0.06,1.21,0.03,0.03,0,0%,0%,0%,0,0,0,0,0,0,D,D,17.62
139,20190724,88,1.62,3.5,4.5,2.2,2.12,4.95,1.91,1.93,[-0.5/-1.0],[+0.5/+1.0],2.82,3.35,2.1,[-1],[+1],3.5/3.5,3.3,1.28,1.0/1.5,2.35,1.52,1.66,0.05,0.03,3.63,0.13,0.04,4.82,0.27,0.06,17,59%,29%,12%,1,0,2,2,1,4,H,D,8.45
140,20190724,144,1.61,3.8,4.2,2.18,2.2,4.6,1.9,1.87,[-0.5/-1.0],[+0.5/+1.0],2.75,3.45,2.1,[-1],[+1],3.5/3.5,2.95,1.34,1.0/1.5,2.08,1.66,1.9,0.14,0.07,3.57,0.16,0.05,3.77,0.38,0.1,1,0%,100%,0%,0,1,1,1,1,2,A,D,7.34
141,20190724,6,2.05,3,3.3,2.8,1.88,4.2,1.86,1.9,[+0.0/-0.5],[-0.0/+0.5],4.15,3.5,1.66,[-1],[+1],2.5/2.5,2.29,1.52,1.0/1.5,2.8,1.38,1.92,0.13,0.07,3.36,0.21,0.06,3.8,0.32,0.08,25,52%,20%,28%,1,1,2,1,2,3,D,H,7.16
142,20190724,6,1.92,2.95,3.8,2.6,1.9,4.6,NaN,NaN,NaN,NaN,3.8,3.4,1.75,[-1],[+1],2.5/2.5,2.4,1.5,1.5/1.5,3.45,1.26,2.17,0.09,0.04,3.17,0.11,0.03,3.22,0.2,0.06,22,41%,50%,9%,1,0,1,0,1,1,H,H,6.39
143,20190724,6,2.1,2.85,3.4,2.85,1.84,4.3,1.9,1.86,[+0.0/-0.5],[-0.0/+0.5],4.35,3.5,1.63,[-1],[+1],2.5/2.5,2.5,1.46,1.5/1.5,3.6,1.24,2.47,0.18,0.07,3.13,0.11,0.03,2.8,0.22,0.08,33,46%,27%,27%,2,1,2,1,3,3,H,H,5.92
144,20190724,6,1.24,4.45,11,1.72,2.3,9,NaN,NaN,NaN,NaN,1.85,3.35,3.45,[-1],[+1],2.5/2.5,1.9,1.8,1.5/1.5,2.75,1.39,1.31,0.06,0.05,5.04,0.42,0.08,8.37,2.13,0.25,11,55%,36%,9%,1,0,2,0,1,2,H,H,13.41
145,20190724,6,2.85,2.75,2.45,3.95,1.75,3.3,NaN,NaN,NaN,NaN,1.46,3.7,5.75,[+1],[-1],2.0/2.5,2.45,1.48,1.5/1.5,4,1.2,2.96,0.27,0.09,3.17,0.17,0.05,2.33,0.13,0.06,24,21%,42%,38%,0,1,1,1,1,2,A,D,6.13
146,20190724,71,2.6,2.63,2.8,3.55,1.72,3.75,NaN,NaN,NaN,NaN,6.75,3.75,1.4,[-1],[+1],1.5/2.0,1.8,1.9,0.5/1.0,1.93,1.77,2.69,0.11,0.04,2.96,0.16,0.06,2.68,0.09,0.03,19,42%,32%,26%,0,0,0,1,0,1,D,A,5.65
147,20190724,71,1.95,2.8,3.95,2.7,1.83,4.7,NaN,NaN,NaN,NaN,4.2,3.25,1.72,[-1],[+1],1.5/2.0,1.72,2,0.5/1.0,1.85,1.85,1.75,0.11,0.06,3.28,0.22,0.07,4.96,0.67,0.13,21,67%,24%,10%,0,0,0,0,0,0,D,D,8.24
148,20190724,144,3.7,3.65,1.72,4,2.3,2.25,NaN,NaN,NaN,NaN,1.96,3.65,2.9,[+1],[-1],2.5/2.5,1.57,2.25,1.5/1.5,2.3,1.54,3.63,0.29,0.08,3.73,0.17,0.05,1.88,0.12,0.07,3,100%,0%,0%,1,1,1,2,2,3,D,A,7.37
149,20190724,71,2.15,2.78,3.35,2.95,1.78,4.4,1.88,1.88,[+0.0/-0.5],[-0.0/+0.5],4.75,3.4,1.6,[-1],[+1],2.5/2.5,2.7,1.4,1.5/1.5,3.6,1.24,2.28,0.14,0.06,3.07,0.14,0.04,3.16,0.31,0.1,39,33%,33%,33%,0,0,0,1,0,1,D,A,6.23
150,20190724,71,3.6,2.8,2.05,4.5,1.82,2.8,1.95,1.82,[+0.0/+0.5],[-0.0/-0.5],1.65,3.35,4.45,[+1],[-1],1.5/2.0,1.7,2.02,0.5/1.0,1.85,1.85,3.13,0.41,0.13,2.98,0.13,0.04,2.39,0.22,0.09,16,31%,31%,38%,1,0,2,0,1,2,H,H,6.11
151,20190724,106,2.48,2.82,2.75,3.25,1.85,3.55,1.79,1.98,[+0.0/+0.0],[-0.0/-0.0],5.6,3.8,1.46,[-1],[+1],2.5/2.5,2.45,1.48,1.5/1.5,3.55,1.25,2.55,0.08,0.03,2.91,0.1,0.03,2.83,0.1,0.03,16,44%,31%,25%,0,1,0,1,1,1,A,A,5.74
152,20190724,93,3.15,3.25,2.02,3.75,2.1,2.6,NaN,NaN,NaN,NaN,1.67,3.6,4,[+1],[-1],2.5/2.5,1.9,1.8,1.5/1.5,2.82,1.37,3.11,0.33,0.11,3.26,0.25,0.08,2.19,0.26,0.12,8,25%,0%,75%,0,0,0,1,0,1,D,A,6.37
153,20190725,144,2.4,3.45,2.4,3,2.17,3,1.87,1.89,[+0.0/+0.0],[-0.0/-0.0],4.7,4.25,1.47,[-1],[+1],2.5/2.5,1.62,2.15,1.5/1.5,2.35,1.52,2.58,0.15,0.06,3.45,0.13,0.04,2.49,0.11,0.05,8,13%,38%,50%,0,1,1,2,1,3,A,A,6.03
154,20190725,7,1.95,3.1,3.5,2.6,2,4.1,NaN,NaN,NaN,NaN,3.9,3.45,1.72,[-1],[+1],2.5/2.5,2.19,1.6,1.5/1.5,3.05,1.32,2.09,0.09,0.04,3.22,0.12,0.04,3.32,0.25,0.08,60,40%,33%,27%,0,0,3,0,0,3,D,H,6.54
155,20190725,7,1.21,5.1,10,1.64,2.55,8,NaN,NaN,NaN,NaN,1.7,3.75,3.65,[-1],[+1],2.5/2.5,1.6,2.19,1.5/1.5,2.33,1.53,1.17,0.05,0.04,6.65,0.91,0.14,12.26,2.04,0.17,5,80%,20%,0%,0,1,1,1,1,2,A,D,18.91
156,20190725,7,2.75,3.05,2.33,3.55,1.93,3.05,2.04,1.74,[+0.0/+0.0],[-0.0/-0.0],1.5,3.8,5,[+1],[-1],2.5/2.5,2.15,1.62,1.5/1.5,3,1.33,2.42,0.19,0.08,3.24,0.12,0.04,2.73,0.23,0.09,83,36%,33%,31%,0,0,2,0,0,2,D,H,5.97
157,20190725,7,1.58,3.6,4.7,2.15,2.2,4.8,NaN,NaN,NaN,NaN,2.65,3.4,2.18,[-1],[+1],2.5/2.5,1.8,1.9,1.5/1.5,2.6,1.43,1.59,0.04,0.03,3.79,0.15,0.04,5,0.35,0.07,34,62%,32%,6%,0,0,0,0,0,0,D,D,8.79
158,20190725,7,1.47,3.7,5.8,2,2.17,6,NaN,NaN,NaN,NaN,2.42,3.25,2.45,[-1],[+1],2.5/2.5,1.9,1.8,1.5/1.5,2.75,1.39,1.31,0.06,0.04,5,0.67,0.13,7.91,0.97,0.12,4,25%,75%,0%,1,1,3,1,2,4,D,H,12.91
159,20190725,7,1.001,20,60,1.12,4.8,35,NaN,NaN,NaN,NaN,1.65,4.75,3.2,[-3],[+3],4.5/4.5,2.05,1.68,1.5/1.5,1.57,2.25,1.08,0.05,0.04,9.72,3.12,0.32,21.21,10.86,0.51,1,100%,0%,0%,1,0,2,0,1,2,H,H,30.93
160,20190725,7,1.1,6.4,18,1.47,2.7,13,NaN,NaN,NaN,NaN,2.38,3.85,2.23,[-2],[+2],2.5/2.5,1.63,2.13,1.5/1.5,2.35,1.52,1.23,0.05,0.04,5.99,0.54,0.09,8.95,2.26,0.25,0,0%,0%,0%,2,0,3,0,2,3,H,H,14.95
161,20190725,7,1.01,13,40,1.21,3.9,22,NaN,NaN,NaN,NaN,2.12,4.4,2.33,[-3],[+3],3.5/3.5,1.7,2.02,1.5/1.5,1.77,1.93,1.07,0.02,0.02,9.96,1.5,0.15,21.16,9.27,0.44,0,0%,0%,0%,0,0,4,0,0,4,D,H,31.12
162,20190725,71,1.42,3.5,7.5,2.05,2,7.2,1.94,1.82,[-1.0/-1.0],[+1.0/+1.0],2.5,2.95,2.58,[-1],[+1],2.5/2.5,2.55,1.45,1.5/1.5,3.6,1.24,1.54,0.04,0.03,3.55,0.15,0.04,6.49,0.52,0.08,7,57%,0%,43%,0,0,2,0,0,2,D,H,10.05
163,20190725,106,1.21,4.7,12,1.75,2.2,9.75,NaN,NaN,NaN,NaN,1.87,3.2,3.55,[-1],[+1],2.5/2.5,2.1,1.65,1.5/1.5,3.12,1.31,1.29,0.03,0.02,4.7,0.27,0.06,10.5,1.6,0.15,2,50%,50%,0%,1,0,2,0,1,2,H,H,15.2
164,20190725,106,1.34,3.95,8,1.92,2.12,7.3,NaN,NaN,NaN,NaN,2.22,3.1,2.82,[-1],[+1],2.5/2.5,2.2,1.59,1.5/1.5,3.25,1.29,1.39,0.03,0.02,4.13,0.19,0.05,8.07,0.93,0.12,18,67%,11%,22%,0,0,1,0,0,1,D,H,12.2
165,20190726,72,3.65,3.6,1.75,4.15,2.25,2.25,NaN,NaN,NaN,NaN,1.9,3.6,3.05,[+1],[-1],2.5/3.0,1.85,1.85,1.5/1.5,2.4,1.5,3.63,0.27,0.07,3.56,0.14,0.04,1.84,0.08,0.04,5,20%,40%,40%,1,3,2,6,4,8,A,A,7.18
166,20190726,122,1.6,3.4,4.9,2.22,2.07,5.1,1.91,1.93,[-0.5/-1.0],[+0.5/+1.0],2.85,3.2,2.15,[-1],[+1],2.0/2.5,1.85,1.85,1.5/1.5,3,1.33,1.74,0.07,0.04,3.43,0.13,0.04,4.67,0.29,0.06,40,55%,23%,23%,2,0,2,0,2,2,H,H,8.1
167,20190726,103,2.6,2.78,2.65,3.35,1.82,3.55,NaN,NaN,NaN,NaN,6.2,3.9,1.41,[-1],[+1],2.5/2.5,2.48,1.47,1.5/1.5,3.55,1.25,2.6,0.08,0.03,2.89,0.1,0.03,2.84,0.09,0.03,138,37%,29%,34%,1,0,2,2,1,4,H,D,5.73
168,20190726,103,2.32,2.95,2.82,3,1.9,3.7,NaN,NaN,NaN,NaN,5,3.75,1.51,[-1],[+1],2.5/2.5,2.19,1.6,1.5/1.5,3.2,1.3,2.62,0.09,0.03,3.05,0.1,0.03,2.69,0.09,0.03,119,35%,32%,33%,0,0,1,0,0,1,D,H,5.74
169,20190726,103,1.87,3.05,3.85,2.52,1.98,4.4,NaN,NaN,NaN,NaN,3.75,3.35,1.78,[-1],[+1],2.5/2.5,2.2,1.59,1.5/1.5,3.2,1.3,1.87,0.05,0.03,3.28,0.12,0.04,4.15,0.25,0.06,122,58%,28%,14%,1,0,3,0,1,3,H,H,7.43
170,20190726,103,1.65,3.25,4.75,2.25,2.02,5.3,NaN,NaN,NaN,NaN,3.05,3.25,2.03,[-1],[+1],2.5/2.5,2.1,1.65,1.5/1.5,3.05,1.32,1.81,0.05,0.03,3.31,0.12,0.04,4.41,0.29,0.07,124,57%,25%,19%,2,0,3,3,2,6,H,D,7.72
171,20190726,103,2.15,2.95,3.15,2.92,1.9,3.85,NaN,NaN,NaN,NaN,4.6,3.65,1.57,[-1],[+1],2.5/2.5,2.19,1.6,1.5/1.5,3.2,1.3,1.98,0.05,0.03,3.15,0.12,0.04,3.85,0.21,0.06,201,46%,29%,25%,0,0,0,0,0,0,D,D,7
172,20190726,103,2.85,2.9,2.35,3.65,1.85,3.2,1.71,2.18,[+0.0/+0.5],[-0.0/-0.5],1.5,3.65,5.35,[+1],[-1],2.5/2.5,2.35,1.52,1.5/1.5,3.4,1.27,2.83,0.09,0.03,2.95,0.11,0.04,2.56,0.09,0.03,112,25%,37%,38%,0,1,0,2,1,2,A,A,5.78
173,20190726,103,2.65,2.82,2.55,3.5,1.85,3.3,NaN,NaN,NaN,NaN,1.42,3.9,6,[+1],[-1],2.5/2.5,2.4,1.5,1.5/1.5,3.45,1.26,2.65,0.08,0.03,2.95,0.11,0.04,2.73,0.09,0.03,124,36%,32%,33%,2,0,2,0,2,2,H,H,5.68
174,20190726,103,3.2,2.85,2.17,4.1,1.85,2.9,NaN,NaN,NaN,NaN,1.58,3.5,4.75,[+1],[-1],2.5/2.5,2.45,1.48,1.5/1.5,3.55,1.25,3.23,0.15,0.05,2.92,0.1,0.04,2.32,0.07,0.03,36,28%,31%,42%,0,0,0,0,0,0,D,D,6.15
175,20190726,33,1.32,4.6,6.7,1.77,2.6,5.6,1.89,1.87,[-1.0/-1.5],[+1.0/+1.5],2,3.6,2.85,[-1],[+1],3.0/3.5,2.02,1.7,1.5/1.5,2.1,1.65,1.48,0.04,0.03,4.36,0.19,0.04,5.6,0.34,0.06,9,56%,33%,11%,0,1,2,1,1,3,A,H,9.96
176,20190726,54,1.57,3.8,4.5,2.05,2.3,4.85,1.99,1.85,[-0.5/-1.0],[+0.5/+1.0],2.65,3.5,2.15,[-1],[+1],2.5/3.0,1.8,1.9,1.5/1.5,2.35,1.52,1.81,0.07,0.04,3.55,0.14,0.04,4.03,0.2,0.05,84,54%,29%,18%,2,1,2,1,3,3,H,H,7.58
177,20190726,144,2,3.45,3,2.6,2.2,3.45,1.83,1.93,[+0.0/-0.5],[-0.0/+0.5],3.6,3.75,1.7,[-1],[+1],2.5/3.0,1.82,1.88,1.5/2.0,3.02,1.33,2.13,0.09,0.04,3.61,0.13,0.04,3.03,0.16,0.05,8,63%,25%,13%,0,5,3,7,5,10,A,A,6.64
178,20190726,79,1.57,3.9,4.35,2.05,2.4,4.45,1.87,1.95,[-0.5/-1.0],[+0.5/+1.0],2.52,3.6,2.2,[-1],[+1],2.5/3.0,1.65,2.1,1.5/2.0,2.7,1.4,1.7,0.05,0.03,3.86,0.16,0.04,4.34,0.24,0.06,73,63%,16%,21%,1,0,3,1,1,4,H,H,8.2
179,20190726,94,1.54,3.35,5.65,2.15,2.02,5.9,NaN,NaN,NaN,NaN,2.72,3.15,2.25,[-1],[+1],2.5/2.5,2.2,1.59,1.5/1.5,3.25,1.29,1.58,0.04,0.03,3.57,0.13,0.04,6.02,0.44,0.07,57,65%,23%,12%,0,0,0,0,0,0,D,D,9.58
180,20190726,124,2.05,3.25,3.05,2.65,2.1,3.65,1.87,1.97,[+0.0/-0.5],[-0.0/+0.5],3.9,3.75,1.65,[-1],[+1],2.5/2.5,1.82,1.88,1.5/1.5,2.6,1.43,2,0.06,0.03,3.42,0.12,0.03,3.33,0.13,0.04,70,47%,26%,27%,0,0,0,1,0,1,D,A,6.75
181,20190726,123,1.72,3.35,4.1,2.35,2.05,4.7,NaN,NaN,NaN,NaN,3.15,3.35,1.95,[-1],[+1],2.5/2.5,2.02,1.7,1.5/1.5,3.05,1.32,1.91,0.11,0.06,3.31,0.09,0.03,3.8,0.3,0.08,88,48%,30%,23%,0,1,2,2,1,4,A,D,7.11
182,20190726,79,1.35,4.7,5.85,1.75,2.65,5.6,1.92,1.9,[-1.0/-1.5],[+1.0/+1.5],2.02,3.75,2.72,[-1],[+1],2.5/2.5,1.38,2.8,1.5/2.0,2.4,1.5,1.48,0.05,0.03,4.54,0.23,0.05,5.5,0.31,0.06,11,82%,9%,9%,4,2,4,3,6,7,H,H,10.04
183,20190726,124,4.55,3.65,1.59,4.7,2.25,2.12,NaN,NaN,NaN,NaN,2.15,3.4,2.7,[+1],[-1],2.5/2.5,1.7,2.02,1.5/1.5,2.45,1.48,3.4,0.26,0.08,3.41,0.15,0.04,1.99,0.11,0.05,16,6%,31%,63%,2,1,3,3,3,6,H,D,6.81
184,20190727,87,2.02,3.15,3.25,2.7,1.97,4,1.85,1.99,[+0.0/-0.5],[-0.0/+0.5],4.05,3.5,1.68,[-1],[+1],2.0/2.5,1.85,1.85,1.0/1.5,2.8,1.38,2.01,0.06,0.03,3.21,0.09,0.03,3.55,0.14,0.04,187,45%,34%,21%,1,0,1,2,1,3,H,A,6.75
185,20190727,87,2.7,3.5,2.15,3.35,2.15,2.75,1.82,2.02,[+0.0/+0.5],[-0.0/-0.5],1.6,3.85,4.1,[+1],[-1],3.5/3.5,2.92,1.35,1.5/1.5,2.7,1.4,2.77,0.1,0.04,3.32,0.12,0.03,2.33,0.07,0.03,27,33%,19%,48%,1,1,1,3,2,4,D,A,6.09
186,20190727,87,7,4,1.37,6.75,2.15,1.94,2.02,1.82,[+1.0/+1.0],[-1.0/-1.0],2.8,3.25,2.15,[+1],[-1],2.5/2.5,2,1.72,1.5/1.5,3.2,1.3,5.77,0.57,0.1,3.62,0.14,0.04,1.56,0.07,0.05,3,33%,0%,67%,1,1,1,2,2,3,D,A,9.4
188,20190727,55,1.38,4.2,6.25,1.88,2.28,6.3,2.14,1.73,[-1.0/-1.5],[+1.0/+1.5],2.28,3.3,2.6,[-1],[+1],2.5/3.0,2.02,1.7,1.0/1.5,2.3,1.54,1.47,0.05,0.03,4.06,0.18,0.04,6.37,0.42,0.07,21,67%,24%,10%,0,0,3,1,0,4,D,H,10.43
189,20190727,87,1.77,3.7,3.45,2.35,2.2,4.05,2.13,1.74,[-0.5/-1.0],[+0.5/+1.0],3.1,3.6,1.9,[-1],[+1],2.5/3.0,1.8,1.9,1.0/1.5,2.15,1.62,5.25,0.27,0.05,4.22,0.15,0.03,1.47,0.03,0.02,0,0%,0%,0%,0,0,1,0,0,1,D,H,9.47
190,20190727,87,1.65,3.9,3.85,2.2,2.3,4.2,NaN,NaN,NaN,NaN,2.75,3.6,2.05,[-1],[+1],3.5/3.5,2.55,1.45,1.5/1.5,2.45,1.48,1.88,0.09,0.05,3.55,0.14,0.04,3.62,0.26,0.07,6,17%,0%,83%,2,0,4,0,2,4,H,H,7.18
191,20190727,87,3.35,3.2,1.95,4.1,1.95,2.7,2.01,1.83,[+0.0/+0.5],[-0.0/-0.5],1.72,3.45,3.9,[+1],[-1],2.5/2.5,2.25,1.57,1.5/1.5,3.6,1.24,3.13,0.24,0.08,2.93,0.11,0.04,2.34,0.22,0.09,69,26%,28%,46%,1,0,1,1,1,2,H,D,6.06
192,20190727,87,3.45,3.2,1.92,4.3,1.93,2.65,NaN,NaN,NaN,NaN,1.75,3.4,3.8,[+1],[-1],2.5/2.5,2.1,1.65,1.5/1.5,3.4,1.27,3.37,0.16,0.05,3.14,0.09,0.03,2.1,0.09,0.04,114,21%,36%,43%,0,0,0,2,0,2,D,A,6.51
193,20190727,87,2.65,3.45,2.2,3.25,2.1,2.9,NaN,NaN,NaN,NaN,1.57,3.85,4.3,[+1],[-1],2.5/2.5,1.78,1.92,1.5/1.5,2.88,1.36,5.25,0.27,0.05,4.22,0.15,0.03,1.47,0.03,0.02,0,0%,0%,0%,0,2,1,2,2,3,A,A,9.47
194,20190727,87,1.39,4.2,6,1.9,2.3,6,NaN,NaN,NaN,NaN,2.15,3.4,2.7,[-1],[+1],2.5/2.5,1.72,2,1.5/1.5,2.75,1.39,1.53,0.05,0.03,3.84,0.15,0.04,5.74,0.38,0.07,28,71%,14%,14%,1,1,2,1,2,3,D,H,9.58
195,20190727,87,2.75,3,2.35,3.65,1.85,3.2,NaN,NaN,NaN,NaN,1.5,3.7,5.2,[+1],[-1],2.5/2.5,2.45,1.48,1.5/1.5,3.9,1.21,3.34,0.13,0.04,3.25,0.14,0.04,2.01,0.05,0.03,71,25%,34%,41%,0,1,3,1,1,4,A,H,6.59
196,20190727,87,2.45,3.25,2.45,3.1,2.07,3.1,1.98,1.86,[+0.0/+0.0],[-0.0/-0.0],5.05,4,1.47,[-1],[+1],2.5/2.5,1.92,1.78,1.5/1.5,3.12,1.31,2.39,0.13,0.06,3.21,0.1,0.03,2.79,0.22,0.08,159,37%,30%,34%,1,0,1,0,1,1,H,H,6
197,20190727,72,12,7.3,1.11,8.5,3.25,1.42,NaN,NaN,NaN,NaN,2.4,4.15,2.12,[+2],[-2],3.5/3.5,1.62,2.15,2.5/2.5,3.2,1.3,10.42,2.18,0.21,6.26,1.09,0.17,1.21,0.07,0.06,3,0%,0%,100%,0,0,1,3,0,4,D,A,16.68
198,20190727,122,2.18,2.95,3.05,3,1.85,3.95,2.02,1.82,[+0.0/-0.5],[-0.0/+0.5],4.6,3.6,1.58,[-1],[+1],2.0/2.5,2.02,1.7,1.5/1.5,3.3,1.28,2.35,0.07,0.03,3,0.11,0.04,3.08,0.11,0.03,62,40%,37%,23%,2,1,2,1,3,3,H,H,6.08
199,20190727,54,2.65,3.2,2.3,3.3,2.05,2.95,1.74,2.13,[+0.0/+0.5],[-0.0/-0.5],1.52,3.9,4.7,[+1],[-1],2.5/2.5,1.9,1.8,1.5/1.5,2.75,1.39,2.69,0.12,0.05,3.23,0.13,0.04,2.49,0.11,0.04,118,36%,31%,33%,0,0,0,1,0,1,D,A,5.92
200,20190727,72,1.66,3.8,3.85,2.15,2.4,4.05,1.96,1.81,[-0.5/-1.0],[+0.5/+1.0],2.75,3.7,2.02,[-1],[+1],2.5/2.5,1.48,2.45,1.0/1.5,1.95,1.75,1.67,0.04,0.03,3.86,0.18,0.05,4.26,0.28,0.07,6,67%,17%,17%,1,0,1,1,1,2,H,D,8.13
201,20190727,103,3.2,2.9,2.15,4.1,1.85,2.9,1.87,1.97,[+0.0/+0.5],[-0.0/-0.5],1.59,3.55,4.6,[+1],[-1],2.5/2.5,2.35,1.52,1.5/1.5,3.4,1.27,2.79,0.1,0.04,2.91,0.1,0.04,2.63,0.09,0.03,108,28%,36%,36%,1,0,1,2,1,3,H,A,5.69
202,20190727,122,4.65,3.4,1.63,4.7,2.1,2.27,NaN,NaN,NaN,NaN,2.1,3.25,2.9,[+1],[-1],2.5/2.5,2.05,1.68,1.5/1.5,2.95,1.34,4.66,0.32,0.07,3.43,0.15,0.04,1.74,0.08,0.04,24,33%,21%,46%,1,0,2,0,1,2,H,H,8.09
203,20190727,54,1.8,3.55,3.5,2.3,2.25,4,2.23,1.68,[-0.5/-1.0],[+0.5/+1.0],3.15,3.6,1.88,[-1],[+1],2.5/3.0,1.85,1.85,1.5/1.5,2.4,1.5,1.94,0.08,0.04,3.48,0.15,0.04,3.57,0.22,0.06,92,44%,33%,24%,0,1,1,1,1,2,A,D,7.05
204,20190727,54,2.3,3.15,2.7,2.95,2,3.45,1.77,2.09,[+0.0/+0.0],[-0.0/-0.0],4.7,3.85,1.53,[-1],[+1],2.5/2.5,2,1.72,1.5/1.5,2.82,1.37,2.56,0.11,0.04,3.17,0.13,0.04,2.66,0.11,0.04,159,38%,32%,31%,0,0,1,3,0,4,D,A,5.83