H,HSD,HCV,D,DSD,DCV,A,ASD,ACV,Goal,Result
4.317,0.232,0.054,3.661,0.13,0.036,1.713,0.046,0.027,2-2',D
1.467,0.068,0.046,4.316,0.342,0.079,5.612,0.677,0.121,2-1',H
1.488,0.037,0.025,3.854,0.156,0.041,6.475,0.526,0.081,2-1',H
2.022,0.088,0.043,3.5,0.134,0.038,3.333,0.234,0.07,2-1',H
3.629,0.224,0.062,3.423,0.113,0.033,1.946,0.068,0.035,0-4',A
1.327,0.053,0.04,5.022,0.382,0.076,7.781,1.044,0.134,4-1',H
1.218,0.048,0.039,5.859,0.52,0.089,10.895,2.417,0.222,3-1',H
1.105,0.022,0.02,8.262,0.868,0.105,17.572,3.551,0.202,4-0',H
1.713,0.056,0.033,3.536,0.123,0.035,4.519,0.335,0.074,2-3',A
1.854,0.086,0.047,3.421,0.134,0.039,3.897,0.349,0.09,3-1',H
1.928,0.096,0.05,3.37,0.149,0.044,3.672,0.232,0.063,1-2',A
1.129,0.029,0.026,7.541,0.697,0.092,15.213,2.486,0.163,2-1',H
2.937,0.116,0.04,2.979,0.083,0.028,2.51,0.086,0.034,0-1',A
2.038,0.089,0.044,3.175,0.125,0.039,3.523,0.303,0.086,2-0',H
2.867,0.132,0.046,2.866,0.112,0.039,2.537,0.107,0.042,0-1',A
1.559,0.043,0.028,4.101,0.181,0.044,5.224,0.476,0.091,5-0',H
1.524,0.101,0.066,4.274,0.297,0.07,5.514,0.667,0.121,4-0',H
1.739,0.118,0.068,3.768,0.194,0.051,4.332,0.595,0.137,2-2',D
1.774,0.102,0.057,3.817,0.181,0.047,4.005,0.29,0.073,3-1',H
1.233,0.024,0.02,5.356,0.35,0.065,11.551,1.742,0.151,2-0',H
1.431,0.035,0.024,3.891,0.16,0.041,7.425,0.806,0.109,1-1',D
2.319,0.071,0.031,2.823,0.087,0.031,3.275,0.158,0.048,1-0',H
3.641,0.502,0.138,3.425,0.129,0.038,1.917,0.134,0.07,1-2',A
1.6,0.047,0.029,4.027,0.176,0.044,4.375,0.244,0.056,2-1',H
1.202,0.037,0.031,6.05,0.489,0.081,10.381,1.414,0.136,2-1',H
1.104,0.047,0.042,8.675,1.422,0.164,15.419,3.342,0.217,0-2',A
2.618,0.096,0.037,3.157,0.106,0.034,2.516,0.096,0.038,2-1',H
2.984,0.117,0.039,3.328,0.08,0.024,2.145,0.038,0.018,2-4',A
2.557,0.089,0.035,3.367,0.122,0.036,2.554,0.083,0.032,1-4',A
2.389,0.086,0.036,2.822,0.079,0.028,3.177,0.164,0.052,0-1',A
2.022,0.044,0.022,3.532,0.119,0.034,3.131,0.118,0.038,2-1',H
8.268,2.086,0.252,5.354,0.729,0.136,1.286,0.08,0.062,1-0',H
2.255,0.176,0.078,3.31,0.108,0.033,2.865,0.281,0.098,1-0',H
1.444,0.04,0.028,4.244,0.183,0.043,6.046,0.775,0.128,4-0',H
2.621,0.139,0.053,2.897,0.121,0.042,2.915,0.157,0.054,0-1',A
2.323,0.119,0.051,3.254,0.141,0.043,2.853,0.1,0.035,1-3',A
2.018,0.084,0.042,3.691,0.179,0.048,3.045,0.174,0.057,2-3',A
3.42,0.319,0.093,3.944,0.212,0.054,1.892,0.113,0.06,3-2',H
1.922,0.088,0.046,3.378,0.1,0.03,3.689,0.336,0.091,1-0',H
1.769,0.064,0.036,3.618,0.168,0.046,4.151,0.199,0.048,5-2',H
2.515,0.089,0.036,3.642,0.173,0.047,2.428,0.113,0.047,0-2',A
3.963,0.238,0.06,3.224,0.135,0.042,1.923,0.093,0.049,2-2',D
1.989,0.07,0.035,3.522,0.172,0.049,3.366,0.143,0.042,2-2',D
1.59,0.045,0.028,3.637,0.119,0.033,5.352,0.337,0.063,2-1',H
2.311,0.069,0.03,3.252,0.103,0.032,2.856,0.088,0.031,3-0',H
3.064,0.158,0.052,3.35,0.134,0.04,2.156,0.143,0.066,1-0',H
3.129,0.289,0.092,3.379,0.141,0.042,2.178,0.281,0.129,1-0',H
1.628,0.052,0.032,3.625,0.197,0.054,5.198,0.516,0.099,2-1',H
1.736,0.045,0.026,3.54,0.163,0.046,4.462,0.249,0.056,0-0',D
2.593,0.124,0.048,3.109,0.131,0.042,2.659,0.101,0.038,1-3',A
3.004,0.193,0.064,3.304,0.132,0.04,2.243,0.096,0.043,0-2',A
1.743,0.048,0.027,3.471,0.135,0.039,4.392,0.218,0.05,1-0',H
1.28,0.034,0.026,5.062,0.192,0.038,7.647,0.633,0.083,3-2',H
2.585,0.079,0.031,3.398,0.109,0.032,2.445,0.124,0.051,2-2',D
2.248,0.092,0.041,3.134,0.117,0.037,3.09,0.277,0.09,3-2',H
3.84,0.201,0.052,3.511,0.109,0.031,1.838,0.072,0.039,2-4',A
2.205,0.062,0.028,3.363,0.114,0.034,2.961,0.126,0.043,2-2',D
1.702,0.043,0.025,3.527,0.127,0.036,4.59,0.256,0.056,1-2',A
4.517,0.682,0.151,3.296,0.209,0.063,1.818,0.154,0.085,2-3',A
2.14,0.065,0.03,3.49,0.122,0.035,3.064,0.117,0.038,1-0',H
6.07,0.507,0.084,4.464,0.193,0.043,1.443,0.032,0.022,0-0',D
2.496,0.138,0.055,3.015,0.128,0.043,2.852,0.203,0.071,2-3',A
2.257,0.08,0.035,3.172,0.115,0.036,3.113,0.173,0.056,2-1',H
1.895,0.145,0.077,3.504,0.161,0.046,3.783,0.471,0.124,4-0',H
1.607,0.053,0.033,3.506,0.149,0.042,5.67,0.39,0.069,2-0',H
1.942,0.053,0.027,3.515,0.111,0.032,3.4,0.167,0.049,2-2',D
1.274,0.023,0.018,5.201,0.256,0.049,8.62,0.964,0.112,2-0',H
1.482,0.05,0.034,3.821,0.215,0.056,6.849,0.659,0.096,2-1',H
4.335,0.301,0.069,3.462,0.142,0.041,1.777,0.071,0.04,0-1',A
2.589,0.264,0.102,3.127,0.144,0.046,2.702,0.305,0.113,1-2',A
2.144,0.051,0.024,3.268,0.114,0.035,3.125,0.117,0.037,3-1',H
1.601,0.281,0.176,4.225,0.739,0.175,5.99,2.623,0.438,3-0',H
1.975,0.107,0.054,3.222,0.115,0.036,3.843,0.363,0.095,0-0',D
3.78,0.398,0.105,3.067,0.122,0.04,1.986,0.128,0.064,1-1',D
2.373,0.097,0.041,3.229,0.125,0.039,2.79,0.235,0.084,1-1',D
2.02,0.062,0.031,3.57,0.11,0.031,3.314,0.128,0.039,3-0',H
4.075,0.261,0.064,3.258,0.137,0.042,1.902,0.085,0.045,2-0',H
2.737,0.257,0.094,3.079,0.11,0.036,2.594,0.222,0.086,0-4',A
2.148,0.066,0.031,3.032,0.104,0.034,3.511,0.172,0.049,1-1',D
2.495,0.116,0.047,3.186,0.126,0.04,2.663,0.094,0.035,0-2',A
2.407,0.068,0.028,3.339,0.119,0.036,2.668,0.09,0.034,1-3',A
1.66,0.059,0.036,4.065,0.202,0.05,4.38,0.324,0.074,2-0',H
1.973,0.099,0.05,3.442,0.13,0.038,3.602,0.367,0.102,2-1',H
1.717,0.084,0.049,3.982,0.244,0.061,4.123,0.295,0.072,1-3',A
2.706,0.126,0.046,3.586,0.121,0.034,2.337,0.109,0.047,3-1',H
2.306,0.089,0.038,3.193,0.123,0.039,2.919,0.119,0.041,4-2',H
1.741,0.078,0.045,3.794,0.186,0.049,4.203,0.309,0.073,0-2',A
2.956,0.142,0.048,3.671,0.226,0.061,2.145,0.098,0.046,1-2',A
1.829,0.102,0.056,3.753,0.237,0.063,3.83,0.381,0.1,1-1',D
2.693,0.202,0.075,3.633,0.2,0.055,2.332,0.169,0.073,1-3',A
2.722,0.165,0.061,3.16,0.132,0.042,2.464,0.107,0.043,0-0',D
1.431,0.032,0.022,4.139,0.23,0.056,6.753,0.557,0.083,4-2',H
2.261,0.075,0.033,3.169,0.069,0.022,2.867,0.074,0.026,3-1',H
2.835,0.18,0.064,3.063,0.096,0.031,2.442,0.2,0.082,0-3',A
2.287,0.082,0.036,2.958,0.081,0.027,3.168,0.142,0.045,1-0',H
2.748,0.066,0.024,3.099,0.1,0.032,2.481,0.064,0.026,2-0',H
1.81,0.05,0.028,3.343,0.117,0.035,4.209,0.273,0.065,1-2',A
1.793,0.052,0.029,3.59,0.134,0.037,3.95,0.278,0.07,2-1',H
2.082,0.054,0.026,3.414,0.103,0.03,3.255,0.15,0.046,2-3',A
1.514,0.071,0.047,3.923,0.319,0.081,6.019,0.46,0.077,1-0',H
1.284,0.059,0.046,5.208,0.538,0.103,8.989,1.285,0.143,1-1',D
1.29,0.041,0.032,4.773,0.347,0.073,10.38,1.449,0.14,2-1',H
2.811,0.215,0.076,2.987,0.104,0.035,2.589,0.202,0.078,0-1',A
1.96,0.103,0.052,3.473,0.107,0.031,3.4,0.238,0.07,1-2',A
1.698,0.071,0.042,3.654,0.167,0.046,4.579,0.337,0.074,3-0',H
1.465,0.069,0.047,4.157,0.228,0.055,6.378,0.893,0.14,2-1',H
1.573,0.044,0.028,3.764,0.165,0.044,5.288,0.35,0.066,0-2',A
1.468,0.061,0.042,4.226,0.224,0.053,6.122,0.577,0.094,2-1',H
6.253,0.737,0.118,3.945,0.242,0.061,1.497,0.053,0.035,0-2',A
1.62,0.067,0.042,3.683,0.222,0.06,5.274,0.348,0.066,2-2',D
2.71,0.132,0.049,2.918,0.103,0.035,2.722,0.131,0.048,1-1',D
1.557,0.053,0.034,4.169,0.205,0.049,5.117,0.422,0.083,2-0',H
2.169,0.132,0.061,3.072,0.104,0.034,3.436,0.269,0.078,0-0',D
2.539,0.259,0.102,3.545,0.189,0.053,2.523,0.257,0.102,0-2',A
2.139,0.072,0.033,3.155,0.151,0.048,3.065,0.185,0.06,1-2',A
1.874,0.084,0.045,3.751,0.165,0.044,3.38,0.249,0.074,1-2',A
2.116,0.103,0.049,3.613,0.162,0.045,3.045,0.138,0.045,0-1',A
2.105,0.091,0.043,3.183,0.125,0.039,3.332,0.205,0.062,3-0',H
2.355,0.055,0.023,3.28,0.101,0.031,2.611,0.041,0.016,1-2',A
1.9,0.073,0.038,3.676,0.218,0.059,3.593,0.185,0.051,1-2',A
3.378,0.176,0.052,3.03,0.115,0.038,2.185,0.078,0.036,0-1',A
1.482,0.044,0.03,4.405,0.223,0.051,5.566,0.423,0.076,5-2',H
1.436,0.061,0.042,3.9,0.246,0.063,7.945,1.124,0.142,4-0',H
2.266,0.129,0.057,3.466,0.144,0.042,2.757,0.177,0.064,1-2',A
2.516,0.096,0.038,3.191,0.12,0.038,2.623,0.125,0.048,2-2',D
2.427,0.076,0.032,3.157,0.111,0.035,2.798,0.102,0.037,0-0',D
1.651,0.105,0.063,3.672,0.209,0.057,4.948,0.638,0.129,3-2',H
7.47,1.249,0.167,4.879,0.297,0.061,1.343,0.052,0.039,0-2',A
1.527,0.089,0.058,4.125,0.291,0.071,5.192,0.827,0.159,3-0',H
2.393,0.218,0.091,3.031,0.194,0.064,2.985,0.284,0.095,1-0',H
1.678,0.103,0.061,3.402,0.209,0.062,5.315,0.581,0.109,0-0',D
2.046,0.067,0.033,3.738,0.144,0.039,3.117,0.134,0.043,2-2',D
3.575,0.47,0.132,3.253,0.167,0.051,2.049,0.176,0.086,2-2',D
1.816,0.118,0.065,3.385,0.18,0.053,4.293,0.465,0.108,3-1',H
1.974,0.047,0.024,3.01,0.097,0.032,4.021,0.254,0.063,1-2',A
1.785,0.103,0.058,3.869,0.17,0.044,3.911,0.343,0.088,1-0',H
11.34,1.46,0.129,6.276,0.371,0.059,1.208,0.03,0.025,0-0',D
1.655,0.046,0.028,3.629,0.133,0.037,4.824,0.273,0.057,2-2',D
1.897,0.141,0.074,3.57,0.165,0.046,3.77,0.384,0.102,1-1',D
1.922,0.132,0.069,3.359,0.211,0.063,3.798,0.321,0.085,2-1',H
2.172,0.09,0.041,3.17,0.108,0.034,3.219,0.203,0.063,1-0',H
2.467,0.176,0.071,3.128,0.109,0.035,2.795,0.225,0.08,2-1',H
1.314,0.062,0.047,5.042,0.423,0.084,8.372,2.131,0.255,2-0',H
2.963,0.266,0.09,3.166,0.173,0.055,2.332,0.13,0.056,1-1',D
2.69,0.11,0.041,2.957,0.163,0.055,2.682,0.086,0.032,0-1',A
1.751,0.111,0.064,3.285,0.222,0.068,4.959,0.666,0.134,0-0',D
3.633,0.285,0.079,3.734,0.174,0.047,1.877,0.123,0.066,1-2',A
2.283,0.14,0.061,3.072,0.137,0.045,3.162,0.306,0.097,0-1',A
3.128,0.409,0.131,2.983,0.133,0.045,2.387,0.219,0.092,2-0',H
2.554,0.085,0.033,2.909,0.096,0.033,2.834,0.095,0.034,0-1',A
3.108,0.331,0.107,3.265,0.254,0.078,2.188,0.258,0.118,0-1',A
2.579,0.152,0.059,3.454,0.135,0.039,2.493,0.112,0.045,1-2',A
2.094,0.086,0.041,3.222,0.116,0.036,3.315,0.253,0.076,3-0',H
1.167,0.046,0.039,6.652,0.907,0.136,12.261,2.045,0.167,1-1',D
2.417,0.19,0.079,3.241,0.123,0.038,2.734,0.234,0.085,2-0',H
1.587,0.04,0.025,3.789,0.147,0.039,5.002,0.347,0.069,0-0',D
1.312,0.057,0.043,5,0.671,0.134,7.909,0.966,0.122,3-1',H
1.083,0.045,0.042,9.72,3.117,0.321,21.209,10.862,0.512,2-0',H
1.234,0.046,0.038,5.994,0.543,0.091,8.953,2.262,0.253,3-0',H
1.068,0.025,0.023,9.962,1.5,0.151,21.157,9.265,0.438,4-0',H
1.542,0.041,0.026,3.555,0.146,0.041,6.495,0.519,0.08,2-0',H
1.286,0.025,0.02,4.696,0.27,0.057,10.501,1.602,0.153,2-0',H
1.391,0.035,0.025,4.125,0.194,0.047,8.075,0.932,0.115,1-0',H
3.626,0.269,0.074,3.556,0.14,0.039,1.845,0.076,0.041,2-6',A
1.736,0.069,0.04,3.429,0.129,0.038,4.673,0.288,0.062,2-0',H
2.6,0.075,0.029,2.892,0.1,0.035,2.835,0.091,0.032,2-2',D
2.615,0.087,0.033,3.047,0.101,0.033,2.691,0.085,0.032,1-0',H
1.866,0.052,0.028,3.277,0.117,0.036,4.151,0.245,0.059,3-0',H
1.809,0.051,0.028,3.306,0.116,0.035,4.41,0.287,0.065,3-3',D
1.982,0.054,0.027,3.145,0.117,0.037,3.85,0.214,0.056,0-0',D
2.832,0.091,0.032,2.951,0.107,0.036,2.558,0.086,0.034,0-2',A
2.648,0.084,0.032,2.952,0.109,0.037,2.727,0.09,0.033,2-0',H
3.232,0.153,0.047,2.917,0.102,0.035,2.321,0.068,0.029,0-0',D
1.483,0.041,0.028,4.36,0.188,0.043,5.602,0.343,0.061,2-1',H
1.813,0.066,0.036,3.547,0.135,0.038,4.033,0.199,0.049,2-1',H
2.13,0.095,0.044,3.608,0.134,0.037,3.03,0.163,0.054,3-7',A
1.698,0.048,0.028,3.861,0.164,0.043,4.34,0.24,0.055,3-1',H
1.581,0.042,0.026,3.565,0.125,0.035,6.015,0.443,0.074,0-0',D
2.004,0.059,0.029,3.422,0.116,0.034,3.326,0.132,0.04,0-1',A
1.912,0.112,0.059,3.314,0.089,0.027,3.795,0.297,0.078,2-2',D
1.479,0.05,0.034,4.543,0.232,0.051,5.5,0.314,0.057,4-3',H
3.399,0.257,0.076,3.415,0.15,0.044,1.988,0.105,0.053,3-3',D
2.006,0.062,0.031,3.206,0.091,0.028,3.547,0.144,0.041,1-2',A
2.769,0.099,0.036,3.321,0.116,0.035,2.332,0.068,0.029,1-3',A
5.773,0.569,0.099,3.623,0.145,0.04,1.563,0.071,0.046,1-2',A
8.582,0.947,0.11,5.713,0.388,0.068,1.243,0.029,0.023,0-2',A
1.466,0.045,0.031,4.058,0.182,0.045,6.369,0.424,0.067,3-1',H
5.252,0.269,0.051,4.22,0.146,0.035,1.471,0.031,0.021,1-0',H
1.879,0.092,0.049,3.552,0.137,0.039,3.624,0.261,0.072,4-0',H
3.126,0.24,0.077,2.934,0.109,0.037,2.344,0.218,0.093,1-1',D
3.373,0.161,0.048,3.139,0.088,0.028,2.103,0.093,0.044,0-2',A
5.252,0.269,0.051,4.22,0.146,0.035,1.471,0.031,0.021,1-2',A
1.526,0.053,0.035,3.836,0.154,0.04,5.744,0.375,0.065,2-1',H
3.337,0.128,0.038,3.253,0.136,0.042,2.006,0.05,0.025,3-1',H
2.387,0.134,0.056,3.213,0.101,0.031,2.787,0.224,0.08,1-0',H
10.423,2.179,0.209,6.257,1.086,0.174,1.207,0.072,0.059,1-3',A
2.352,0.072,0.031,3.003,0.113,0.038,3.08,0.108,0.035,2-1',H
2.692,0.123,0.046,3.231,0.134,0.041,2.495,0.105,0.042,0-1',A
1.666,0.043,0.026,3.865,0.176,0.046,4.264,0.281,0.066,1-1',D
2.788,0.098,0.035,2.907,0.105,0.036,2.63,0.091,0.035,1-2',A
4.656,0.318,0.068,3.432,0.151,0.044,1.741,0.075,0.043,2-0',H
1.944,0.075,0.039,3.476,0.147,0.042,3.573,0.223,0.062,1-1',D
2.559,0.113,0.044,3.174,0.126,0.04,2.656,0.11,0.041,1-3',A
3.534,0.186,0.053,3.145,0.127,0.04,2.086,0.066,0.032,0-2',A
2.294,0.118,0.051,3.108,0.131,0.042,3.099,0.191,0.062,2-0',H
1.842,0.076,0.041,3.491,0.137,0.039,3.794,0.403,0.106,2-3',A
2.173,0.079,0.036,3.364,0.122,0.036,2.968,0.125,0.042,3-3',D
1.335,0.058,0.044,4.761,0.385,0.081,7.434,1.235,0.166,4-1',H
3.828,0.166,0.043,3.661,0.134,0.037,1.828,0.055,0.03,0-2',A
1.381,0.043,0.031,4.536,0.235,0.052,7.239,0.627,0.087,3-0',H
5.009,0.366,0.073,3.726,0.26,0.07,1.635,0.079,0.048,1-6',A
1.802,0.06,0.034,3.888,0.157,0.04,3.809,0.305,0.08,2-0',H
1.923,0.063,0.033,3.121,0.124,0.04,4.223,0.238,0.056,0-1',A
1.859,0.077,0.041,3.427,0.133,0.039,3.794,0.257,0.068,1-3',A
1.826,0.072,0.04,3.558,0.134,0.038,3.976,0.222,0.056,0-1',A
1.725,0.214,0.124,3.558,0.692,0.195,5.128,1.058,0.206,3-2',H
2.481,0.191,0.077,3.34,0.138,0.041,2.585,0.194,0.075,1-1',D
1.455,0.077,0.053,4.095,0.323,0.079,6.962,0.957,0.138,1-1',D
1.855,0.055,0.029,3.186,0.137,0.043,4.422,0.285,0.064,1-1',D
1.932,0.111,0.058,3.274,0.173,0.053,3.927,0.249,0.063,0-2',A
2.391,0.103,0.043,3.156,0.129,0.041,2.915,0.15,0.051,1-2',A
1.738,0.06,0.035,3.508,0.167,0.048,4.589,0.371,0.081,1-0',H
3.24,0.298,0.092,2.934,0.103,0.035,2.339,0.148,0.063,1-1',D
1.621,0.082,0.051,4.01,0.164,0.041,4.764,0.494,0.104,4-1',H
1.648,0.066,0.04,3.769,0.222,0.059,4.861,0.433,0.089,2-3',A
1.691,0.071,0.042,3.968,0.203,0.051,4.263,0.224,0.053,0-0',D
1.755,0.052,0.03,3.706,0.141,0.038,4.172,0.172,0.041,0-0',D
2.037,0.086,0.042,3.596,0.128,0.036,3.225,0.17,0.053,0-1',A
1.368,0.04,0.029,4.837,0.233,0.048,7.05,0.561,0.08,0-0',D
2.391,0.113,0.047,3.452,0.155,0.045,2.699,0.13,0.048,4-0',H
1.348,0.049,0.037,5.07,0.305,0.06,7.209,0.732,0.102,2-1',H
2.236,0.077,0.035,3.356,0.107,0.032,2.886,0.138,0.048,0-0',D
1.918,0.064,0.034,3.339,0.111,0.033,3.68,0.212,0.058,3-1',H
1.467,0.091,0.062,4.574,0.339,0.074,5.752,0.792,0.138,3-1',H
1.881,0.083,0.044,3.463,0.148,0.043,3.726,0.385,0.103,1-1',D
1.902,0.061,0.032,3.318,0.135,0.041,3.776,0.244,0.065,1-1',D
1.612,0.06,0.037,4.105,0.201,0.049,4.669,0.271,0.058,4-0',H
5.968,0.67,0.1123,3.717,0.236,0.0636,1.552,0.071,0.046,0-2',A
1.661,0.063,0.0377,3.577,0.185,0.0516,5.002,0.386,0.077,1-1',D
1.343,0.034,0.025,4.799,0.228,0.0475,7.745,0.714,0.092,1-2',A
2.363,0.139,0.0587,3.11,0.117,0.0375,2.981,0.201,0.067,2-0',H
4.289,0.459,0.1069,3.522,0.221,0.0627,1.785,0.117,0.065,0-0',D
2.823,0.23,0.0815,3.044,0.113,0.0372,2.516,0.178,0.071,2-3',A
2.126,0.071,0.0335,3.297,0.113,0.0342,3.24,0.14,0.043,0-2',A
2.305,0.086,0.0371,3.363,0.123,0.0365,2.839,0.104,0.037,3-1',H
2.336,0.079,0.0339,3.262,0.127,0.0389,2.863,0.105,0.037,1-2',A
2.349,0.132,0.0563,3.103,0.127,0.0409,3.027,0.199,0.066,0-0',D
1.957,0.076,0.039,3.005,0.125,0.0415,4.266,0.26,0.061,1-0',H
1.978,0.096,0.0486,3.512,0.148,0.0421,3.297,0.219,0.066,1-0',H
1.631,0.041,0.0254,3.934,0.178,0.0452,4.51,0.23,0.051,1-2',A
2.336,0.098,0.0417,3.335,0.136,0.0406,2.825,0.122,0.043,0-0',D
2.92,0.103,0.0354,3.344,0.116,0.0347,2.266,0.066,0.029,1-1',D
2.362,0.153,0.0647,3.132,0.106,0.0337,2.955,0.225,0.076,1-0',H
2.025,0.078,0.0385,3.461,0.107,0.031,3.206,0.135,0.042,0-3',A
1.641,0.049,0.0297,3.442,0.15,0.0436,5.598,0.418,0.075,2-0',H
1.944,0.088,0.0451,3.317,0.124,0.0373,3.621,0.303,0.084,3-6',A
1.969,0.054,0.0274,3.37,0.127,0.0376,3.481,0.177,0.051,2-0',H
3.365,0.166,0.0493,3.434,0.144,0.042,2.033,0.073,0.036,1-4',A
2.89,0.102,0.0354,2.911,0.112,0.0383,2.576,0.097,0.038,1-0',H
2.763,0.08,0.0289,3.506,0.116,0.0332,2.327,0.065,0.028,0-1',A
1.567,0.091,0.0583,3.777,0.24,0.0635,5.758,0.643,0.112,3-2',H
1.29,0.029,0.0225,4.842,0.378,0.0781,10.234,1.222,0.119,3-1',H
4.094,0.298,0.0727,3.412,0.135,0.0396,1.806,0.077,0.043,0-1',A
2.476,0.091,0.0365,2.891,0.095,0.033,3.015,0.121,0.04,0-1',A
1.574,0.049,0.031,3.87,0.159,0.041,5.082,0.349,0.069,0-0',D
2.562,0.109,0.0424,2.902,0.136,0.047,2.906,0.206,0.071,1-3',A
2.404,0.106,0.0441,3.296,0.169,0.0513,2.77,0.14,0.051,0-0',D
3.021,0.243,0.0805,3.384,0.127,0.0374,2.155,0.107,0.049,1-0',H
1.547,0.044,0.0284,3.654,0.157,0.0431,6.294,0.485,0.077,0-0',D
1.59,0.042,0.0265,3.847,0.189,0.049,4.935,0.296,0.06,3-0',H
3.422,0.219,0.064,3.225,0.13,0.0402,2.045,0.066,0.032,2-0',H
2.005,0.065,0.0322,3.247,0.096,0.0295,3.489,0.167,0.048,2-0',H
2.454,0.076,0.0309,2.982,0.136,0.0455,2.934,0.144,0.049,1-0',H
2.129,0.174,0.0816,3.175,0.143,0.0449,3.447,0.402,0.117,2-1',H
1.823,0.061,0.0332,3.548,0.155,0.0438,3.976,0.178,0.045,1-4',A
2.31,0.121,0.0525,3.298,0.121,0.0367,2.896,0.153,0.053,1-1',D
1.995,0.062,0.0313,3.001,0.117,0.0391,4.038,0.271,0.067,3-0',H
2.688,0.095,0.0353,2.971,0.12,0.0405,2.68,0.118,0.044,1-0',H
4.333,0.328,0.0756,3.32,0.165,0.0498,1.826,0.084,0.046,0-0',D
2.071,0.067,0.0325,3.108,0.109,0.0351,3.607,0.175,0.049,1-2',A
2.416,0.07,0.0291,3.291,0.219,0.0665,2.7,0.101,0.037,0-2',A
2.659,0.142,0.0534,3.333,0.242,0.0727,2.432,0.079,0.033,1-1',D
2.583,0.155,0.06,3.219,0.301,0.0934,2.576,0.082,0.032,1-0',H
2.02,0.113,0.0561,3.389,0.098,0.029,3.363,0.241,0.072,3-1',H
1.12,0.017,0.0148,7.668,0.563,0.0735,13.119,1.656,0.126,3-0',H
2.04,0.104,0.051,3.658,0.197,0.054,3.157,0.201,0.064,0-1',A
2.046,0.069,0.0339,3.28,0.149,0.0455,3.411,0.206,0.06,2-2',D
12.731,3.019,0.2371,6.952,0.657,0.0945,1.151,0.03,0.026,0-1',A
2.497,0.087,0.035,3.405,0.16,0.0469,2.546,0.107,0.042,2-1',H
1.767,0.052,0.0292,3.349,0.126,0.0375,4.521,0.355,0.078,4-0',H
2.366,0.143,0.0604,2.972,0.115,0.0387,3.086,0.202,0.065,0-0',D
1.508,0.071,0.0474,3.713,0.199,0.0536,6.575,0.861,0.131,3-2',H
1.303,0.031,0.024,4.598,0.311,0.0676,10.597,1.676,0.158,4-0',H
1.494,0.07,0.0468,3.991,0.233,0.0584,6.278,0.739,0.118,1-1',D
1.782,0.044,0.0249,3.476,0.12,0.0344,4.216,0.206,0.049,3-1',H
1.887,0.116,0.0617,3.281,0.091,0.0276,3.86,0.392,0.102,2-0',H
2.783,0.205,0.0735,3.209,0.112,0.0348,2.357,0.161,0.068,1-1',D
2.971,0.093,0.0313,3.153,0.112,0.0354,2.315,0.078,0.034,3-2',H
2.276,0.071,0.031,3.08,0.076,0.0247,3.052,0.139,0.045,1-1',D
4.289,0.179,0.0416,3.401,0.112,0.033,1.774,0.048,0.027,0-4',A
4.523,0.262,0.0578,3.612,0.129,0.0356,1.687,0.061,0.036,0-0',D
2.594,0.096,0.0372,3.467,0.13,0.0374,2.394,0.063,0.026,0-2',A
2.739,0.131,0.0476,3.208,0.114,0.0357,2.411,0.132,0.055,3-3',D
2.295,0.077,0.0336,3.104,0.095,0.0306,2.99,0.115,0.038,1-1',D
3.16,0.243,0.077,3.001,0.081,0.027,2.273,0.128,0.056,0-0',D
1.682,0.04,0.024,3.469,0.104,0.0299,4.777,0.225,0.047,5-2',H
2.059,0.086,0.0416,3.189,0.099,0.0312,3.43,0.227,0.066,1-4',A
1.397,0.031,0.0218,4.478,0.181,0.0404,6.63,0.472,0.071,2-2',D
2.81,0.096,0.0342,3.306,0.121,0.0366,2.335,0.077,0.033,1-1',D
1.904,0.082,0.0432,3.55,0.129,0.0364,3.535,0.28,0.079,4-1',H
1.925,0.067,0.0347,3.269,0.108,0.0331,3.77,0.23,0.061,1-2',A
2.008,0.051,0.0252,3.517,0.1,0.0285,3.254,0.118,0.036,2-1',H
3.805,0.239,0.0627,3.5,0.11,0.0313,1.86,0.07,0.038,2-1',H
1.932,0.054,0.0278,3.346,0.134,0.04,3.699,0.173,0.047,2-1',H
1.663,0.094,0.0566,3.497,0.19,0.0543,5.071,0.612,0.121,3-0',H
1.848,0.107,0.058,3.405,0.135,0.0396,4.005,0.364,0.091,2-0',H
1.594,0.043,0.0267,3.786,0.255,0.0675,4.926,0.518,0.105,3-1',H
4.193,0.345,0.0823,3.831,0.144,0.0377,1.672,0.062,0.037,1-1',D
1.073,0.019,0.0179,8.939,1.173,0.1312,28.881,9.834,0.341,1-0',H
3.681,0.197,0.0535,3.757,0.168,0.0446,1.787,0.06,0.034,3-5',A
1.758,0.076,0.0431,3.946,0.236,0.0598,3.945,0.292,0.074,2-2',D
1.952,0.058,0.0296,3.06,0.109,0.0357,4.094,0.235,0.058,2-1',H
1.583,0.04,0.025,3.54,0.145,0.0408,5.886,0.457,0.078,2-0',H
1.233,0.035,0.0283,5.404,0.405,0.0749,11.802,1.883,0.16,2-0',H
1.883,0.074,0.0393,3.325,0.141,0.0425,4.013,0.369,0.092,2-0',H
1.545,0.038,0.0249,3.802,0.152,0.04,5.665,0.475,0.084,2-0',H
1.237,0.029,0.0234,5.479,0.282,0.0515,9.319,1.324,0.142,2-1',H
2.005,0.089,0.0444,3.312,0.141,0.0427,3.384,0.182,0.054,1-1',D
1.788,0.059,0.033,3.515,0.124,0.0354,4.075,0.35,0.086,1-1',D
2.711,0.108,0.0397,3.282,0.113,0.0343,2.384,0.076,0.032,0-3',A
2.79,0.152,0.0544,3.361,0.121,0.036,2.297,0.112,0.049,2-1',H
4.019,0.273,0.068,3.445,0.164,0.0477,1.806,0.084,0.046,1-1',D
1.77,0.072,0.0405,3.52,0.153,0.0435,4.169,0.367,0.088,2-1',H
1.441,0.043,0.03,4.022,0.184,0.0457,6.634,0.674,0.102,2-1',H
1.89,0.127,0.067,3.394,0.136,0.0401,3.766,0.385,0.102,1-0',H
16.031,4.466,0.2786,7.807,0.8,0.1024,1.118,0.031,0.028,1-4',A
2.452,0.083,0.034,2.991,0.117,0.0392,2.939,0.141,0.048,0-3',A
4.054,0.247,0.061,3.026,0.096,0.0318,1.958,0.046,0.024,1-2',A
1.96,0.046,0.0235,3.025,0.083,0.0273,4.062,0.242,0.06,3-2',H